sample_id,pb207_u235_ratio,pb207_u235_ratio_2sigma_abs,pb206_u238_ratio,pb206_u238_ratio_2sigma_abs,error_correlation_rho,age_207pb_206pb_ma
1A,18.22190479,0.342163071,0.592987758,0.011134868,0.85,3001.523585
1A,18.2641414,0.43737798,0.593538585,0.014213683,0.85,3003.752256
1A,18.00957149,0.531506525,0.590203075,0.017418337,0.85,2990.244824
1A,18.20517009,0.468260388,0.592769231,0.015246787,0.85,3000.639202
1A,18.19149605,0.345778841,0.592590552,0.011263795,0.85,2999.915994
1A,18.27637736,0.521521907,0.59369797,0.01694135,0.85,3004.39699
1A,18.19932557,0.481467385,0.592692874,0.015679828,0.85,3000.330153
1A,18.23731982,0.265257703,0.593188911,0.008627799,0.85,3002.337547
1A,18.22796676,0.205544844,0.593066878,0.006687627,0.85,3001.843754
1A,18.27628741,0.413652476,0.593696798,0.013437311,0.85,3004.392252
1A,18.17562021,0.310630789,0.592382968,0.010124133,0.85,2999.075688
1A,18.30897665,0.510132442,0.59412219,0.016553683,0.85,3006.112707
1A,18.15264463,0.252190592,0.592082294,0.008225666,0.85,2997.858361
1A,18.24345924,0.198417237,0.593268987,0.006452438,0.85,3002.661546
1A,18.23213155,0.431390083,0.593121224,0.014033829,0.85,3002.063663
1A,18.39656538,0.539942775,0.595259016,0.017470968,0.85,3010.708238
1A,18.14473204,0.315885162,0.591978674,0.010305872,0.85,2997.438786
1A,18.25138944,0.251676206,0.593372388,0.008182265,0.85,3003.079897
1A,18.18231756,0.354811536,0.592470557,0.011561529,0.85,2999.430263
1A,18.11531886,0.423831071,0.591593176,0.01384108,0.85,2995.877594
1A,18.26345869,0.486786264,0.59352969,0.015819682,0.85,3003.716271
1A,18.08271101,0.293795824,0.591165222,0.009604858,0.85,2994.144024
1A,18.13028849,0.473115084,0.591789435,0.015442915,0.85,2996.672451
1A,18.20411521,0.287016313,0.592755451,0.009345716,0.85,3000.583429
1A,18.27562093,0.233837478,0.593688119,0.007596269,0.85,3004.357144
1A,18.25735643,0.185261876,0.593450168,0.006021884,0.85,3003.394568
1A,18.22042847,0.424481634,0.592968486,0.013814397,0.85,3001.445597
1A,18.05585875,0.46249325,0.590812343,0.01513341,0.85,2992.714221
1A,18.14867969,0.387924833,0.592030375,0.012654545,0.85,2997.648137
1A,18.16709738,0.223284554,0.592271468,0.007279373,0.85,2998.624289
1A,18.11142705,0.351758762,0.591542131,0.011488886,0.85,2995.670844
1A,18.03469047,0.456277257,0.590533865,0.014940493,0.85,2991.585651
1A,18.2084721,0.383681422,0.592812363,0.012491498,0.85,3000.813765
1A,18.26042086,0.293609343,0.593490105,0.009542729,0.85,3003.556133
1A,18.16015363,0.340218634,0.592180595,0.011094117,0.85,2998.256375
1A,18.27434405,0.3320553,0.59367149,0.010787351,0.85,3004.289879
1A,18.0728947,0.265288221,0.59103627,0.008675697,0.85,2993.621568
1A,18.10638146,0.282960696,0.59147594,0.009243395,0.85,2995.402739
1A,18.20654949,0.42308981,0.59278725,0.013775386,0.85,3000.712129
1A,18.15274603,0.466125562,0.592083622,0.015203502,0.85,2997.863737
1A,3.553830874,0.041938606,0.185867396,0.00329012,0.85,1539.289058
1A,3.181287113,0.076116772,0.175516465,0.006299218,0.85,1452.626411
1A,5.458784573,0.064157086,0.238795528,0.004209845,0.85,1894.137334
1A,11.89856819,0.349621906,0.417721513,0.018411197,0.85,2596.452569
1A,2.857057877,0.080146324,0.166507927,0.007006333,0.85,1370.67034
1A,5.352200107,0.145217422,0.235834135,0.009598079,0.85,1877.241434
1A,2.969480104,0.068288932,0.169631519,0.005851507,0.85,1399.842748
1A,13.146317,0.169462386,0.452389555,0.00874728,0.85,2690.211004
1A,12.41716173,0.210314386,0.432130361,0.010978745,0.85,2636.477244
1A,4.092886525,0.047700955,0.200844773,0.003511148,0.85,1652.88599
1A,5.027224793,0.077115181,0.226804868,0.005218614,0.85,1823.919045
1A,6.970383352,0.194635516,0.280794502,0.011761028,0.85,2107.663696
1A,11.17189283,0.274157047,0.397531222,0.01463306,0.85,2537.573668
1A,2.912678442,0.061448921,0.168053315,0.005318144,0.85,1385.208065
1A,6.39471457,0.101153876,0.264799849,0.006283048,0.85,2031.54338
1A,4.749597295,0.088826689,0.219091134,0.006146144,0.85,1776.036774
1A,1.881519996,0.038340048,0.139403122,0.004260961,0.85,1074.598093
1A,7.218954328,0.180010345,0.287700915,0.010761075,0.85,2138.846515
1A,8.169584787,0.106741232,0.31411368,0.006156166,0.85,2249.979191
1A,10.05358516,0.295942646,0.366459635,0.016180949,0.85,2439.71653
1A,4.887148806,0.115107864,0.22291293,0.00787546,0.85,1800.04245
1A,11.76834324,0.306947701,0.414103282,0.016201267,0.85,2586.149082
1A,3.223705202,0.063738071,0.176695029,0.005240337,0.85,1462.875314
1A,3.563695902,0.075208099,0.186141491,0.005892484,0.85,1541.486318
1A,3.766586982,0.082566792,0.191778712,0.006305929,0.85,1585.653177
1A,2.119186555,0.025817795,0.146006562,0.002668171,0.85,1155.071583
1A,2.592824033,0.070926129,0.159166329,0.00653094,0.85,1298.612512
1A,3.997410334,0.076262345,0.198192017,0.005671642,0.85,1633.669945
1A,8.460707852,0.095869779,0.32220238,0.005476398,0.85,2281.715191
1A,4.065073432,0.115526986,0.200072001,0.008528892,0.85,1647.325619
1A,10.42677873,0.115819701,0.376828621,0.006278667,0.85,2473.432109
1A,10.17697113,0.166493436,0.369887849,0.009076949,0.85,2450.98798
1A,4.850316476,0.072695338,0.221889564,0.004988438,0.85,1793.669857
1A,4.252541235,0.046944812,0.205280694,0.003399213,0.85,1684.228059
1A,2.153724799,0.056084109,0.146966189,0.005740613,0.85,1166.252963
1A,2.853097054,0.057873526,0.166397877,0.005062936,0.85,1369.627105
1A,2.455906116,0.031424223,0.155362137,0.002981874,0.85,1259.160974
1A,5.117069133,0.08468704,0.229301145,0.00569237,0.85,1838.943069
1A,6.278319829,0.123169388,0.261565882,0.007697181,0.85,2015.433866
1A,7.020388228,0.145002226,0.282183861,0.008742527,0.85,2114.014142
1A,3.774247197,0.102713803,0.191991547,0.007837397,0.85,1587.283654
1A,11.42972808,0.328248034,0.404695039,0.017433532,0.85,2558.857723
1A,11.26077465,0.291679927,0.400000757,0.015541407,0.85,2544.961277
1A,2.065208444,0.0439869,0.144506809,0.004616778,0.85,1137.346373
1A,4.242623669,0.084186654,0.20500514,0.006101895,0.85,1682.309055
1A,4.024667497,0.093200295,0.198949343,0.006910684,0.85,1639.193057
1A,5.779361109,0.145932584,0.247702578,0.009381974,0.85,1943.324228
1A,8.014991377,0.230210985,0.309818384,0.013348161,0.85,2232.714525
1A,5.552371021,0.142174178,0.241395778,0.009271781,0.85,1908.74445
1A,5.101661374,0.063105365,0.228873049,0.004246592,0.85,1836.382282
1A,2.489530737,0.025507866,0.156296379,0.002402132,0.85,1268.992504
1A,5.368187259,0.086097928,0.23627833,0.005684342,0.85,1879.793729
1A,2.181060929,0.034195041,0.147725709,0.003474103,0.85,1175.016263
1A,2.555843145,0.027040795,0.158138834,0.002509661,0.85,1288.107028
1A,8.605702012,0.199010136,0.326230966,0.011316323,0.85,2297.158838
1A,15.3538667,0.226792831,0.513725157,0.011382395,0.85,2837.451759
1A,2.494941893,0.059784835,0.156446725,0.005623262,0.85,1270.565822
1A,2.550516664,0.033422633,0.157990841,0.00310553,0.85,1286.584893
1A,3.107836747,0.069089921,0.173475685,0.005784774,0.85,1434.631214
1A,14.44837891,0.194512124,0.488566657,0.009866035,0.85,2779.615244
1A,12.85851175,0.2922504,0.444393038,0.015150359,0.85,2669.340113
1A,4.242767243,0.101807402,0.205009129,0.007378951,0.85,1682.336862
1A,3.657921058,0.071268646,0.188759487,0.005516508,0.85,1562.237116
1A,11.85708931,0.263461571,0.416569045,0.013884091,0.85,2593.182065
1A,3.761857974,0.061471837,0.191647319,0.004697511,0.85,1584.645299
1A,15.35920973,0.327388283,0.51387361,0.016430162,0.85,2837.783444
1A,3.307123012,0.069392991,0.179012749,0.005634307,0.85,1482.73358
1A,5.62736801,0.156035985,0.24347953,0.010126822,0.85,1920.300293
1A,2.169856155,0.058038547,0.14741439,0.005914482,0.85,1171.433426
1A,4.952188127,0.077314694,0.224720014,0.00526257,0.85,1811.198563
1A,6.930812481,0.183967803,0.279695046,0.011136115,0.85,2102.610029
1A,2.460773602,0.042567415,0.155497377,0.004034781,0.85,1260.590088
1A,2.014751151,0.048571877,0.143104879,0.005174986,0.85,1120.492755
1A,6.166891191,0.081865641,0.258469896,0.005146792,0.85,1999.768467
1A,10.41630656,0.310472946,0.376537657,0.016834867,0.85,2472.501125
1A,11.13014233,0.20786187,0.396371207,0.011103694,0.85,2534.084842
1A,5.206473896,0.076311526,0.231785209,0.00509593,0.85,1853.676117
1A,7.6228152,0.113376791,0.298921976,0.006668956,0.85,2187.553049
1A,2.52310902,0.028163371,0.157229334,0.002632531,0.85,1278.716398
1A,6.454598609,0.163769637,0.266463695,0.010141296,0.85,2039.733061
1A,2.482418039,0.041733955,0.156098757,0.003936455,0.85,1266.920741
1A,4.906004034,0.110957351,0.223436813,0.007580087,0.85,1803.289299
1A,10.10029531,0.191543481,0.367757452,0.010461309,0.85,2443.998287
1A,7.357472544,0.1668336,0.29154957,0.009916503,0.85,2155.816677
1A,1.922258174,0.046929855,0.140535011,0.005146516,0.85,1088.852784
1A,1.995556239,0.037519997,0.142571559,0.004020897,0.85,1114.007145
1A,4.405959674,0.108717363,0.209543345,0.007755745,0.85,1713.460921
1A,3.018188466,0.059742007,0.170984855,0.00507671,0.85,1412.226401
1A,1.907790108,0.022314248,0.140133023,0.002458575,0.85,1083.813149
1A,4.385645997,0.076547271,0.20897894,0.005471292,0.85,1709.638286
1A,14.72512455,0.402130355,0.496255888,0.020328476,0.85,2797.64403
1A,3.07948596,0.083646556,0.172687973,0.007035957,0.85,1427.599117
1A,3.50458586,0.055999332,0.18449915,0.004422133,0.85,1528.248929
1A,4.097613495,0.047926637,0.200976109,0.003525995,0.85,1653.827982
1A,6.812227319,0.123702139,0.27640022,0.007528661,0.85,2087.312902
1A,11.27926499,0.224889729,0.400514501,0.011978387,0.85,2546.491411
1A,11.35714049,0.216530679,0.402678231,0.011515952,0.85,2552.91067
1A,3.762500071,0.078324463,0.19166516,0.005984879,0.85,1584.782206
1A,7.756628099,0.159715497,0.302639896,0.009347415,0.85,2203.189227
1A,3.062597249,0.050379256,0.172218729,0.004249458,0.85,1423.386795
1A,10.71464621,0.201089535,0.384826867,0.010833487,0.85,2498.695103
1A,5.133860508,0.109060728,0.229767685,0.007321575,0.85,1841.726481
1A,12.47279059,0.133669089,0.433675979,0.006971464,0.85,2640.678417
1A,2.009336506,0.038383063,0.142954436,0.00409615,0.85,1118.667436
1A,4.739876099,0.053136708,0.218821036,0.003679662,0.85,1774.318551
1A,3.331248785,0.033423132,0.17968307,0.002704198,0.85,1488.405243
1A,12.10512753,0.201694221,0.423460656,0.010583478,0.85,2612.584219
1A,5.628431514,0.083580278,0.243509079,0.005424039,0.85,1920.46322
1A,5.09657522,0.055916493,0.228731733,0.003764256,0.85,1835.535537
1A,5.297912453,0.150336021,0.234325781,0.009974006,0.85,1868.526397
1A,4.269331131,0.095557799,0.205747193,0.006907668,0.85,1687.468583
1A,10.50512246,0.200533844,0.37900536,0.010852334,0.85,2480.369972
1A,3.994959159,0.103806099,0.198123913,0.007722158,0.85,1633.171788
1A,4.015797597,0.042554184,0.198702898,0.003158391,0.85,1637.399047
1A,6.744281785,0.167066703,0.274512389,0.01020017,0.85,2078.443151
1A,7.199058761,0.171783282,0.287148127,0.010277854,0.85,2136.385604
1A,10.22282091,0.305270726,0.37116176,0.016625277,0.85,2455.144729
1A,4.143044254,0.09295268,0.202238379,0.006806082,0.85,1662.837154
1A,7.965129581,0.21286732,0.308433,0.012364263,0.85,2227.082866
1A,4.402186259,0.110796182,0.209438502,0.007906862,0.85,1712.751926
1B,18.07585157,0.332332625,0.591075118,0.010867181,0.85,2993.778971
1B,18.21362573,0.186678691,0.592879668,0.006076659,0.85,3001.086156
1B,18.13854386,0.370109756,0.591897611,0.012077435,0.85,2997.110529
1B,18.14551312,0.215594812,0.591988904,0.00703368,0.85,2997.480211
1B,18.22254236,0.326186147,0.592996081,0.010614716,0.85,3001.557264
1B,18.21616844,0.23658218,0.592912869,0.007700446,0.85,3001.220522
1B,18.08569624,0.245401832,0.591204426,0.008021955,0.85,2994.302855
1B,18.32945258,0.498188238,0.594388338,0.016155271,0.85,3007.188885
1B,18.22318004,0.259551808,0.593004404,0.008446131,0.85,3001.590947
1B,17.99407454,0.443911985,0.589998813,0.014555211,0.85,2989.416728
1B,18.19583531,0.319901961,0.592647265,0.010419364,0.85,3000.14555
1B,18.18197152,0.451537048,0.592466032,0.014713496,0.85,2999.411946
1B,17.94212533,0.460380629,0.589313056,0.015121303,0.85,2986.635828
1B,18.34122662,0.22178765,0.594541271,0.007189373,0.85,3007.807191
1B,18.15722134,0.495900057,0.592142212,0.016172263,0.85,2998.100967
1B,18.10874372,0.217255117,0.591506931,0.007096456,0.85,2995.52827
1B,18.32847301,0.455865915,0.594375611,0.014783315,0.85,3007.137426
1B,18.16136,0.537294622,0.592196385,0.01751983,0.85,2998.320304
1B,18.19644657,0.443743107,0.592655253,0.01445264,0.85,3000.177882
1B,18.18426811,0.325363795,0.592496061,0.010601294,0.85,2999.533507
1B,18.22765655,0.40419505,0.593062829,0.013151063,0.85,3001.827372
1B,18.27370907,0.332267189,0.59366322,0.010794459,0.85,3004.256428
1B,18.28488422,0.524915643,0.593808729,0.01704684,0.85,3004.844989
1B,18.14685261,0.252873553,0.592006448,0.008249517,0.85,2997.551249
1B,18.19602206,0.325383808,0.592649706,0.010597845,0.85,3000.155428
1B,18.1944057,0.24121106,0.592628582,0.007856732,0.85,3000.069926
1B,18.23329013,0.306128829,0.59313634,0.009958495,0.85,3002.124829
1B,18.25618621,0.271504813,0.593434916,0.008825525,0.85,3003.332863
1B,18.05725289,0.452696978,0.590830675,0.014812179,0.85,2992.788504
1B,18.2010227,0.283249177,0.592715049,0.00922399,0.85,3000.419905
1B,18.27178692,0.250603454,0.593638185,0.008141939,0.85,3004.155159
1B,18.15466152,0.351625527,0.5921087,0.011468158,0.85,2997.965281
1B,18.18868136,0.198319602,0.592553759,0.006460888,0.85,2999.767064
1B,18.09806237,0.528221757,0.591366774,0.017260013,0.85,2994.960535
1B,18.19903926,0.362345258,0.592689133,0.011800518,0.85,3000.315012
1B,18.00886418,0.271010459,0.590193755,0.008881664,0.85,2990.207043
1B,18.17221128,0.459685548,0.592338375,0.014983834,0.85,2998.895163
1B,18.19043941,0.509929624,0.592576741,0.016611607,0.85,2999.860088
1B,18.28285701,0.542037962,0.593782339,0.017604063,0.85,3004.738248
1B,18.08263805,0.206801056,0.591164264,0.006760816,0.85,2994.140142
1B,10.76858151,0.240517599,0.398680027,0.013356852,0.85,2503.35929
1B,4.656301161,0.100969829,0.212244769,0.006903651,0.85,1759.425469
1B,3.114821089,0.079263038,0.173325413,0.006615933,0.85,1436.356151
1B,9.068637992,0.138666696,0.347643987,0.00797363,0.85,2344.951458
1B,2.441919088,0.059106417,0.156931133,0.005697755,0.85,1255.043093
1B,2.27739528,0.030118738,0.156013079,0.003094928,0.85,1205.309423
1B,2.278480082,0.0469251,0.145184686,0.004485099,0.85,1205.645454
1B,4.618644901,0.090713027,0.213641362,0.006294072,0.85,1752.643056
1B,2.029305745,0.021512856,0.143658697,0.002284408,0.85,1125.383019
1B,12.20168642,0.219740475,0.416618623,0.011254343,0.85,2620.038159
1B,4.051560388,0.078499736,0.214700684,0.006239799,0.85,1644.613071
1B,11.14967538,0.288655514,0.386576791,0.015012211,0.85,2535.718588
1B,3.861654244,0.072443831,0.194069417,0.005461053,0.85,1605.705193
1B,3.633774571,0.069642165,0.190783202,0.005484609,0.85,1556.959718
1B,11.70793471,0.191812615,0.407701606,0.010019143,0.85,2581.333785
1B,3.212490919,0.093166162,0.174708148,0.007600125,0.85,1460.175803
1B,6.916642944,0.131365405,0.275978307,0.007862341,0.85,2100.794279
1B,2.447165353,0.042401324,0.150923729,0.003922517,0.85,1256.589589
1B,3.097516041,0.087169449,0.172853385,0.007296589,0.85,1432.076912
1B,5.88123965,0.073610421,0.247493706,0.004646499,0.85,1958.469632
1B,12.9500902,0.214077123,0.443738056,0.011003109,0.85,2676.027795
1B,9.347391889,0.117658015,0.353672521,0.00667765,0.85,2372.680608
1B,7.997730019,0.112371691,0.30756692,0.00648218,0.85,2230.768468
1B,4.525097536,0.101857969,0.212700791,0.007181703,0.85,1735.595168
1B,7.230598231,0.130159654,0.285166029,0.007700008,0.85,2140.284004
1B,2.441544101,0.040149517,0.152968503,0.003773193,0.85,1254.932464
1B,4.354636371,0.123033443,0.211460298,0.00896172,0.85,1703.774988
1B,2.141513073,0.054077064,0.147182822,0.005574947,0.85,1162.313605
1B,5.161038332,0.078221565,0.22887042,0.005203198,0.85,1846.215488
1B,4.291902855,0.057314029,0.201967717,0.004045612,0.85,1691.808792
1B,12.05633814,0.222511857,0.420162718,0.011631789,0.85,2608.796971
1B,3.852728907,0.09945727,0.19480376,0.007543218,0.85,1603.839375
1B,7.689327437,0.104014513,0.309718898,0.006284411,0.85,2195.355172
1B,5.752482558,0.171658912,0.246254777,0.011022674,0.85,1939.290474
1B,1.946698996,0.031860703,0.138661605,0.003404114,0.85,1097.309803
1B,5.110463382,0.13159074,0.234022039,0.009038848,0.85,1837.845977
1B,2.741728687,0.071361135,0.15889096,0.00620337,0.85,1339.846393
1B,5.158181611,0.067420067,0.225579549,0.00442266,0.85,1845.744571
1B,4.470113521,0.113954269,0.214496005,0.008202052,0.85,1725.439782
1B,15.3461339,0.417660679,0.5159485,0.021063097,0.85,2836.971529
1B,2.603345912,0.064448304,0.160079817,0.005944392,0.85,1301.581798
1B,8.642318699,0.150014118,0.316820752,0.008249103,0.85,2301.022093
1B,9.192345773,0.124334081,0.339637381,0.006890815,0.85,2357.35089
1B,10.20233917,0.235376091,0.368657253,0.012757825,0.85,2453.289954
1B,5.022016362,0.069534907,0.237964808,0.004942296,0.85,1823.041222
1B,8.824519461,0.185475298,0.338526452,0.010672813,0.85,2320.029697
1B,2.468497994,0.048688263,0.159061515,0.004705956,0.85,1262.853882
1B,8.069026866,0.142881403,0.315843717,0.008389152,0.85,2238.782522
1B,7.832340281,0.0886745,0.309547822,0.005256858,0.85,2211.930768
1B,5.499271904,0.119419035,0.231332375,0.007535222,0.85,1900.482465
1B,9.335872151,0.172290539,0.355491945,0.009840735,0.85,2371.549553
1B,9.961882032,0.110630766,0.368851477,0.006144369,0.85,2431.257537
1B,6.550073529,0.18728843,0.269982531,0.01157955,0.85,2052.655026
1B,12.24384009,0.331167057,0.437158959,0.017736181,0.85,2623.275164
1B,2.882648359,0.051960599,0.170114081,0.004599536,0.85,1377.384868
1B,6.985684212,0.206585424,0.284350668,0.012613518,0.85,2109.611073
1B,4.914100609,0.080697948,0.223461786,0.005504438,0.85,1804.68034
1B,10.08595996,0.183296059,0.35550305,0.009691042,0.85,2442.686134
1B,5.60391725,0.092942364,0.243429505,0.006056009,0.85,1916.701016
1B,5.275194543,0.086588683,0.236859871,0.005831837,0.85,1864.857072
1B,6.946650475,0.123524882,0.274820394,0.007330257,0.85,2104.635748
1B,8.993594074,0.256767985,0.342539653,0.014669311,0.85,2337.355227
1B,3.983292536,0.113436237,0.199301361,0.008513559,0.85,1630.797405
1B,4.23466671,0.044593788,0.203510042,0.003214639,0.85,1680.766793
1B,3.066806506,0.078918114,0.172362307,0.006653097,0.85,1424.438289
1B,7.012650005,0.092649493,0.281153753,0.005571807,0.85,2113.034009
1B,2.699293354,0.073185515,0.167389246,0.006807597,0.85,1328.265031
1B,10.01854429,0.196716832,0.361064563,0.010634401,0.85,2436.49256
1B,3.919932995,0.071940123,0.207405358,0.005709575,0.85,1617.804652
1B,12.02521981,0.33053343,0.416660822,0.017178937,0.85,2606.37403
1B,6.377260088,0.091108905,0.26312888,0.005638797,0.85,2029.143837
1B,11.42255652,0.206746916,0.397519082,0.010792572,0.85,2558.271711
1B,2.993060859,0.067896654,0.161805735,0.005505769,0.85,1405.8568
1B,5.480719825,0.159895345,0.244126667,0.010683282,0.85,1897.579924
1B,15.07612944,0.432948476,0.50860364,0.021908724,0.85,2820.059428
1B,2.510089037,0.071072913,0.158010246,0.006711066,0.85,1274.957002
1B,4.036025572,0.06543642,0.206211966,0.005014998,0.85,1641.485702
1B,10.08654886,0.243659529,0.358969484,0.013007373,0.85,2442.740071
1B,2.589495875,0.067108783,0.158978605,0.00618008,0.85,1297.671491
1B,4.643398661,0.091283496,0.21130044,0.006230859,0.85,1757.106649
1B,5.549047968,0.064084411,0.235700278,0.004083055,0.85,1908.229366
1B,2.787093444,0.03665158,0.166467402,0.003283686,0.85,1352.082879
1B,9.495488477,0.280533331,0.346821498,0.015369666,0.85,2387.110216
1B,8.575617267,0.183272898,0.329028631,0.010547701,0.85,2293.973701
1B,2.161843772,0.0483297,0.148372362,0.004975469,0.85,1168.863613
1B,2.661591083,0.049923015,0.154346775,0.004342585,0.85,1317.863406
1B,2.105906413,0.034567785,0.144542466,0.003558928,0.85,1150.739294
1B,3.715471323,0.049703572,0.188149445,0.003775443,0.85,1574.705664
1B,2.132906768,0.04300763,0.145683461,0.004406311,0.85,1159.528104
1B,5.471346874,0.062026006,0.242665488,0.004126471,0.85,1896.110331
1B,4.390585214,0.085089987,0.200107973,0.005817169,0.85,1710.569075
1B,2.264749684,0.058057177,0.150426685,0.005784314,0.85,1201.384062
1B,5.966283569,0.138719624,0.244555224,0.008529081,0.85,1970.941645
1B,3.629748832,0.073013292,0.184580874,0.005569335,0.85,1556.077188
1B,3.117917761,0.043562528,0.173364162,0.003633281,0.85,1437.120006
1B,4.107203881,0.11960561,0.193650659,0.008458932,0.85,1655.736476
1B,10.73590417,0.270662026,0.384381476,0.014535916,0.85,2500.535996
1B,3.314959264,0.051277759,0.178066025,0.004131647,0.85,1484.57926
1B,7.278490339,0.1428219,0.29119482,0.008570939,0.85,2146.175179
1B,2.779176247,0.041173667,0.16614147,0.003692094,0.85,1349.957924
1B,6.14137994,0.153753219,0.268615656,0.010087437,0.85,1996.147664
1B,7.427151898,0.129124429,0.288590384,0.007525914,0.85,2164.247207
1B,8.626758313,0.235885296,0.328960722,0.013492379,0.85,2299.382185
1B,1.82028805,0.034983439,0.138986402,0.004006692,0.85,1052.788775
1B,13.45668925,0.287479922,0.456328426,0.014623054,0.85,2712.247785
1B,4.530841791,0.122136712,0.210015915,0.008492016,0.85,1736.650278
1B,1.891071049,0.02905007,0.13899747,0.003202857,0.85,1077.958104
1B,4.051420292,0.054272824,0.197563025,0.003969831,0.85,1644.584911
1B,9.323656781,0.220286211,0.355601872,0.012602489,0.85,2370.348821
1B,9.618272184,0.123124542,0.356897422,0.006853024,0.85,2398.919945
1B,3.322416487,0.050806234,0.183568403,0.004210679,0.85,1486.332556
1B,5.713732789,0.100369489,0.244426829,0.006440535,0.85,1933.446818
1B,2.322743317,0.025022649,0.158539636,0.002561894,0.85,1219.26257
1B,9.313432853,0.232291135,0.346601888,0.012967165,0.85,2369.342749
1B,6.127894354,0.166901098,0.264240453,0.010795394,0.85,1994.22843
1B,3.750456071,0.106764006,0.190259304,0.00812415,0.85,1582.211127
1B,8.792069792,0.123187883,0.323880238,0.00680695,0.85,2316.67041
1B,9.814460048,0.255709987,0.361135705,0.014113768,0.85,2417.509399
1B,7.957624309,0.14356315,0.312323265,0.008451915,0.85,2226.23247
1B,9.118333862,0.207761299,0.336898843,0.011514364,0.85,2349.950766
1C,18.26522319,0.259707506,0.59355268,0.00843954,0.85,3003.809274
1C,18.21127852,0.492067697,0.592849016,0.016018746,0.85,3000.962106
1C,17.97279462,0.261562087,0.589718098,0.008582299,0.85,2988.278511
1C,18.22856435,0.49852336,0.593074676,0.016219685,0.85,3001.875311
1C,18.07813714,0.404558476,0.591105144,0.013227945,0.85,2993.900621
1C,18.2068817,0.228785221,0.592791589,0.007448939,0.85,3000.729691
1C,18.21985579,0.524189427,0.59296101,0.017059624,0.85,3001.415343
1C,18.02697319,0.339347945,0.590432276,0.011114566,0.85,2991.173898
1C,18.19386664,0.373868542,0.592621537,0.01217787,0.85,3000.04141
1C,18.05454891,0.476822783,0.590795119,0.015602969,0.85,2992.644424
1C,17.96627362,0.222007052,0.589632023,0.007286011,0.85,2987.929461
1C,18.05257947,0.36208959,0.59076922,0.011849353,0.85,2992.539471
1C,18.18182436,0.393688988,0.592464107,0.012828558,0.85,2999.404156
1C,18.17620634,0.467816066,0.592390634,0.015246848,0.85,2999.106724
1C,18.14526376,0.270990461,0.591985638,0.00884101,0.85,2997.466987
1C,18.24383713,0.429814532,0.593273915,0.013977199,0.85,3002.681485
1C,18.17074998,0.250222215,0.592319258,0.008156594,0.85,2998.817768
1C,18.22983432,0.532539504,0.593091249,0.017325693,0.85,3001.942371
1C,18.26426902,0.517923528,0.593540248,0.016831139,0.85,3003.758982
1C,18.42000941,0.313895629,0.595562565,0.01014899,0.85,3011.934759
1C,18.18338359,0.354187851,0.592484496,0.011540801,0.85,2999.48669
1C,18.3060149,0.217405098,0.594083673,0.007055431,0.85,3005.956948
1C,18.21426307,0.5010886,0.59288799,0.016310812,0.85,3001.119837
1C,18.21975048,0.469265288,0.592959636,0.015272184,0.85,3001.409779
1C,18.18464394,0.538257656,0.592500975,0.017537775,0.85,2999.553398
1C,18.20585886,0.291774507,0.592778229,0.009500105,0.85,3000.675617
1C,18.17160216,0.304140484,0.592330407,0.009913912,0.85,2998.862903
1C,18.28673932,0.423696716,0.593832877,0.013758879,0.85,3004.942659
1C,18.12458959,0.190109125,0.591714735,0.006206506,0.85,2996.369925
1C,18.05177606,0.437545378,0.590758654,0.014319019,0.85,2992.496653
1C,18.14232175,0.361251753,0.591947103,0.011786911,0.85,2997.310943
1C,18.1327385,0.307631295,0.591821543,0.010040559,0.85,2996.802483
1C,18.14227417,0.192632068,0.59194648,0.006285203,0.85,2997.308419
1C,18.17972503,0.52544797,0.592436654,0.017123176,0.85,2999.293022
1C,18.14260454,0.453458345,0.591950807,0.014795287,0.85,2997.325943
1C,18.17841658,0.496855693,0.592419542,0.016192116,0.85,2999.22375
1C,18.1428811,0.259778767,0.59195443,0.008475897,0.85,2997.340613
1C,18.23189284,0.466470251,0.593118109,0.015175163,0.85,3002.05106
1C,18.41882888,0.269189823,0.595547287,0.00870388,0.85,3011.873033
1C,18.21233923,0.531259506,0.592862868,0.017293991,0.85,3001.018166
1C,3.720779683,0.070660005,0.17759184,0.005058875,0.85,1575.848071
1C,3.120243399,0.067310471,0.190118168,0.006151897,0.85,1437.693292
1C,10.9097651,0.14600205,0.398456517,0.007998633,0.85,2515.468001
1C,10.13065571,0.116311615,0.342860349,0.005904649,0.85,2446.771668
1C,11.47976297,0.317340844,0.40586488,0.01682929,0.85,2562.936863
1C,3.979746098,0.077020221,0.190969859,0.005543774,0.85,1630.074535
1C,11.10991521,0.298205712,0.374753881,0.01508838,0.85,2532.390268
1C,7.10533643,0.114774697,0.280868781,0.00680544,0.85,2124.712051
1C,8.900607739,0.140600073,0.341866868,0.008100543,0.85,2327.863272
1C,4.406590634,0.105188885,0.208491741,0.0074653,0.85,1713.579425
1C,3.457301057,0.040568765,0.184138662,0.003241088,0.85,1517.53408
1C,9.069740683,0.176416611,0.338309912,0.00987076,0.85,2345.062654
1C,4.964072176,0.109407849,0.222773705,0.007364878,0.85,1813.22384
1C,2.865530148,0.056938461,0.172758485,0.005149101,0.85,1372.898247
1C,5.52590222,0.065778963,0.231504813,0.004133663,0.85,1904.634426
1C,11.00848369,0.251337185,0.386622124,0.013240586,0.85,2523.849697
1C,5.852032191,0.147013951,0.249820309,0.009413927,0.85,1954.150661
1C,2.498322805,0.038117977,0.156893835,0.003590694,0.85,1271.547601
1C,4.079141971,0.110950258,0.202448802,0.008259732,0.85,1650.141995
1C,2.25507733,0.042386841,0.145753954,0.004109427,0.85,1198.371359
1C,1.917646181,0.031482,0.14029754,0.003454897,0.85,1087.249011
1C,4.374578433,0.109292207,0.210691819,0.007895723,0.85,1707.549515
1C,6.364937206,0.120460553,0.280404049,0.007960242,0.85,2027.446336
1C,9.191603038,0.124454565,0.333940921,0.006782354,0.85,2357.276895
1C,3.431997937,0.035811076,0.187574982,0.002935868,0.85,1511.75355
1C,2.259499757,0.02583951,0.156440758,0.002683571,0.85,1199.749947
1C,2.880969815,0.060471188,0.16287041,0.005127944,0.85,1376.945804
1C,10.20667747,0.296636336,0.387952975,0.016912597,0.85,2453.683102
1C,4.431720447,0.04839113,0.224352916,0.003674653,0.85,1718.287988
1C,6.785550821,0.15069407,0.272507673,0.009077809,0.85,2083.839729
1C,2.690118357,0.059365852,0.167259238,0.005536645,0.85,1325.743547
1C,8.732877887,0.118185002,0.323790572,0.006572952,0.85,2310.513913
1C,2.588450821,0.073768906,0.159999164,0.006839784,0.85,1297.375827
1C,2.129383671,0.062634124,0.143828882,0.006345918,0.85,1158.385617
1C,3.535897443,0.064866294,0.209998526,0.005778657,0.85,1535.282486
1C,4.548049773,0.12270442,0.205288063,0.008307875,0.85,1739.804512
1C,4.854968696,0.084378244,0.230910059,0.006019746,0.85,1794.476977
1C,10.9112296,0.156083775,0.37214147,0.007985156,0.85,2515.592851
1C,2.278674662,0.065018358,0.155114518,0.006638919,0.85,1205.705716
1C,7.506619715,0.176284736,0.317881404,0.011197644,0.85,2173.777378
1C,6.954452323,0.116145874,0.277954515,0.006963152,0.85,2105.632139
1C,2.247642273,0.051731491,0.156897323,0.005416698,0.85,1196.049427
1C,11.8308194,0.28098999,0.419477344,0.014944307,0.85,2591.105288
1C,15.32488988,0.313202877,0.49746182,0.015250335,0.85,2835.651043
1C,8.178617687,0.099561089,0.304982169,0.005568977,0.85,2250.978946
1C,4.385674283,0.080808691,0.215494964,0.005955937,0.85,1709.643619
1C,13.0852723,0.330754875,0.434571674,0.016476925,0.85,2685.819905
1C,8.671804222,0.094062386,0.302230611,0.004917408,0.85,2304.122325
1C,5.846831661,0.060366252,0.238924722,0.003700207,0.85,1953.379717
1C,5.960442217,0.116213941,0.236159307,0.006906787,0.85,1970.089871
1C,11.79399558,0.337333163,0.405494592,0.017397002,0.85,2588.186999
1C,4.470426769,0.084781854,0.222849831,0.006339536,0.85,1725.497927
1C,8.470269738,0.116293974,0.307629077,0.006335467,0.85,2282.740915
1C,7.275068727,0.099133209,0.294770128,0.006024996,0.85,2145.755421
1C,3.962727441,0.076600256,0.183799006,0.005329303,0.85,1626.598443
1C,6.580288071,0.110897634,0.269248358,0.006806466,0.85,2056.710365
1C,15.51519723,0.405549948,0.512825133,0.020107015,0.85,2847.419405
1C,1.822575282,0.030675337,0.145942708,0.003684491,0.85,1053.611909
1C,10.99203689,0.113025561,0.378382443,0.005836073,0.85,2522.458077
1C,1.74915723,0.027073671,0.146677048,0.003405428,0.85,1026.851199
1C,15.61738708,0.262062173,0.520233996,0.01309441,0.85,2853.682857
1C,7.09077402,0.211419903,0.282043059,0.012614176,0.85,2122.886127
1C,2.235804087,0.056554963,0.146555227,0.005560701,0.85,1192.341428
1C,2.688573378,0.04347206,0.157099819,0.003810266,0.85,1325.318338
1C,1.792617908,0.041453559,0.146829642,0.005093064,0.85,1042.777554
1C,14.71142145,0.175914258,0.51738077,0.009279999,0.85,2796.758825
1C,7.979537761,0.142472255,0.306638338,0.008212403,0.85,2228.713415
1C,5.960404047,0.09868137,0.245504177,0.006096908,0.85,1970.084303
1C,4.938142994,0.084139038,0.222833149,0.005695147,0.85,1808.799774
1C,4.958032679,0.127393875,0.206351756,0.007953139,0.85,1812.195095
1C,2.14512352,0.05655521,0.14224938,0.005625511,0.85,1163.479885
1C,4.240520577,0.103556952,0.202386982,0.007413681,0.85,1681.90165
1C,14.40086079,0.218477526,0.485116467,0.011039657,0.85,2776.487184
1C,3.722129368,0.061286043,0.186432322,0.004604501,0.85,1576.138331
1C,3.855016029,0.115632388,0.201302777,0.009057208,0.85,1604.317818
1C,5.740042411,0.070489924,0.235233125,0.00433313,0.85,1937.418102
1C,1.922101841,0.035219121,0.146564189,0.004028295,0.85,1088.798463
1C,10.00833902,0.107840119,0.358283758,0.005790776,0.85,2435.551687
1C,3.364581705,0.084014579,0.187140121,0.007009414,0.85,1496.189628
1C,2.475055557,0.039445875,0.152965029,0.00365679,0.85,1264.771759
1C,12.99540438,0.19802303,0.483013988,0.011040198,0.85,2679.320726
1C,3.775671655,0.066366337,0.193288293,0.005096247,0.85,1587.586561
1C,4.235217473,0.047325902,0.201160898,0.003371771,0.85,1680.873621
1C,6.230672081,0.132340618,0.243749755,0.007765934,0.85,2008.764776
1C,10.77973386,0.243395183,0.40970019,0.013875907,0.85,2504.321049
1C,3.995586715,0.084401998,0.196182187,0.006216172,0.85,1633.299351
1C,8.567679558,0.143769711,0.338640352,0.008523818,0.85,2293.13165
1C,3.279510362,0.045899695,0.179005203,0.003758008,0.85,1476.203078
1C,7.990589496,0.12770962,0.297721791,0.007137509,0.85,2229.962348
1C,16.13048186,0.467420637,0.513096619,0.022302367,0.85,2884.560534
1C,2.695682237,0.055084337,0.169770169,0.005203698,0.85,1327.273367
1C,5.370924732,0.095031367,0.2429172,0.006447145,0.85,1880.230115
1C,9.882962571,0.196925687,0.364746819,0.010901794,0.85,2423.920901
1C,2.35810265,0.035971894,0.147544633,0.0033761,0.85,1230.010791
1C,1.527990723,0.033017994,0.140323221,0.004548317,0.85,941.6914319
1C,6.424016032,0.175791457,0.261826583,0.01074722,0.85,2035.558872
1C,6.810060153,0.167238855,0.264662139,0.009749208,0.85,2087.031188
1C,7.332229026,0.086363208,0.299818553,0.005297153,0.85,2152.745099
1C,2.810451826,0.074797586,0.163485089,0.006526508,0.85,1358.326417
1C,14.7200388,0.2247212,0.488886291,0.011195261,0.85,2797.315586
1C,6.171738547,0.099424315,0.246354381,0.00595301,0.85,2000.454994
1C,9.140363669,0.115860768,0.322955613,0.006140547,0.85,2352.159072
1C,3.354715732,0.036717386,0.180756263,0.002967568,0.85,1493.891795
1C,3.124716945,0.068252119,0.168254234,0.005512679,0.85,1438.795144
1C,2.761508025,0.041843332,0.170613967,0.003877803,0.85,1345.199723
1C,10.03441037,0.251477029,0.357157981,0.013426354,0.85,2437.953602
1C,2.365686646,0.039260244,0.151162921,0.003762983,0.85,1232.301363
1C,2.217030093,0.043769292,0.145802799,0.004317726,0.85,1186.433064
1C,12.69272191,0.158365487,0.426175589,0.007976008,0.85,2657.119809
1C,8.396195289,0.095485035,0.353317594,0.006027113,0.85,2274.76758
1C,3.569970417,0.077552345,0.18079617,0.005891295,0.85,1542.881385
1C,7.376242669,0.138249677,0.284232336,0.007990863,0.85,2158.094578
1C,3.074433068,0.060343459,0.170573478,0.005021898,0.85,1426.340674
1C,4.424386613,0.102409858,0.205391026,0.00713118,0.85,1716.916105
1C,2.798536806,0.043274141,0.175796121,0.004077538,0.85,1355.14641
1C,5.135987562,0.074136747,0.217016682,0.004698876,0.85,1842.078527
1C,2.95844788,0.055988627,0.173232239,0.00491763,0.85,1397.016804
1C,2.331499329,0.029983426,0.154951504,0.002989049,0.85,1221.934763
1C,10.5168644,0.127411841,0.353989332,0.006432873,0.85,2481.405728
1C,6.520630571,0.079658732,0.278707619,0.005107212,0.85,2048.687604
2A,21.8000148,0.636166315,0.636402454,0.018571446,0.85,3174.860319
2A,22.46719293,0.247563343,0.643853502,0.007094546,0.85,3204.146215
2A,22.32681225,0.617857146,0.642300693,0.017774596,0.85,3198.053957
2A,22.56960155,0.474978673,0.644981356,0.013573673,0.85,3208.567611
2A,22.62835071,0.597139889,0.645626515,0.017037448,0.85,3211.095388
2A,23.28800775,0.248659005,0.652779329,0.006970088,0.85,3239.054394
2A,22.21393795,0.644424683,0.641046423,0.018596709,0.85,3193.128773
2A,22.65608607,0.352165359,0.645930624,0.010040322,0.85,3212.286563
2A,22.23277921,0.640460299,0.641256145,0.018472684,0.85,3193.95256
2A,22.08756832,0.456070878,0.63963608,0.013207402,0.85,3187.586236
2A,22.40251585,0.431293262,0.643139056,0.012381714,0.85,3201.343892
2A,22.16374674,0.274585965,0.640487042,0.007934974,0.85,3190.931021
2A,21.71911373,0.318285857,0.635486506,0.009312828,0.85,3171.251038
2A,21.92254448,0.283165747,0.637784515,0.008238037,0.85,3180.302484
2A,21.96467052,0.460649246,0.638258233,0.013385731,0.85,3182.166798
2A,22.10582205,0.293214579,0.639840201,0.008486926,0.85,3188.388712
2A,22.83266279,0.396417619,0.647859713,0.011248053,0.85,3219.837565
2A,22.37713191,0.632022104,0.642858202,0.018156956,0.85,3200.241941
2A,22.22246113,0.628199491,0.641141312,0.018124214,0.85,3193.50151
2A,22.57412668,0.60005983,0.645031098,0.017146056,0.85,3208.762536
2A,22.38416119,0.501470867,0.642936002,0.014403652,0.85,3200.547211
2A,22.44477358,0.534408062,0.643606038,0.015324202,0.85,3203.175707
2A,22.27506501,0.64958214,0.641726308,0.018713927,0.85,3195.798971
2A,22.0692759,0.565620463,0.63943139,0.01638819,0.85,3186.781423
2A,22.35919671,0.229135802,0.642659608,0.00658594,0.85,3199.462629
2A,22.33212455,0.449853904,0.642359597,0.012939565,0.85,3198.285167
2A,22.6661719,0.380663422,0.646041137,0.010849835,0.85,3212.719381
2A,22.37078546,0.657670616,0.642787943,0.01889709,0.85,3199.966246
2A,22.13052034,0.36279251,0.640116172,0.010493624,0.85,3189.473496
2A,22.10995067,0.461350288,0.639886351,0.013351986,0.85,3188.570127
2A,23.14741283,0.529492654,0.651268673,0.014897647,0.85,3233.159613
2A,21.62668819,0.339634632,0.63443671,0.009963462,0.85,3167.111848
2A,22.80077596,0.239426481,0.647512244,0.006799399,0.85,3218.478127
2A,22.45766104,0.43285782,0.643748313,0.012407859,0.85,3203.733704
2A,22.53942581,0.503832558,0.644649452,0.0144101,0.85,3207.266802
2A,22.69117027,0.565796032,0.64631488,0.016115625,0.85,3213.791355
2A,22.49577,0.496681705,0.644168645,0.014222531,0.85,3205.381941
2A,22.26576318,0.241028237,0.641622946,0.006945607,0.85,3195.393094
2A,22.96833662,0.530566704,0.649333777,0.014999557,0.85,3225.601515
2A,22.65111594,0.233670379,0.64587615,0.0066629,0.85,3212.073208
2A,10.30751477,0.246705201,0.421525972,0.015133519,0.85,2462.778625
2A,7.001981024,0.070565145,0.360898115,0.005455633,0.85,2111.681108
2A,11.84257901,0.300247519,0.449681078,0.017101295,0.85,2592.035473
2A,6.686314016,0.121270458,0.355108365,0.009660963,0.85,2070.814182
2A,6.745450245,0.134134597,0.356193002,0.010624451,0.85,2078.59634
2A,16.07902808,0.469377786,0.527383152,0.023092994,0.85,2881.5061
2A,15.47335944,0.260757783,0.516274389,0.01305042,0.85,2844.843882
2A,14.36189272,0.324622427,0.49588862,0.016812885,0.85,2773.914752
2A,10.78624506,0.150658596,0.430306518,0.009015562,0.85,2504.882143
2A,8.436059655,0.233108106,0.387201012,0.016048908,0.85,2279.066339
2A,8.298735958,0.152723771,0.384682314,0.010619111,0.85,2264.180812
2A,7.434318324,0.158420256,0.368827753,0.011789202,0.85,2165.110319
2A,18.03979193,0.269146847,0.563346152,0.012607366,0.85,2991.857746
2A,11.18492333,0.216377569,0.437618804,0.01269891,0.85,2538.660095
2A,9.603437333,0.192257591,0.408612261,0.01227042,0.85,2397.500356
2A,11.4567551,0.310168884,0.442604558,0.017973959,0.85,2561.063161
2A,16.98904825,0.39802062,0.544074124,0.01911991,0.85,2934.216522
2A,14.96782373,0.445126488,0.507002196,0.022616525,0.85,2813.195594
2A,6.853940736,0.187898506,0.358182861,0.014729196,0.85,2092.72012
2A,8.741674698,0.169309686,0.392806396,0.011411874,0.85,2311.431226
2A,6.69218863,0.100015639,0.355216113,0.007963127,0.85,2071.589938
2A,15.06927609,0.44932738,0.508862966,0.022759494,0.85,2819.626472
2A,16.68392108,0.46478234,0.538477689,0.022501448,0.85,2916.84603
2A,16.40264519,0.44103715,0.533318717,0.021509948,0.85,2900.565789
2A,16.53748707,0.227113313,0.535791896,0.01103724,0.85,2908.403014
2A,11.11038377,0.129054966,0.43625165,0.007601057,0.85,2532.429555
2A,6.787323056,0.139152779,0.356961005,0.010977549,0.85,2084.070836
2A,9.149375087,0.264381289,0.40028416,0.017349979,0.85,2353.06101
2A,11.84245129,0.307788295,0.449678736,0.017530896,0.85,2592.025375
2A,6.738342415,0.136660079,0.356062635,0.01083194,0.85,2077.664118
2A,14.88251226,0.253422649,0.505437471,0.012910048,0.85,2807.756151
2A,15.70005794,0.278021095,0.520432339,0.013823946,0.85,2858.721825
2A,7.221348404,0.155932702,0.364921603,0.011819789,0.85,2139.14224
2A,9.454165276,0.187658169,0.405874415,0.012084459,0.85,2383.104524
2A,16.35586329,0.172813535,0.532460675,0.008438846,0.85,2897.832554
2A,10.29354968,0.162187025,0.421269834,0.009956405,0.85,2461.523824
2A,8.849079742,0.170824843,0.394776346,0.011431292,0.85,2322.564882
2A,15.63459747,0.301059477,0.519231707,0.014997472,0.85,2854.73393
2A,7.312516301,0.127488056,0.366593743,0.009586917,0.85,2150.340018
2A,9.926568983,0.174754385,0.414538923,0.010946757,0.85,2427.981261
2A,12.0474836,0.279710811,0.453439299,0.015791498,0.85,2608.108125
2A,12.04210678,0.145528913,0.453340681,0.008217936,0.85,2607.689604
2A,12.29400643,0.131846416,0.457960854,0.007367065,0.85,2627.114067
2A,9.517383084,0.147437635,0.407033913,0.009458291,0.85,2389.226197
2A,12.50052004,0.262429267,0.461748586,0.014540556,0.85,2642.766113
2A,13.66207864,0.166215068,0.483053105,0.008815354,0.85,2726.572042
2A,8.912544276,0.095269928,0.39594037,0.006348559,0.85,2329.086717
2A,8.52027981,0.095425572,0.388745721,0.006530821,0.85,2288.088785
2A,9.90221255,0.21671872,0.414092194,0.013594163,0.85,2425.715342
2A,15.87682537,0.260882946,0.523674487,0.012907279,0.85,2869.413008
2A,16.66915076,0.485970224,0.538206781,0.023536214,0.85,2915.997587
2A,6.849838145,0.13944607,0.358107614,0.010935302,0.85,2092.189585
2A,13.53973694,0.162683059,0.480809197,0.00866555,0.85,2718.06405
2A,9.872719948,0.212035479,0.41355126,0.013322702,0.85,2422.964812
2A,16.36588176,0.32919143,0.532644427,0.01607081,0.85,2898.418504
2A,7.379425665,0.164355371,0.367820949,0.012288222,0.85,2158.480353
2A,14.5463868,0.163125272,0.499272486,0.00839837,0.85,2786.036708
2A,10.41945548,0.168700051,0.423579112,0.010287172,0.85,2472.781156
2A,10.41858956,0.308232564,0.42356323,0.018796591,0.85,2472.704159
2A,18.22075019,0.212993608,0.566665165,0.009936149,0.85,3001.462593
2A,2.150218755,0.034099713,0.096445808,0.00229426,0.85,1165.123518
2A,1.752589865,0.050760179,0.085702465,0.003723295,0.85,1028.118229
2A,12.58482017,0.269499043,0.378373274,0.012154075,0.85,2649.086668
2A,5.75165279,0.10099772,0.193751218,0.005103341,0.85,1939.165693
2A,2.090894868,0.050436507,0.094842964,0.003431699,0.85,1145.819821
2A,2.88606444,0.082211299,0.116327268,0.004970479,0.85,1378.277843
2A,2.188379096,0.03276768,0.097476844,0.002189353,0.85,1177.349512
2A,1.761051601,0.035063763,0.085931088,0.002566422,0.85,1031.23483
2A,2.888552486,0.054414614,0.116394491,0.003288963,0.85,1378.927732
2A,7.044405605,0.096077656,0.228679484,0.004678391,0.85,2117.050204
2A,2.325052582,0.056896797,0.101169559,0.003713609,0.85,1219.968003
2A,1.815989826,0.027868168,0.087415438,0.002012215,0.85,1051.240113
2A,7.568137122,0.12355368,0.242829933,0.005946483,0.85,2181.09391
2A,8.000105869,0.234336094,0.254501088,0.011182125,0.85,2231.036544
2A,3.965268224,0.115246855,0.145485755,0.006342613,0.85,1627.118159
2A,8.274775317,0.137605264,0.26192225,0.006533449,0.85,2261.561033
2A,2.729668656,0.066121463,0.112101685,0.004073202,0.85,1336.568409
2A,2.677594619,0.041267661,0.110694722,0.002559076,0.85,1322.29162
2A,6.465838802,0.089282824,0.213047466,0.004412764,0.85,2041.262923
2A,8.344564558,0.154674118,0.263807852,0.007334879,0.85,2269.172812
2A,1.716698041,0.046112509,0.084732721,0.003414029,0.85,1014.791275
2A,15.03145312,0.449745814,0.444477671,0.019948368,0.85,2817.233703
2A,14.48396659,0.393510394,0.429685396,0.017510984,0.85,2781.951643
2A,8.620715755,0.118300143,0.271269048,0.005583846,0.85,2298.744646
2A,5.485352997,0.162611172,0.186556193,0.008295579,0.85,1898.305579
2A,1.537383824,0.018331488,0.079887916,0.001428854,0.85,945.4572369
2A,8.475915242,0.205246243,0.267356752,0.009711158,0.85,2283.346034
2A,1.484322476,0.014972765,0.078454277,0.001187085,0.85,923.9985551
2A,3.619152504,0.040367497,0.136134221,0.002277632,0.85,1553.750569
2A,13.27782966,0.184569658,0.397097364,0.008279831,0.85,2699.607007
2A,17.9497784,0.378744003,0.523326495,0.016563444,0.85,2987.045984
2A,12.43421831,0.352306239,0.374304235,0.015908083,0.85,2637.767231
2A,2.714121711,0.033084456,0.11168163,0.002042056,0.85,1332.326987
2A,12.36103046,0.159812345,0.372326808,0.007220566,0.85,2632.220435
2A,2.256576992,0.034942893,0.09931945,0.002306929,0.85,1198.839053
2A,2.010069069,0.0473241,0.092659171,0.003272284,0.85,1118.914581
2A,8.29152034,0.168865812,0.262374675,0.008015318,0.85,2263.392591
2A,12.10029275,0.206964454,0.365282062,0.009371724,0.85,2612.209552
2A,5.629194338,0.069220477,0.190442572,0.003512721,0.85,1920.580067
2A,3.265688668,0.09610001,0.126584152,0.005587522,0.85,1472.918351
2A,3.287295302,0.039541892,0.127167931,0.002294498,0.85,1478.048503
2A,5.837656315,0.066756763,0.196074906,0.003363334,0.85,1952.018103
2A,3.864529417,0.11219055,0.142763941,0.006216837,0.85,1606.305511
2A,10.17223589,0.244971628,0.313188823,0.011313497,0.85,2450.557712
2A,1.981755746,0.046160648,0.091894187,0.00321071,0.85,1109.318478
2A,17.20499252,0.38830864,0.503203484,0.017035601,0.85,2946.332813
2A,4.390278552,0.094744547,0.156968904,0.005081209,0.85,1710.511309
2A,3.743750249,0.073319298,0.139500667,0.004098066,0.85,1580.776783
2A,17.99307206,0.202200918,0.524496226,0.008841204,0.85,2989.363136
2A,18.10633459,0.378804099,0.527556411,0.016555576,0.85,2995.400248
2A,2.892573618,0.033875372,0.116503136,0.002046579,0.85,1379.977192
2A,5.798036104,0.128056272,0.195004427,0.006460344,0.85,1946.117441
2A,1.8886783,0.054550531,0.089379372,0.003872305,0.85,1077.11739
2A,6.425470333,0.131679414,0.21195677,0.006515556,0.85,2035.757757
2A,1.771695924,0.023301398,0.086218682,0.001700926,0.85,1035.141778
2A,11.90326888,0.303259525,0.359958769,0.013756002,0.85,2596.822543
2A,4.698224018,0.093540827,0.165289134,0.004936317,0.85,1766.923441
2A,5.1449619,0.084178177,0.17735933,0.004352739,0.85,1843.562515
2A,5.280792004,0.126110067,0.181029258,0.006484712,0.85,1865.762388
2A,2.724498251,0.073842836,0.111961989,0.004551806,0.85,1335.159816
2B,22.52474477,0.453760367,0.644487845,0.01298319,0.85,3206.633331
2B,22.21966548,0.226698065,0.641110191,0.006540982,0.85,3193.379265
2B,22.56231847,0.430906542,0.644901282,0.01231665,0.85,3208.253806
2B,22.69816984,0.357152934,0.646391485,0.010170891,0.85,3214.091306
2B,23.46260973,0.667459429,0.654645161,0.018623209,0.85,3246.327683
2B,22.53949191,0.316760006,0.64465018,0.009059627,0.85,3207.269653
2B,22.02578783,0.462091367,0.638944214,0.013404769,0.85,3184.86551
2B,22.197453,0.416988949,0.64086281,0.012038891,0.85,3192.407461
2B,22.31150377,0.284822857,0.642130883,0.008197276,0.85,3197.387382
2B,22.75005141,0.670721392,0.646958693,0.019073761,0.85,3216.311819
2B,22.31579286,0.553630432,0.64217847,0.015931746,0.85,3197.574185
2B,22.7668352,0.261719129,0.647141963,0.007439305,0.85,3217.029121
2B,21.82351056,0.520253767,0.636667956,0.015177618,0.85,3175.906148
2B,22.42877853,0.255162082,0.643429363,0.007320005,0.85,3202.482732
2B,22.68790788,0.46438692,0.646279169,0.01322835,0.85,3213.651522
2B,22.57450227,0.622149165,0.645035226,0.017777053,0.85,3208.778713
2B,22.14006099,0.44984127,0.64022271,0.013008031,0.85,3189.892225
2B,22.37812023,0.450236816,0.642869142,0.012934212,0.85,3200.284868
2B,21.7295287,0.503623613,0.635604576,0.014731358,0.85,3171.716406
2B,22.39097612,0.452822993,0.64301141,0.013003915,0.85,3200.843085
2B,22.28649861,0.35636668,0.641853312,0.010263395,0.85,3196.297643
2B,22.00199233,0.492858508,0.638677316,0.014306775,0.85,3183.815642
2B,22.2516611,0.24801833,0.641466176,0.00714982,0.85,3194.777453
2B,22.96153411,0.624906277,0.649260037,0.017669842,0.85,3225.313296
2B,21.87008459,0.506950339,0.637193563,0.014770199,0.85,3177.976044
2B,22.46033671,0.29386695,0.643777844,0.008423072,0.85,3203.849516
2B,22.55850758,0.264547983,0.644859375,0.007562391,0.85,3208.089568
2B,22.39399553,0.63791077,0.643044814,0.018317643,0.85,3200.974146
2B,22.65838105,0.481503341,0.645955774,0.013726923,0.85,3212.385064
2B,22.25269604,0.660730334,0.641477684,0.01904685,0.85,3194.822647
2B,22.15797695,0.47060925,0.640422672,0.013601821,0.85,3190.67807
2B,22.02217618,0.362193787,0.638903719,0.010507906,0.85,3184.706232
2B,22.3522545,0.490068446,0.642582703,0.01408849,0.85,3199.160819
2B,22.4460877,0.308794666,0.643620549,0.008854398,0.85,3203.23262
2B,22.53985546,0.3896517,0.64465418,0.011144286,0.85,3207.285334
2B,22.38192479,0.374526062,0.642911251,0.010758102,0.85,3200.450098
2B,22.47644665,0.564854216,0.643955586,0.016183209,0.85,3204.546528
2B,22.28362965,0.589019053,0.641821448,0.016965147,0.85,3196.172537
2B,21.86706295,0.46325033,0.63715949,0.013498125,0.85,3177.841881
2B,22.36870381,0.239385737,0.642764895,0.006878751,0.85,3199.875802
2B,11.75549183,0.304001906,0.448788424,0.017408783,0.85,2585.126578
2B,9.371768158,0.177524821,0.40792072,0.011590564,0.85,2375.069823
2B,9.832127482,0.277079385,0.422302879,0.017851389,0.85,2419.166863
2B,8.003506314,0.177681763,0.389229522,0.012961629,0.85,2231.420106
2B,12.60908432,0.269105439,0.456908419,0.014627138,0.85,2650.898649
2B,11.65402343,0.281390403,0.435980579,0.015790351,0.85,2577.01703
2B,11.01589917,0.194087001,0.424830133,0.0112275,0.85,2524.476523
2B,10.87828092,0.21416817,0.43426868,0.012824618,0.85,2512.78022
2B,15.45691232,0.322770653,0.517384717,0.016206012,0.85,2843.829609
2B,6.922430077,0.207347267,0.357292128,0.016052935,0.85,2101.536261
2B,13.53379249,0.274551747,0.494095654,0.015035123,0.85,2717.648834
2B,8.734653865,0.229230606,0.388325766,0.015286722,0.85,2310.699175
2B,6.987095637,0.08949773,0.359851821,0.006914015,0.85,2109.79052
2B,14.54961707,0.220186889,0.491120977,0.011148582,0.85,2786.247665
2B,8.036524098,0.19648945,0.38083601,0.013966907,0.85,2235.136922
2B,6.42121851,0.101788461,0.352200644,0.00837457,0.85,2035.176183
2B,7.420238792,0.222262189,0.371319542,0.016683485,0.85,2163.413909
2B,7.022071674,0.088481613,0.359161608,0.006788424,0.85,2114.227245
2B,10.94477088,0.163400144,0.434645806,0.009733578,0.85,2518.448088
2B,9.870665417,0.289068882,0.411273522,0.01806662,0.85,2422.772925
2B,9.588483555,0.203401046,0.407167434,0.012955899,0.85,2396.067374
2B,7.161474443,0.209851557,0.356201677,0.015656582,0.85,2131.720408
2B,10.1033999,0.144811129,0.411623779,0.00884965,0.85,2444.282235
2B,7.668672843,0.10375103,0.370707082,0.007523057,0.85,2192.938726
2B,14.46691021,0.16866572,0.494441146,0.00864683,0.85,2780.832529
2B,17.07911271,0.474804346,0.542297149,0.02261403,0.85,2939.287483
2B,8.837920063,0.155547109,0.395707444,0.010446657,0.85,2321.413731
2B,9.802431762,0.253034796,0.415610257,0.016092515,0.85,2416.37942
2B,6.701379441,0.165907013,0.356635481,0.013243914,0.85,2072.802418
2B,16.96295117,0.287696067,0.538362537,0.013696153,0.85,2932.742416
2B,10.35287356,0.10865918,0.425071135,0.006692038,0.85,2466.843569
2B,12.41407055,0.139243631,0.453829315,0.007635631,0.85,2636.243283
2B,8.303796445,0.204317529,0.377652858,0.013938401,0.85,2264.733245
2B,7.497503373,0.202588087,0.370246534,0.015006503,0.85,2172.688632
2B,11.56584053,0.279805327,0.452041966,0.016403963,0.85,2569.916296
2B,8.425835143,0.112449718,0.3798562,0.007604241,0.85,2277.965516
2B,6.162619824,0.08765633,0.341861146,0.007293885,0.85,1999.163133
2B,15.8429634,0.237698651,0.530078855,0.011929494,0.85,2867.373679
2B,6.786703391,0.12904748,0.357689777,0.010202073,0.85,2083.990035
2B,8.211323292,0.234490415,0.381354025,0.016335466,0.85,2254.590567
2B,16.3794335,0.182930224,0.542575781,0.009089464,0.85,2899.210565
2B,7.692835391,0.221533979,0.373160225,0.01611909,0.85,2195.765008
2B,6.695198054,0.161281736,0.344007733,0.012430289,0.85,2071.98711
2B,15.54734414,0.263995217,0.517383067,0.013177812,0.85,2849.393932
2B,8.607808125,0.182886569,0.391457906,0.012475718,0.85,2297.381443
2B,9.092867838,0.093762143,0.400407499,0.006193271,0.85,2347.392009
2B,16.07890401,0.374992056,0.525122379,0.018370349,0.85,2881.498724
2B,9.354632717,0.199080021,0.404622393,0.012916419,0.85,2373.390897
2B,7.065742852,0.172818743,0.364272116,0.013364423,0.85,2119.739875
2B,10.00583704,0.195296416,0.425064631,0.012444776,0.85,2435.320884
2B,9.307389107,0.220695365,0.407581143,0.014496751,0.85,2368.747552
2B,9.169731684,0.143654087,0.410194461,0.009639231,0.85,2355.095524
2B,12.51348272,0.180166632,0.455064362,0.009827889,0.85,2643.740577
2B,7.184488764,0.075899746,0.369886973,0.005861446,0.85,2134.57963
2B,9.015082168,0.136558225,0.394663791,0.008967404,0.85,2339.536146
2B,9.931448161,0.12312595,0.407159892,0.007571698,0.85,2428.434571
2B,8.422431655,0.250464959,0.38726174,0.017274494,0.85,2277.598815
2B,6.902928861,0.140248109,0.362009351,0.011032518,0.85,2099.033795
2B,10.80934133,0.136953454,0.429089579,0.008154794,0.85,2506.869936
2B,16.10130432,0.281569252,0.528956898,0.013875087,0.85,2882.829605
2B,2.734905209,0.055316518,0.10909324,0.003309799,0.85,1337.993034
2B,3.850718624,0.078454674,0.143228619,0.004377217,0.85,1603.418656
2B,3.25798327,0.055125133,0.128659863,0.003265391,0.85,1471.082538
2B,1.685819946,0.021539768,0.083021413,0.00159115,0.85,1003.184304
2B,1.707692221,0.034054479,0.084027839,0.002513501,0.85,1011.419702
2B,6.789510301,0.077813393,0.218481223,0.003755963,0.85,2084.355989
2B,8.589990908,0.121936752,0.269999938,0.00574906,0.85,2295.496716
2B,12.29207451,0.355085881,0.379064021,0.016425252,0.85,2626.966498
2B,2.426495934,0.029409252,0.103055935,0.001873565,0.85,1250.482962
2B,4.604768058,0.077808221,0.164212487,0.004162125,0.85,1750.132177
2B,12.30603122,0.158743504,0.380046586,0.007353702,0.85,2628.032094
2B,3.434242586,0.043916914,0.133004904,0.00255129,0.85,1512.267675
2B,3.613441681,0.053061633,0.139119845,0.003064361,0.85,1552.494438
2B,4.78792256,0.143280025,0.172077475,0.007724205,0.85,1782.782585
2B,1.413959178,0.01453908,0.078791266,0.001215261,0.85,894.8248079
2B,12.04912684,0.206549891,0.370836599,0.009535495,0.85,2608.235998
2B,1.733953438,0.022626931,0.088834819,0.001738852,0.85,1021.220193
2B,9.428167486,0.102390512,0.291390848,0.004746785,0.85,2380.576288
2B,3.272423256,0.079930257,0.124933787,0.004577337,0.85,1474.520154
2B,7.639074457,0.221058359,0.243226719,0.010557686,0.85,2189.465862
2B,2.705263791,0.046263261,0.11130649,0.002855212,0.85,1329.902477
2B,2.857997384,0.050234595,0.11298877,0.00297898,0.85,1370.917639
2B,1.931421242,0.037877484,0.09181083,0.002700781,0.85,1092.031651
2B,6.612596607,0.154607459,0.220058412,0.007717696,0.85,2061.028912
2B,3.37345323,0.098060905,0.128313816,0.005594817,0.85,1498.251419
2B,4.605058402,0.100034482,0.164659318,0.005365277,0.85,1750.184775
2B,10.95916187,0.149265944,0.338761533,0.006920998,0.85,2519.670679
2B,4.733867098,0.085834302,0.165277083,0.004495197,0.85,1773.255003
2B,2.631081091,0.040739786,0.111793461,0.002596523,0.85,1309.36734
2B,2.315670028,0.051733129,0.101489683,0.003400989,0.85,1217.09877
2B,13.6117323,0.186876914,0.411124292,0.008466553,0.85,2723.079442
2B,7.863300771,0.220989066,0.244363027,0.010301315,0.85,2215.483823
2B,6.111125774,0.072781481,0.202130239,0.003610956,0.85,1991.836897
2B,2.516529399,0.066825969,0.10340217,0.004118738,0.85,1276.818335
2B,2.073558971,0.056615768,0.09682662,0.003965583,0.85,1140.108813
2B,5.674019463,0.100458181,0.192317742,0.005107461,0.85,1927.422751
2B,1.415084133,0.039866253,0.077646617,0.003281232,0.85,895.297887
2B,2.333727126,0.02428796,0.101227325,0.001580265,0.85,1222.61353
2B,3.640032324,0.074909917,0.137154657,0.004233854,0.85,1558.330033
2B,4.309101666,0.043636088,0.15310713,0.002325657,0.85,1695.103461
2B,1.707151054,0.026639413,0.084163298,0.001970002,0.85,1011.216744
2B,1.833425475,0.033153999,0.088210962,0.00239269,0.85,1057.507636
2B,3.165332599,0.050332592,0.130146329,0.003104225,0.85,1448.744609
2B,2.099119296,0.058725671,0.094952291,0.003984626,0.85,1148.518021
2B,2.320711346,0.060655711,0.101856152,0.003993274,0.85,1218.641439
2B,12.00789212,0.293875949,0.359011119,0.013179424,0.85,2605.022348
2B,3.339731792,0.092484521,0.127221209,0.005284553,0.85,1490.391986
2B,8.411181266,0.187473033,0.278071593,0.009296719,0.85,2276.385723
2B,2.21918787,0.031178939,0.099510049,0.002097131,0.85,1187.113889
2B,2.417956799,0.033151358,0.105093422,0.002161322,0.85,1247.949378
2B,2.619244308,0.026930789,0.107614348,0.001659719,0.85,1306.051936
2B,5.578915101,0.075477996,0.185546545,0.003765431,0.85,1912.849524
2B,3.383997083,0.086156364,0.126510839,0.004831438,0.85,1500.696435
2B,14.28145015,0.366465677,0.422227467,0.016251698,0.85,2768.583728
2B,1.945663661,0.052707629,0.09118333,0.003705207,0.85,1096.952981
2B,18.34601357,0.251984241,0.540691791,0.01113968,0.85,3008.058467
2B,3.319083524,0.096664153,0.13125842,0.005734106,0.85,1485.549305
2B,6.19397612,0.146904675,0.210220957,0.007478825,0.85,2003.598544
2B,3.588826924,0.107539626,0.135131961,0.006073868,0.85,1547.062415
2B,3.895206788,0.070483642,0.1425119,0.003868122,0.85,1612.688754
2C,21.6576756,0.341802858,0.634789076,0.010018283,0.85,3168.50147
2C,22.79115538,0.231261005,0.647407333,0.006569218,0.85,3218.067613
2C,21.8874078,0.488315376,0.637388832,0.014220358,0.85,3178.744866
2C,22.36157202,0.624606521,0.642685917,0.017951592,0.85,3199.565874
2C,22.50991106,0.634686546,0.644324471,0.01816729,0.85,3205.992871
2C,22.12170382,0.661119805,0.640017688,0.019127296,0.85,3189.086395
2C,22.72051082,0.26553229,0.646635861,0.007557167,0.85,3215.048088
2C,22.57138264,0.259535552,0.645000936,0.007416501,0.85,3208.644338
2C,22.81683382,0.597609021,0.647687275,0.016963956,0.85,3219.162953
2C,22.46957555,0.42460117,0.643879789,0.012167213,0.85,3204.249302
2C,21.67744691,0.447873657,0.635013689,0.013119898,0.85,3169.387117
2C,22.0938738,0.429410221,0.639706606,0.012433155,0.85,3187.863511
2C,22.55896174,0.675555515,0.64486437,0.019311247,0.85,3208.109143
2C,22.85628313,0.234146833,0.64811685,0.006639509,0.85,3220.843404
2C,22.37461652,0.471439518,0.642830357,0.013544618,0.85,3200.13268
2C,22.76221982,0.655544007,0.647091576,0.018636012,0.85,3216.83192
2C,22.38336563,0.456779664,0.642927197,0.013120282,0.85,3200.512666
2C,22.56357945,0.342330057,0.644915148,0.009784522,0.85,3208.308145
2C,22.33013822,0.500051005,0.642337573,0.014384217,0.85,3198.198721
2C,22.79291737,0.587081709,0.64742655,0.016675895,0.85,3218.142811
2C,22.97270685,0.412109545,0.649381142,0.011649309,0.85,3225.786636
2C,22.93868527,0.482093937,0.649012224,0.013640052,0.85,3224.344602
2C,23.52865562,0.263010531,0.655348017,0.007325681,0.85,3249.065392
2C,22.13476524,0.465257012,0.640163578,0.013455783,0.85,3189.659821
2C,22.5091155,0.558877391,0.644315707,0.015997674,0.85,3205.958511
2C,22.14193334,0.628991374,0.640243614,0.018187559,0.85,3189.97438
2C,22.77638296,0.655832394,0.647246171,0.018637068,0.85,3217.436945
2C,22.04211069,0.429405099,0.639127162,0.012450916,0.85,3185.585055
2C,22.79987932,0.260060503,0.647502468,0.007385557,0.85,3218.439874
2C,22.44222251,0.23561987,0.643577867,0.006756895,0.85,3203.065215
2C,22.34439368,0.58613668,0.642495599,0.016853903,0.85,3198.818963
2C,22.38231453,0.279604463,0.642915565,0.008031433,0.85,3200.467023
2C,21.98764983,0.322908691,0.638516333,0.009377195,0.85,3183.18232
2C,22.01231294,0.638196556,0.638793103,0.018520342,0.85,3184.271125
2C,22.44838222,0.61830718,0.643645883,0.017728265,0.85,3203.331984
2C,22.44603084,0.598105604,0.643619921,0.017150145,0.85,3203.230157
2C,22.15597264,0.251846006,0.640400309,0.007279403,0.85,3190.590186
2C,22.27931446,0.245942468,0.641773517,0.00708457,0.85,3195.984338
2C,22.53870697,0.537121795,0.644641541,0.015362506,0.85,3207.235794
2C,22.10020824,0.359741292,0.63977744,0.010414126,0.85,3188.141983
2C,11.39413315,0.336994854,0.436605532,0.019369681,0.85,2555.945806
2C,7.943778631,0.148066641,0.382908402,0.010705729,0.85,2224.661792
2C,13.70605518,0.183578062,0.494576639,0.009936494,0.85,2729.612962
2C,8.185576714,0.134260609,0.385293521,0.009479432,0.85,2251.748495
2C,15.06353225,0.197104398,0.514312307,0.010094566,0.85,2819.263467
2C,8.649841942,0.199533723,0.387663709,0.013413884,0.85,2301.814019
2C,13.49913834,0.345119671,0.475570357,0.018237685,0.85,2715.22488
2C,8.121623529,0.17795198,0.369441304,0.01214218,0.85,2244.65432
2C,7.447238771,0.08225952,0.350797624,0.005812177,0.85,2166.664584
2C,8.276625102,0.08313625,0.381660986,0.005750508,0.85,2261.763524
2C,12.7418326,0.278334413,0.431798865,0.014148414,0.85,2660.755095
2C,12.70276997,0.205309018,0.471309369,0.011426334,0.85,2657.864649
2C,14.94155402,0.411763463,0.512180072,0.021172199,0.85,2811.523745
2C,13.14419991,0.24209295,0.481560005,0.013304227,0.85,2690.059034
2C,12.50346957,0.166429058,0.458548639,0.009155357,0.85,2642.987925
2C,9.037885938,0.207491771,0.402425683,0.013858332,0.85,2341.845487
2C,14.17605537,0.290587048,0.497603551,0.015300146,0.85,2761.556461
2C,7.752614077,0.151783533,0.364322631,0.010699264,0.85,2202.723671
2C,10.92517996,0.244303158,0.439214198,0.014732217,0.85,2516.781365
2C,12.61376525,0.316935261,0.445849783,0.016803728,0.85,2651.247837
2C,12.69560093,0.15596876,0.486634134,0.00896764,0.85,2657.333281
2C,13.53477909,0.158295939,0.490464017,0.008604329,0.85,2717.717759
2C,12.69586828,0.310843532,0.457226394,0.016791983,0.85,2657.353102
2C,11.53495429,0.199809785,0.440595949,0.011448079,0.85,2567.41746
2C,13.40209639,0.185121216,0.491192133,0.010177149,0.85,2708.406132
2C,7.59949392,0.196158363,0.364996979,0.014131969,0.85,2184.803122
2C,7.036991095,0.19882834,0.361437783,0.015318495,0.85,2116.113897
2C,8.588373176,0.120704733,0.402206114,0.00847917,0.85,2295.325417
2C,15.02604325,0.269680256,0.517819878,0.013940376,0.85,2816.891001
2C,9.231737904,0.15173823,0.407794973,0.010054134,0.85,2361.267654
2C,7.879847896,0.126652028,0.362820622,0.008747371,0.85,2217.3777
2C,8.845008719,0.185624552,0.396944129,0.01249562,0.85,2322.145096
2C,11.66939767,0.326649933,0.448963301,0.01885108,0.85,2578.24994
2C,14.72393835,0.350356692,0.484526046,0.017293974,0.85,2797.567433
2C,16.64219703,0.179389167,0.530773319,0.008581948,0.85,2914.44747
2C,14.83914524,0.286011045,0.503639062,0.014560778,0.85,2804.979868
2C,7.866901295,0.217454525,0.362678338,0.015037569,0.85,2215.896216
2C,18.23759812,0.348253973,0.559823547,0.01603507,0.85,3002.352236
2C,14.40991278,0.334343878,0.499329963,0.017378445,0.85,2777.083809
2C,8.34543231,0.162172415,0.382660027,0.011154048,0.85,2269.267097
2C,15.78182255,0.284139727,0.511677136,0.013818537,0.85,2863.681078
2C,12.26157437,0.206562162,0.441454876,0.011155322,0.85,2624.633913
2C,13.00319186,0.173555492,0.469921079,0.009408157,0.85,2679.88556
2C,13.05857826,0.278651566,0.476781192,0.015260753,0.85,2683.893752
2C,15.9465552,0.301962804,0.523346175,0.014865067,0.85,2873.599615
2C,9.756640082,0.254507192,0.424798648,0.016621651,0.85,2412.066047
2C,14.40962501,0.243021703,0.500671326,0.012665909,0.85,2777.064847
2C,14.55244457,0.183711504,0.515331491,0.009758394,0.85,2786.432283
2C,8.962406217,0.102455952,0.401730441,0.006888721,0.85,2334.18148
2C,10.51490465,0.192448119,0.430891123,0.01182952,0.85,2481.232932
2C,10.45446962,0.149362053,0.435083473,0.009323997,0.85,2475.889743
2C,8.069228337,0.08166997,0.389290551,0.005910109,0.85,2238.805079
2C,19.36093528,0.313110986,0.580284279,0.014076803,0.85,3059.976776
2C,6.5849856,0.107848699,0.33735173,0.008287705,0.85,2057.339406
2C,8.142341502,0.126080872,0.380979575,0.008848972,0.85,2246.957947
2C,7.679948144,0.20194813,0.380144298,0.014994131,0.85,2194.258572
2C,8.404827656,0.171039124,0.384997148,0.011752099,0.85,2275.699993
2C,8.745179281,0.128794372,0.394537465,0.008715808,0.85,2311.796446
2C,11.28470162,0.262911809,0.433945506,0.015165141,0.85,2546.940872
2C,8.894335089,0.228907506,0.389124167,0.01502194,0.85,2327.21976
2C,1.881833214,0.031321713,0.084020683,0.002097693,0.85,1074.708457
2C,1.847171578,0.05094237,0.091230986,0.003774032,0.85,1062.421762
2C,4.121886657,0.052586996,0.155819011,0.002981906,0.85,1658.651428
2C,2.335173445,0.0609754,0.110788216,0.004339307,0.85,1223.053953
2C,10.81824504,0.113215193,0.331433828,0.005202786,0.85,2507.635201
2C,6.4308233,0.14947972,0.210119676,0.007326114,0.85,2036.489476
2C,11.4506644,0.213765527,0.344772409,0.009654521,0.85,2560.56657
2C,7.282128983,0.105139472,0.227717517,0.004931683,0.85,2146.621373
2C,2.794948974,0.061637815,0.10744291,0.003554204,0.85,1354.186897
2C,5.781479928,0.103353754,0.183577866,0.004922648,0.85,1943.641526
2C,1.417824563,0.033800749,0.077304836,0.002764406,0.85,896.4494035
2C,3.770889184,0.075329464,0.142150838,0.004259531,0.85,1586.569223
2C,5.806695598,0.160199142,0.205167683,0.008490462,0.85,1947.410037
2C,11.31696269,0.200851854,0.334516047,0.008905415,0.85,2549.603892
2C,1.5505051,0.028154834,0.081656885,0.002224149,0.85,950.6944386
2C,4.952941611,0.083343478,0.166119406,0.004192953,0.85,1811.327091
2C,7.6570636,0.173017137,0.245595196,0.008324113,0.85,2191.577996
2C,1.790629142,0.043847497,0.095083665,0.003492499,0.85,1042.054191
2C,2.701982136,0.08018513,0.114166172,0.005082063,0.85,1329.002781
2C,3.390686354,0.080775101,0.131099506,0.004684705,0.85,1502.244565
2C,7.185091635,0.105862841,0.239748499,0.005298567,0.85,2134.654421
2C,1.900694862,0.025053886,0.088483815,0.001749515,0.85,1081.332503
2C,3.963537715,0.064863339,0.140963539,0.003460305,0.85,1626.764213
2C,17.39517568,0.477603868,0.512261105,0.021097046,0.85,2956.88525
2C,2.992895783,0.084639374,0.122081712,0.005178723,0.85,1405.814822
2C,1.748586131,0.029124638,0.084075559,0.002100557,0.85,1026.640245
2C,2.815423478,0.076294887,0.114145718,0.004639836,0.85,1359.650365
2C,2.389341069,0.04640813,0.104650803,0.003048946,0.85,1239.412629
2C,5.249925778,0.069995805,0.178317331,0.003566183,0.85,1860.760104
2C,6.983783481,0.110520227,0.23416174,0.005558508,0.85,2109.369365
2C,3.53718531,0.094791904,0.136162475,0.005473462,0.85,1535.570741
2C,1.92958931,0.031726539,0.086555474,0.002134733,0.85,1091.396909
2C,3.123598738,0.064020977,0.120487783,0.003704259,0.85,1438.519838
2C,2.89253732,0.07306493,0.116594183,0.00441772,0.85,1379.967723
2C,6.712955251,0.201239838,0.231085065,0.010391144,0.85,2074.327477
2C,7.701204057,0.141962233,0.237123198,0.006556612,0.85,2196.742056
2C,3.12765352,0.065657818,0.125884509,0.003963979,0.85,1439.517785
2C,2.885319434,0.037215667,0.118596018,0.002294528,0.85,1378.083163
2C,1.69449094,0.033997493,0.083084745,0.002500462,0.85,1006.457121
2C,5.556573691,0.080383905,0.202097776,0.004385457,0.85,1909.395505
2C,3.596863215,0.077789455,0.140284035,0.00455089,0.85,1548.839073
2C,4.462679288,0.081784265,0.158129636,0.00434689,0.85,1724.058873
2C,1.452448484,0.025108682,0.081908785,0.002123953,0.85,910.8868424
2C,1.518722917,0.0413647,0.077775127,0.003177484,0.85,937.9621203
2C,3.547601411,0.067442727,0.125228688,0.003571046,0.85,1537.899103
2C,9.565111063,0.212756742,0.287821707,0.009603026,0.85,2393.823591
2C,2.381451252,0.060331762,0.098768699,0.003753314,0.85,1237.046232
2C,15.09968943,0.318391488,0.451302207,0.014274212,0.85,2821.54641
2C,3.366970665,0.09943203,0.127217744,0.005635415,0.85,1496.745248
2C,6.443082341,0.071568736,0.199808289,0.003329158,0.85,2038.163229
2C,1.336433339,0.037267493,0.082521142,0.00345175,0.85,861.6800044
2C,6.615075904,0.074454436,0.210671469,0.003556745,0.85,2061.359551
2C,1.401215123,0.024279475,0.081723019,0.002124076,0.85,889.4500791
2C,2.400948129,0.026259507,0.099412225,0.001630928,0.85,1242.883946
2C,8.884993253,0.182731329,0.278481688,0.008591002,0.85,2326.260622
2C,2.793714585,0.076333805,0.110486093,0.004528285,0.85,1353.856568
2C,10.83168929,0.182948283,0.334770429,0.008481458,0.85,2508.789628
2C,2.139043162,0.041034422,0.098679014,0.002839519,0.85,1161.51498
2C,9.563925453,0.109637148,0.283067999,0.004867473,0.85,2393.709639
2C,4.201906926,0.079729631,0.149310411,0.004249665,0.85,1674.392318
3A,22.37115842,0.240653762,0.642792073,0.006914722,0.85,3199.98245
3A,22.28445741,0.277518808,0.641830642,0.007993018,0.85,3196.208635
3A,23.18353678,0.491890466,0.651657521,0.013826368,0.85,3234.677467
3A,22.02132501,0.265546933,0.638894175,0.007704186,0.85,3184.668691
3A,22.93275394,0.432182593,0.648947861,0.012229843,0.85,3224.092987
3A,22.32481654,0.225234639,0.64227856,0.006479936,0.85,3197.967083
3A,22.09133422,0.325136835,0.639678203,0.009414685,0.85,3187.751846
3A,22.24076399,0.629608606,0.641344981,0.018155686,0.85,3194.301473
3A,22.58270252,0.408758987,0.645125343,0.011677114,0.85,3209.131847
3A,22.29057812,0.502394864,0.641898614,0.014467394,0.85,3196.47551
3A,22.64778816,0.27525629,0.645839672,0.007849395,0.85,3211.930331
3A,22.5745854,0.480761176,0.645036139,0.013737056,0.85,3208.782293
3A,22.30266207,0.353842213,0.642032764,0.010186151,0.85,3197.002189
3A,22.59845338,0.344083238,0.645298364,0.00982529,0.85,3209.809793
3A,17.79392845,0.410350618,0.587348035,0.013544993,0.85,2978.66057
3A,18.1695941,0.25490362,0.592304135,0.008309512,0.85,2998.756545
3A,18.61783908,0.492207431,0.59811181,0.015812527,0.85,3022.226034
3A,18.58640239,0.208962901,0.597708166,0.006719904,0.85,3020.597624
3A,18.21617404,0.475090125,0.592912942,0.01546357,0.85,3001.220818
3A,18.19646662,0.500700029,0.592655515,0.016307706,0.85,3000.178943
3A,17.80934778,0.328727055,0.587553095,0.010845125,0.85,2979.493292
3A,18.10164061,0.251250788,0.591413734,0.008208823,0.85,2995.150761
3A,18.32433939,0.397663363,0.594321899,0.012897602,0.85,3006.920252
3A,18.32648613,0.507886646,0.594349795,0.016471369,0.85,3007.033044
3A,17.39645202,0.191270081,0.582012472,0.006399096,0.85,2956.9557
3A,18.50146575,0.506887142,0.596614854,0.016345537,0.85,3016.18483
3A,18.22506236,0.361001458,0.593028973,0.011746699,0.85,3001.690368
3A,14.58554146,0.401172929,0.541228998,0.014886415,0.85,2788.590806
3A,14.46092841,0.393253398,0.539281451,0.014665328,0.85,2780.439756
3A,14.74226208,0.370463888,0.543659807,0.013661833,0.85,2798.750011
3A,15.08016849,0.367860805,0.548832293,0.013388039,0.85,2820.314507
3A,14.55908256,0.358559313,0.540816578,0.013319165,0.85,2786.865569
3A,14.87731715,0.238829536,0.545738274,0.008760882,0.85,2807.42397
3A,14.27629826,0.250799159,0.536371457,0.009422716,0.85,2768.24135
3A,14.42073741,0.176592379,0.538650495,0.006596166,0.85,2777.79681
3A,14.80287111,0.312288889,0.544594417,0.01148904,0.85,2802.651815
3A,14.59981848,0.323663484,0.541451291,0.012003438,0.85,2789.520514
3A,14.50771938,0.275170164,0.540014281,0.010242535,0.85,2783.508072
3A,15.28997062,0.357224622,0.551997929,0.01289651,0.85,2833.476792
3A,14.74023666,0.319419027,0.543628523,0.01178036,0.85,2798.619362
3A,1.6031587,0.035697831,0.093639694,0.003127639,0.85,971.442953
3A,2.645656071,0.036189107,0.121205345,0.002486895,0.85,1313.43488
3A,7.096319558,0.127174412,0.238889515,0.006421773,0.85,2123.581848
3A,17.21898422,0.390589658,0.506552391,0.017235697,0.85,2947.1129
3A,2.03775225,0.057922313,0.10513119,0.00448247,0.85,1128.210235
3A,4.798969057,0.063425705,0.178143115,0.00353165,0.85,1784.71864
3A,5.80864517,0.090281485,0.204840908,0.004775642,0.85,1947.700821
3A,6.081095095,0.069253522,0.212045012,0.003622258,0.85,1987.539798
3A,2.65866674,0.066634591,0.121549372,0.004569617,0.85,1317.052142
3A,3.02076202,0.055380803,0.131123874,0.003605917,0.85,1412.876521
3A,5.723574154,0.160281356,0.202591466,0.008509971,0.85,1934.934133
3A,1.960225522,0.031978998,0.103081233,0.002522491,0.85,1101.960152
3A,10.93542997,0.165262286,0.340403036,0.007716539,0.85,2517.653739
3A,2.668043127,0.068484051,0.121797302,0.004689489,0.85,1319.651025
3A,9.395950661,0.179562425,0.299696219,0.00859107,0.85,2377.434504
3A,1.799186012,0.033599258,0.098823036,0.002768236,0.85,1045.162883
3A,5.098616123,0.120512596,0.186066364,0.00659689,0.85,1835.875392
3A,9.027328209,0.154305128,0.289949127,0.007434199,0.85,2340.776957
3A,10.24915368,0.170381809,0.322256561,0.008035784,0.85,2457.524392
3A,9.402580888,0.121811083,0.299871535,0.005827285,0.85,2378.081878
3A,5.873109456,0.168261303,0.206545469,0.008876118,0.85,1957.269247
3A,3.091774037,0.053012113,0.133001569,0.003420703,0.85,1430.653019
3A,4.742930453,0.126160684,0.176661345,0.007048717,0.85,1774.858722
3A,8.941194964,0.235815403,0.287671597,0.011380592,0.85,2332.017293
3A,2.581506713,0.05356103,0.119509112,0.003719358,0.85,1295.409028
3A,4.714047955,0.134977888,0.175897636,0.007554746,0.85,1769.739246
3A,3.915165416,0.092814105,0.154773633,0.005503666,0.85,1616.820235
3A,12.4925447,0.323843926,0.381576168,0.014837384,0.85,2642.166105
3A,11.09555383,0.320546302,0.344637021,0.014934647,0.85,2531.185392
3A,8.840697189,0.189738361,0.285014241,0.00917543,0.85,2321.700321
3A,1.580651342,0.043747284,0.093044556,0.003862756,0.85,962.6256032
3A,1.859624469,0.030223029,0.100421146,0.0024481,0.85,1066.853137
3A,2.988360541,0.087518566,0.130267116,0.005722598,0.85,1404.660867
3A,6.637214856,0.081334564,0.226749897,0.004167999,0.85,2064.307244
3A,3.216872826,0.038676025,0.136309423,0.002458245,0.85,1461.231474
3A,3.859435421,0.052182911,0.153300024,0.003109124,0.85,1605.241674
3A,9.279147934,0.217785657,0.296607729,0.01044227,0.85,2365.96169
3A,7.097631546,0.19041978,0.238924207,0.009615016,0.85,2123.746375
3A,4.012803233,0.088817662,0.157355366,0.005224254,0.85,1636.792696
3A,5.644073062,0.124157351,0.200489303,0.006615494,0.85,1922.856464
3A,3.213279293,0.061360316,0.145511392,0.004167997,0.85,1460.365816
3A,5.908759025,0.162964033,0.22596296,0.009348114,0.85,1962.522243
3A,5.678731732,0.098111083,0.21909737,0.005677997,0.85,1928.139421
3A,10.80499481,0.141797237,0.372100153,0.007324775,0.85,2506.496148
3A,7.769263628,0.211747677,0.281493153,0.011507948,0.85,2204.653336
3A,5.346504971,0.13389127,0.20918145,0.007857723,0.85,1876.330673
3A,2.400791256,0.069651198,0.121261187,0.005277002,0.85,1242.837109
3A,3.097096039,0.079975266,0.142043689,0.005501919,0.85,1431.972828
3A,2.998754248,0.054800535,0.139108496,0.003813193,0.85,1407.303523
3A,3.060817919,0.086340307,0.140960901,0.00596439,0.85,1422.941982
3A,3.230393488,0.078113733,0.146022197,0.005296416,0.85,1464.481913
3A,13.67921392,0.198852403,0.457886527,0.009984328,0.85,2727.758008
3A,4.06886361,0.066059747,0.171047885,0.004165554,0.85,1648.085142
3A,2.678137577,0.067956672,0.1295391,0.004930504,0.85,1322.44152
3A,12.94136414,0.147823906,0.435864038,0.007468045,0.85,2675.392454
3A,10.30664025,0.219057961,0.357225841,0.01138875,0.85,2462.700092
3A,4.554000828,0.052941598,0.185527701,0.003235221,0.85,1740.893068
3A,4.122742757,0.070942662,0.172656008,0.004456503,0.85,1658.821131
3A,5.894773356,0.146983212,0.225545531,0.008435797,0.85,1960.46468
3A,4.276187975,0.10228992,0.177235864,0.006359441,0.85,1688.789016
3A,6.431894649,0.176085927,0.241576908,0.009920474,0.85,2036.635859
3A,4.890933234,0.105454464,0.19558407,0.006325545,0.85,1800.694958
3A,2.1584152,0.046796529,0.114027027,0.003708324,0.85,1167.761977
3A,4.256290606,0.118498494,0.17664199,0.007376779,0.85,1684.952602
3A,3.246535817,0.040509664,0.146503995,0.002742074,0.85,1468.349036
3A,1.644921087,0.018531143,0.098700847,0.001667897,0.85,987.6034221
3A,2.141576378,0.023883865,0.113524441,0.001899117,0.85,1162.334066
3A,2.816190156,0.034027632,0.133659534,0.002422484,0.85,1359.854377
3A,7.666659929,0.193719178,0.278430756,0.010552974,0.85,2192.702921
3A,12.6294065,0.290606029,0.426553086,0.014722651,0.85,2652.413769
3A,5.393982552,0.127386729,0.210598506,0.007460384,0.85,1883.898382
3A,1.660216445,0.046952933,0.099157365,0.004206436,0.85,993.4583842
3A,4.671014094,0.110241618,0.189020178,0.006691659,0.85,1762.063212
3A,12.44533061,0.13361292,0.421059002,0.006780727,0.85,2638.606772
3A,4.652175385,0.059814844,0.188457902,0.003634616,0.85,1758.684566
3A,3.624656247,0.090228275,0.157789697,0.005891769,0.85,1554.959682
3A,1.552908684,0.026447879,0.095954567,0.00245133,0.85,951.6508802
3A,2.191795071,0.031712847,0.115023311,0.00249639,0.85,1178.436794
3A,14.33172178,0.428669302,0.477361828,0.021417213,0.85,2771.918567
3A,1.382816656,0.03814433,0.090877857,0.003760233,0.85,881.6401044
3A,1.674482463,0.021180575,0.104070251,0.001974581,0.85,998.8890592
3A,8.552054375,0.198337596,0.335240729,0.011662258,0.85,2291.472051
3A,3.843906792,0.077551656,0.176989425,0.0053562,0.85,1601.991759
3A,1.967285176,0.039887118,0.113912001,0.003464384,0.85,1104.378791
3A,9.979882866,0.159727648,0.383233218,0.00920045,0.85,2432.92356
3A,6.381403728,0.155823438,0.262280337,0.009606685,0.85,2029.713995
3A,6.96212997,0.142777542,0.281799836,0.008668616,0.85,2106.611716
3A,1.745687504,0.036640855,0.106463611,0.003351904,0.85,1025.568869
3A,9.148384114,0.160461526,0.355284697,0.009347475,0.85,2352.961864
3A,4.468319047,0.128807695,0.197977308,0.008560602,0.85,1725.106631
3A,6.055538285,0.063425393,0.251327275,0.003948583,0.85,1983.868488
3A,5.530144182,0.116625198,0.233667611,0.007391724,0.85,1905.294231
3A,5.51194202,0.129313055,0.233055796,0.008201417,0.85,1902.459994
3A,4.476131583,0.101796938,0.198239905,0.006762608,0.85,1726.556264
3A,4.989495734,0.1105059,0.215495215,0.007159088,0.85,1817.543
3A,6.908511314,0.177577223,0.279997594,0.010795639,0.85,2099.750785
3A,1.287389683,0.034573166,0.091059203,0.003668126,0.85,840.1394028
3A,9.574838297,0.101023663,0.36961877,0.005849745,0.85,2394.758018
3A,1.793206185,0.047815665,0.108060819,0.004322147,0.85,1042.991427
3A,12.34420445,0.280319422,0.462703322,0.015761007,0.85,2630.940922
3A,2.392083296,0.049229581,0.12819041,0.003957279,0.85,1240.233817
3A,5.217500213,0.142834462,0.223158953,0.009163811,0.85,1855.478429
3A,4.944252135,0.104965833,0.213974477,0.006813976,0.85,1809.843859
3A,7.068206028,0.210980113,0.285365288,0.012776877,0.85,2120.049912
3A,5.584095799,0.099818093,0.235481045,0.006313986,0.85,1913.648793
3A,2.249293052,0.059206594,0.123390913,0.004871901,0.85,1196.565416
3A,11.76913459,0.271172273,0.443373946,0.015323648,0.85,2586.212011
3A,4.315682813,0.098489437,0.192846865,0.006601521,0.85,1696.361347
3A,2.787524422,0.036549773,0.141482065,0.00278265,0.85,1352.198425
3A,3.079652876,0.048441534,0.151301152,0.003569847,0.85,1427.640661
3A,2.404447794,0.07191266,0.128606008,0.005769558,0.85,1243.928265
3A,1.266140981,0.029524248,0.090344986,0.003160036,0.85,830.6629196
3A,3.058435403,0.052983813,0.150587986,0.003913141,0.85,1422.346074
3A,11.47442142,0.272592512,0.433467981,0.015446547,0.85,2562.502169
3A,1.279095124,0.03366402,0.090780404,0.003583823,0.85,836.4507169
3A,1.538758389,0.03073417,0.099508263,0.002981271,0.85,946.0071465
3A,2.250292228,0.054152805,0.123424497,0.004455277,0.85,1196.877604
3A,1.906503836,0.05255784,0.111869005,0.004625949,0.85,1083.363891
3A,1.603104737,0.021604294,0.101671087,0.002055261,0.85,971.421904
3A,4.098276737,0.115763034,0.185539364,0.007861328,0.85,1653.960083
3B,22.57130614,0.325072661,0.645000095,0.009289312,0.85,3208.641043
3B,22.52180734,0.429409503,0.6444555,0.012287438,0.85,3206.506537
3B,22.38931485,0.572832014,0.642993029,0.016451017,0.85,3200.770968
3B,22.31565043,0.398446783,0.642176889,0.011466093,0.85,3197.567982
3B,22.97234949,0.352010741,0.649377269,0.009950561,0.85,3225.7715
3B,22.3897344,0.417276585,0.642997671,0.011983522,0.85,3200.789181
3B,22.62030236,0.610325457,0.645538211,0.017417469,0.85,3210.749466
3B,22.93922437,0.242084141,0.649018073,0.006849272,0.85,3224.367468
3B,22.57070889,0.28627279,0.644993529,0.008180696,0.85,3208.615314
3B,22.55458015,0.590111183,0.64481618,0.016870775,0.85,3207.92028
3B,22.39168752,0.508342002,0.643019281,0.014597993,0.85,3200.873966
3B,22.52811608,0.294899666,0.644524964,0.008437021,0.85,3206.778834
3B,22.28798717,0.371057156,0.641869843,0.010686043,0.85,3196.362548
3B,23.3264012,0.460332241,0.653190577,0.012890316,0.85,3240.658202
3B,17.83928179,0.28143289,0.587950781,0.009275524,0.85,2981.107932
3B,18.16382038,0.515338626,0.592228585,0.016802537,0.85,2998.450674
3B,18.36145883,0.188332106,0.594803884,0.006100859,0.85,3008.868794
3B,18.34364289,0.480924097,0.594572646,0.015588197,0.85,3007.934033
3B,18.12399129,0.408095479,0.591706891,0.013323385,0.85,2996.338158
3B,17.74911906,0.201870665,0.586751313,0.006673451,0.85,2976.236755
3B,17.87770101,0.247389579,0.588460417,0.008143048,0.85,2983.176509
3B,18.26277674,0.391811123,0.593520804,0.012733444,0.85,3003.680324
3B,17.678502,0.210643542,0.58580847,0.006980047,0.85,2972.405175
3B,18.38205263,0.364556393,0.595070952,0.011801561,0.85,3009.948232
3B,18.54346859,0.314729549,0.597156019,0.010135248,0.85,3018.36944
3B,18.4336971,0.208800015,0.595739648,0.006747992,0.85,3012.650173
3B,18.4928005,0.412856222,0.596503089,0.013317075,0.85,3015.733556
3B,14.2411486,0.419391056,0.535814102,0.01577932,0.85,2765.902336
3B,14.34620887,0.297694575,0.5374768,0.011153046,0.85,2772.877559
3B,14.71358157,0.188216955,0.543216488,0.006948856,0.85,2796.898418
3B,14.55079693,0.203061354,0.540687307,0.007545477,0.85,2786.324706
3B,14.42799586,0.385274091,0.538764547,0.014386754,0.85,2778.274632
3B,14.66664997,0.43024418,0.542489586,0.015913858,0.85,2793.861245
3B,15.13743298,0.190504924,0.549699775,0.006917984,0.85,2823.924052
3B,15.2121511,0.334765129,0.550827765,0.012121752,0.85,2828.61454
3B,14.57690227,0.25732766,0.541094402,0.009551999,0.85,2788.027814
3B,14.7898616,0.429512436,0.544394061,0.01580975,0.85,2801.815569
3B,14.86385641,0.375363167,0.545531786,0.013776542,0.85,2806.562766
3B,14.71518164,0.185944588,0.543241239,0.006864527,0.85,2797.001806
3B,15.06836469,0.150809292,0.548653158,0.005491106,0.85,2819.568881
3B,15.68700147,0.256589156,0.472401629,0.011590469,0.85,2857.927665
3B,7.994946039,0.182475022,0.259800322,0.008894445,0.85,2230.45425
3B,2.729261179,0.037692174,0.121306356,0.002512933,0.85,1336.457469
3B,9.930797905,0.226456205,0.304968551,0.010431491,0.85,2428.37417
3B,3.364574425,0.082984174,0.138704419,0.005131528,0.85,1496.187935
3B,2.310573194,0.027589647,0.111533855,0.001997673,0.85,1215.536726
3B,4.534604046,0.096301109,0.174188072,0.005548832,0.85,1737.340739
3B,5.803893864,0.1114585,0.211225907,0.006084602,0.85,1946.992004
3B,5.996716265,0.111312663,0.209469012,0.00583233,0.85,1975.367756
3B,5.123660827,0.095381755,0.182128664,0.005085744,0.85,1840.036647
3B,17.25785089,0.423864636,0.515315275,0.018984744,0.85,2949.276715
3B,2.746005861,0.034933166,0.122091856,0.002329777,0.85,1341.006416
3B,9.07429199,0.117732477,0.295157479,0.005744187,0.85,2345.521482
3B,4.491542277,0.105762762,0.171633868,0.006062218,0.85,1729.409698
3B,5.310662439,0.132764769,0.191036034,0.007163755,0.85,1870.579939
3B,5.556232264,0.132862592,0.195860155,0.007025216,0.85,1909.342629
3B,9.374702224,0.121109094,0.294834754,0.005713329,0.85,2375.357023
3B,4.327129639,0.080809091,0.159762833,0.004475353,0.85,1698.545529
3B,1.804432775,0.020754203,0.100963886,0.001741898,0.85,1047.064324
3B,5.016674233,0.067952566,0.183102944,0.003720288,0.85,1822.140076
3B,3.228423516,0.055336296,0.137999316,0.003548034,0.85,1464.008968
3B,1.946954784,0.029022413,0.100401695,0.002244967,0.85,1097.397939
3B,1.990763459,0.053287358,0.10305192,0.004137632,0.85,1112.381269
3B,3.512651048,0.081241796,0.142063943,0.004928555,0.85,1530.065285
3B,2.540386991,0.029805811,0.118039533,0.002077398,0.85,1283.683851
3B,1.982073532,0.055132536,0.107699815,0.0044936,0.85,1109.426689
3B,2.669105358,0.069184086,0.121929601,0.004740683,0.85,1319.945028
3B,2.380207089,0.047583928,0.111527185,0.003344395,0.85,1236.672566
3B,3.971741601,0.107127045,0.156832362,0.006345197,0.85,1628.441084
3B,6.087133888,0.079460678,0.208484329,0.004082292,0.85,1988.405353
3B,2.871218145,0.063185542,0.12596437,0.004158058,0.85,1374.391251
3B,7.881366883,0.107862348,0.268786885,0.005517822,0.85,2217.551377
3B,2.10636243,0.040841927,0.10681097,0.003106564,0.85,1150.888364
3B,2.515698059,0.06107155,0.118531697,0.004316246,0.85,1276.578261
3B,1.984358182,0.045160966,0.104195852,0.003557008,0.85,1110.204304
3B,1.710381625,0.03192224,0.09674137,0.002708344,0.85,1012.427726
3B,7.124028314,0.162343353,0.243449192,0.008321631,0.85,2127.050951
3B,3.916532914,0.055275365,0.157086201,0.003325517,0.85,1617.102696
3B,3.752350419,0.052868723,0.149959952,0.00316929,0.85,1582.615952
3B,6.709527799,0.184108083,0.231643126,0.009534361,0.85,2073.876164
3B,2.5651744,0.032237992,0.126945076,0.002393085,0.85,1290.76811
3B,1.485616368,0.018818279,0.09232003,0.001754125,0.85,924.5272519
3B,2.778118627,0.072991087,0.136211097,0.005368127,0.85,1349.673725
3B,8.908782814,0.218130224,0.307621019,0.011298082,0.85,2328.701342
3B,1.482633978,0.037319504,0.093455573,0.003528567,0.85,923.3082038
3B,4.234685077,0.059530508,0.172673342,0.00364112,0.85,1680.770356
3B,1.749831772,0.044895704,0.100856554,0.003881538,0.85,1027.100306
3B,12.09643856,0.15397838,0.401346189,0.007663243,0.85,2611.910776
3B,4.730575735,0.084065692,0.179364197,0.004781144,0.85,1772.671984
3B,3.287425425,0.092763611,0.154585538,0.006543074,0.85,1478.07932
3B,1.753905848,0.033978146,0.1047029,0.00304259,0.85,1028.603556
3B,2.595255909,0.040151169,0.123278828,0.002860868,0.85,1299.299562
3B,2.560771535,0.062117748,0.125743963,0.004575339,0.85,1289.513372
3B,6.856208154,0.185845978,0.25989557,0.010567185,0.85,2093.013217
3B,6.530789358,0.14461881,0.246271498,0.008180211,0.85,2050.058247
3B,1.42357033,0.021262813,0.091052465,0.002039975,0.85,898.8595176
3B,5.199535217,0.15328377,0.200719631,0.008875907,0.85,1852.54031
3B,1.858412362,0.028285263,0.099813183,0.002278753,0.85,1066.422656
3B,2.571387274,0.048443761,0.125939547,0.003558965,0.85,1292.536033
3B,3.645878736,0.078697013,0.163073462,0.005279959,0.85,1559.608604
3B,1.660811754,0.036164457,0.100865892,0.003294558,0.85,993.6855833
3B,3.054692054,0.03968074,0.140762318,0.002742774,0.85,1421.40909
3B,3.786138968,0.111234862,0.1632229,0.00719311,0.85,1589.809642
3B,4.20408625,0.044260271,0.168676116,0.002663712,0.85,1674.817621
3B,3.36892743,0.037103118,0.153410537,0.002534342,0.85,1497.200121
3B,4.007801732,0.099623257,0.168741093,0.00629168,0.85,1635.779096
3B,1.667825445,0.044890717,0.099553892,0.004019347,0.85,996.3585324
3B,15.13751868,0.224121428,0.480873034,0.010679487,0.85,2823.929445
3B,1.740401659,0.022436749,0.104572163,0.002022171,0.85,1023.612226
3B,1.632684717,0.047162049,0.100947566,0.004373987,0.85,982.8949895
3B,3.922627868,0.10970353,0.171511809,0.007194967,0.85,1618.360672
3B,2.343539431,0.052718576,0.121146979,0.004087853,0.85,1225.597762
3B,3.853454988,0.084911566,0.170194005,0.005625383,0.85,1603.991288
3B,2.176609407,0.063850296,0.114655595,0.00504509,0.85,1173.594358
3B,1.827237498,0.047630583,0.102148338,0.00399405,0.85,1055.287694
3B,1.314332228,0.023501475,0.090548765,0.002428643,0.85,852.0294375
3B,16.16254739,0.195762323,0.52216138,0.009486703,0.85,2886.459392
3B,1.839382938,0.027834159,0.101876836,0.002312452,0.85,1059.640304
3B,3.448316381,0.093218302,0.153895213,0.006240372,0.85,1515.485285
3B,6.654361839,0.123493473,0.248328949,0.006912835,0.85,2066.584414
3B,13.72349657,0.329349147,0.494382858,0.017796985,0.85,2730.816494
3B,2.214660027,0.033791906,0.120295257,0.002753248,0.85,1185.68473
3B,8.325782342,0.219509922,0.326303155,0.012904513,0.85,2267.129877
3B,6.214751853,0.06534237,0.259878514,0.004098573,0.85,2006.526678
3B,1.434469163,0.029409337,0.094606025,0.002909404,0.85,903.4154745
3B,3.036852627,0.056134801,0.146410265,0.004059488,0.85,1416.931853
3B,4.469915164,0.108675191,0.198126534,0.007225452,0.85,1725.402962
3B,1.899601635,0.031179311,0.10481941,0.002580697,0.85,1080.949749
3B,2.932241019,0.081616103,0.148544206,0.006201877,0.85,1390.27212
3B,11.26222064,0.298332682,0.446318352,0.017734249,0.85,2545.081021
3B,6.188251662,0.120731347,0.249692992,0.007307178,0.85,2002.790252
3B,3.500206013,0.05456401,0.162006015,0.003788219,0.85,1527.261183
3B,4.524099666,0.101611783,0.194748119,0.006561097,0.85,1735.411766
3B,1.228325997,0.025342336,0.08950529,0.002769957,0.85,813.5763106
3B,2.433867419,0.055021632,0.130921625,0.004439553,0.85,1252.665028
3B,2.375978675,0.045117799,0.127553015,0.003633184,0.85,1235.401594
3B,3.944074216,0.070160734,0.17777828,0.00474372,0.85,1622.774769
3B,12.07305887,0.251768683,0.448625009,0.014033278,0.85,2610.096499
3B,1.533447011,0.03363886,0.100152579,0.003295535,0.85,943.8806218
3B,1.709634529,0.017385667,0.106318897,0.001621772,0.85,1012.147805
3B,8.749963846,0.208585396,0.358259011,0.012810498,0.85,2312.294844
3B,13.27666629,0.154403375,0.484478379,0.008451492,0.85,2699.524269
3B,1.779789011,0.038837944,0.105726722,0.003460698,0.85,1038.102279
3B,1.343514718,0.026220841,0.095176434,0.002786281,0.85,864.752824
3B,1.710531846,0.05053294,0.103568213,0.004589455,0.85,1012.484001
3B,2.708500841,0.066244871,0.147336367,0.005405358,0.85,1330.789165
3B,3.993197971,0.08026106,0.181686126,0.005477685,0.85,1632.813708
3B,3.547024618,0.086146027,0.161678143,0.005889977,0.85,1537.770309
3B,2.546021009,0.053757305,0.135031544,0.004276633,0.85,1285.298403
3B,7.355303324,0.203737489,0.294417377,0.012232777,0.85,2155.553095
3B,1.848079225,0.024687982,0.108528728,0.002174708,0.85,1062.745404
3B,4.925164845,0.111721049,0.217346528,0.007395341,0.85,1806.578168
3B,6.476565095,0.128221454,0.270805032,0.008041998,0.85,2042.720693
3B,12.28245038,0.275119686,0.449305729,0.015096277,0.85,2626.231044
3B,1.84575737,0.033250212,0.111618738,0.003016117,0.85,1061.91729
3B,7.18998889,0.17286237,0.290497677,0.010476258,0.85,2135.261757
3B,1.210293544,0.02220986,0.088771081,0.002443531,0.85,805.3260215
3B,6.121470305,0.111137831,0.261727453,0.007127656,0.85,1993.312898
3B,8.154011382,0.099861381,0.311146983,0.00571588,0.85,2248.253222
3B,6.001020726,0.102558963,0.252419249,0.006470863,0.85,1975.992239
3C,22.27187911,0.242059718,0.64169091,0.006974154,0.85,3195.659975
3C,22.25956631,0.473451538,0.641554067,0.013645583,0.85,3195.122609
3C,22.10199199,0.471770474,0.639797383,0.013656575,0.85,3188.220386
3C,21.91851789,0.372676852,0.637739196,0.010843372,0.85,3180.124106
3C,22.02322163,0.440494264,0.638915441,0.012779174,0.85,3184.752341
3C,22.20292748,0.367787421,0.640923798,0.010616785,0.85,3192.647058
3C,22.64988495,0.275747418,0.645862657,0.007862952,0.85,3212.020359
3C,22.78624147,0.525076398,0.647353733,0.014917342,0.85,3217.857871
3C,22.4352654,0.584135804,0.643501027,0.016754515,0.85,3202.763828
3C,22.0317126,0.642021931,0.639010632,0.018621287,0.85,3185.126745
3C,22.22097207,0.339681878,0.641124736,0.009800582,0.85,3193.4364
3C,21.72071884,0.490103227,0.635504706,0.014339438,0.85,3171.322773
3C,22.90089391,0.376389297,0.648601909,0.010660144,0.85,3222.740377
3C,22.17039119,0.314821701,0.640561153,0.00909603,0.85,3191.222239
3C,18.32390553,0.22864582,0.594316261,0.007415882,0.85,3006.897455
3C,18.51044629,0.190230985,0.596730642,0.006132573,0.85,3016.652312
3C,18.71940826,0.541917059,0.599412232,0.01735267,0.85,3027.469505
3C,18.45518362,0.379105677,0.596017416,0.012243367,0.85,3013.772193
3C,18.09944875,0.29580642,0.591384969,0.009665237,0.85,2995.034242
3C,18.36274453,0.483712463,0.594820564,0.015668797,0.85,3008.936219
3C,18.70596234,0.489516108,0.599240404,0.015681515,0.85,3026.776917
3C,18.02543052,0.313760549,0.590411964,0.010277035,0.85,2991.09157
3C,17.80896501,0.392789035,0.587548006,0.012958777,0.85,2979.472628
3C,17.9737079,0.445702628,0.589730151,0.014623821,0.85,2988.327386
3C,18.34253889,0.423155533,0.594558311,0.013716239,0.85,3007.876081
3C,18.10627301,0.396371196,0.591474517,0.01294819,0.85,2995.396975
3C,18.18869789,0.469632575,0.592553976,0.015299757,0.85,2999.767939
3C,14.92454938,0.301093896,0.546461652,0.011024538,0.85,2810.440072
3C,14.57685876,0.195048967,0.541093724,0.007240227,0.85,2788.024978
3C,14.74676199,0.416488966,0.543729302,0.015356405,0.85,2799.040215
3C,14.65632896,0.432291159,0.542329483,0.015996109,0.85,2793.192102
3C,15.17087547,0.371101183,0.550205186,0.013458801,0.85,2826.026109
3C,14.96878588,0.35831383,0.547137512,0.01309705,0.85,2813.256774
3C,14.69188152,0.354588144,0.542880614,0.013102408,0.85,2795.49523
3C,14.67948167,0.312223619,0.542688513,0.011542654,0.85,2794.692549
3C,15.20367478,0.234387584,0.550700022,0.008489872,0.85,2828.08352
3C,15.17884469,0.301778088,0.550325493,0.010941292,0.85,2826.52638
3C,14.88277225,0.326403143,0.545821913,0.011970753,0.85,2807.772773
3C,14.76858233,0.376272619,0.544066045,0.013861666,0.85,2800.446261
3C,14.49208259,0.351954547,0.539769588,0.013108838,0.85,2782.483721
3C,2.892350607,0.065480445,0.122671116,0.00416576,0.85,1379.919017
3C,2.3928911,0.067437609,0.122203138,0.005165982,0.85,1240.475595
3C,5.932994755,0.126354082,0.20549058,0.006564452,0.85,1966.077944
3C,3.939112366,0.067876415,0.153269738,0.003961578,0.85,1621.755224
3C,8.02599986,0.111843602,0.257772464,0.005388151,0.85,2233.953684
3C,2.293698559,0.058097072,0.113494979,0.00431207,0.85,1210.347886
3C,6.464699462,0.072115535,0.221855222,0.003712286,0.85,2041.107956
3C,11.17005842,0.298980409,0.359741309,0.014443381,0.85,2537.42063
3C,2.181306333,0.061145259,0.119968253,0.005044333,0.85,1175.094592
3C,3.176334014,0.035184021,0.141176461,0.002345702,0.85,1451.422888
3C,8.13685212,0.171422867,0.260263958,0.008224654,0.85,2246.348093
3C,1.865055432,0.028015433,0.094287079,0.002124462,0.85,1068.779711
3C,3.628014368,0.045269362,0.138801086,0.002597882,0.85,1555.696719
3C,10.17841944,0.290408165,0.319755293,0.013684769,0.85,2451.119545
3C,3.208373384,0.056590501,0.130844171,0.003461818,0.85,1459.182823
3C,6.539404156,0.113673505,0.218015273,0.005684591,0.85,2051.219124
3C,4.840968991,0.104954333,0.180614506,0.005873703,0.85,1792.046206
3C,4.895117021,0.085837685,0.187744558,0.004938255,0.85,1801.415835
3C,2.40354648,0.05601906,0.110978207,0.003879826,0.85,1243.65941
3C,8.02905144,0.239822257,0.278195975,0.012464284,0.85,2234.296915
3C,12.68393833,0.179647931,0.376204008,0.007992502,0.85,2656.468254
3C,3.062727171,0.050726295,0.13519199,0.003358668,0.85,1423.419267
3C,4.283224115,0.065403915,0.167166726,0.0038289,0.85,1690.142193
3C,4.606462815,0.069660429,0.166569986,0.003778388,0.85,1750.43916
3C,3.640909973,0.07778364,0.146471092,0.004693767,0.85,1558.522071
3C,5.9796013,0.123341087,0.212901952,0.006587285,0.85,1972.880941
3C,1.961679351,0.045191405,0.111287163,0.0038456,0.85,1102.458705
3C,5.441625042,0.163004674,0.19005319,0.008539607,0.85,1891.436101
3C,6.634345278,0.154658154,0.220899415,0.007724326,0.85,2063.925656
3C,11.48511988,0.168310178,0.357354716,0.007855351,0.85,2563.372621
3C,2.769253438,0.032947535,0.123230667,0.002199228,0.85,1347.288374
3C,2.286056049,0.050333981,0.106069176,0.003503119,0.85,1207.989112
3C,3.790833404,0.094336687,0.148540357,0.005544746,0.85,1590.805082
3C,1.887951317,0.035844457,0.105768745,0.003012172,0.85,1076.861821
3C,3.361523266,0.046846134,0.146649249,0.003065552,0.85,1495.477859
3C,4.110134554,0.094490743,0.153934362,0.005308356,0.85,1656.318968
3C,5.553863631,0.091649098,0.204581278,0.005063958,0.85,1908.975725
3C,7.04635623,0.127228316,0.251961534,0.006824089,0.85,2117.296387
3C,7.428256482,0.114523379,0.251406322,0.005813996,0.85,2164.380289
3C,3.740459631,0.10352945,0.149463813,0.00620535,0.85,1580.072193
3C,2.620145679,0.05798413,0.120456051,0.00399856,0.85,1306.304785
3C,4.863823013,0.098663791,0.182190011,0.005543651,0.85,1796.011354
3C,1.905877736,0.045393693,0.110264993,0.003939394,0.85,1083.14514
3C,2.657334378,0.054410632,0.118911601,0.003652187,0.85,1316.682307
3C,9.912720618,0.137164243,0.331806229,0.006886901,0.85,2426.693545
3C,1.168348615,0.025840341,0.091271756,0.003027983,0.85,785.8718292
3C,1.939695062,0.041472301,0.11060725,0.003547313,0.85,1094.893492
3C,5.18356425,0.142972746,0.224202668,0.009275916,0.85,1849.92115
3C,7.714676557,0.208822584,0.279220343,0.011336998,0.85,2198.313007
3C,2.907585961,0.070464574,0.134426747,0.004886695,0.85,1383.88565
3C,13.37955076,0.28429662,0.450784455,0.014367803,0.85,2706.815364
3C,12.1383123,0.330167868,0.442121746,0.018038883,0.85,2615.15212
3C,1.587589075,0.028335825,0.097090255,0.002599349,0.85,965.3516609
3C,2.775782181,0.036543182,0.127022995,0.002508387,0.85,1349.045602
3C,9.819584267,0.210977984,0.334981836,0.010795843,0.85,2417.990405
3C,7.877622864,0.180583344,0.285698327,0.009823844,0.85,2217.123243
3C,1.430529732,0.027360626,0.091720646,0.002631404,0.85,901.7710621
3C,2.446629104,0.028018377,0.126787508,0.002177923,0.85,1256.431621
3C,1.966470531,0.035495073,0.110205395,0.002983835,0.85,1104.099987
3C,2.878552384,0.055186675,0.133478968,0.003838523,0.85,1376.313131
3C,5.216487341,0.128399511,0.209155721,0.007722292,0.85,1855.313003
3C,5.202406304,0.074034739,0.199717562,0.00426323,0.85,1853.010438
3C,1.722489771,0.039354783,0.099903348,0.00342383,0.85,1016.953666
3C,3.739028429,0.103042156,0.158969485,0.00657145,0.85,1579.765591
3C,14.27889701,0.218271861,0.442729697,0.010151565,0.85,2768.414069
3C,10.32044098,0.204130092,0.338649291,0.010047319,0.85,2463.938699
3C,4.71408672,0.092307886,0.187621157,0.005510796,0.85,1769.746134
3C,2.206323073,0.029540045,0.112135379,0.002252039,0.85,1183.047998
3C,1.895475151,0.039283174,0.110675968,0.003440591,0.85,1079.503707
3C,2.024943543,0.037493958,0.106375673,0.002954486,0.85,1123.919813
3C,4.799290393,0.059421098,0.199428694,0.003703758,0.85,1784.774904
3C,1.851766051,0.02817687,0.110000496,0.002510687,0.85,1064.058963
3C,16.00719406,0.284900532,0.535391103,0.014293562,0.85,2877.226415
3C,5.374610675,0.1120158,0.211604626,0.006615287,0.85,1880.817402
3C,17.02899084,0.430829102,0.537645994,0.020403459,0.85,2936.468563
3C,2.419126546,0.034162478,0.116296644,0.002463481,0.85,1248.296819
3C,1.580788337,0.024747264,0.100650493,0.002363527,0.85,962.6795036
3C,3.702263145,0.081403731,0.15732785,0.005188883,0.85,1571.857555
3C,1.550792453,0.015807632,0.096292699,0.001472305,0.85,950.8088306
3C,3.863939358,0.106649054,0.172286726,0.00713296,0.85,1606.182339
3C,1.718829286,0.039266935,0.103513064,0.003547159,0.85,1015.587529
3C,4.21070262,0.077341306,0.185483444,0.005110382,0.85,1676.107739
3C,2.388196346,0.029303557,0.131685631,0.002423706,0.85,1239.069633
3C,2.187293841,0.063553316,0.123861016,0.0053983,0.85,1177.003839
3C,15.16839201,0.20548125,0.520773457,0.010582122,0.85,2825.870158
3C,1.729481776,0.033902771,0.103950265,0.003056582,0.85,1019.55807
3C,5.21367854,0.13230411,0.222325947,0.00846273,0.85,1854.854118
3C,4.812021315,0.050204095,0.213931006,0.003347932,0.85,1787.001486
3C,1.526343087,0.030596399,0.09213263,0.002770275,0.85,941.0294329
3C,2.197865566,0.041486496,0.122583711,0.003470801,0.85,1180.366123
3C,3.038252708,0.065847484,0.144625462,0.004701661,0.85,1417.283952
3C,2.695812095,0.054589136,0.131317009,0.003988677,0.85,1327.309044
3C,1.69592661,0.028891747,0.098692102,0.002521973,0.85,1006.99799
3C,3.472323123,0.088286443,0.159514797,0.006083677,0.85,1520.950386
3C,3.868828777,0.042212205,0.180815759,0.00295928,0.85,1607.202529
3C,4.468827648,0.068648234,0.197143629,0.004542655,0.85,1725.201066
3C,1.405517114,0.02263855,0.092099639,0.002225162,0.85,891.2676007
3C,2.886178183,0.06761048,0.144297527,0.005070386,0.85,1378.307562
3C,5.035390831,0.082737424,0.211043976,0.005201553,0.85,1825.293815
3C,1.301738245,0.024472616,0.100189258,0.00282533,0.85,846.4889032
3C,4.780945219,0.141197603,0.212777192,0.009426053,0.85,1781.557803
3C,2.257908794,0.066887557,0.124077018,0.005513426,0.85,1199.254217
3C,1.432274951,0.018919905,0.095836323,0.001898952,0.85,902.4998863
3C,1.978050522,0.044228661,0.106677182,0.003577908,0.85,1108.055947
3C,3.344960199,0.074672789,0.164283434,0.005501188,0.85,1491.614559
3C,1.589100524,0.047614314,0.096991693,0.004359252,0.85,965.9445879
3C,1.076245929,0.027521929,0.089180192,0.003420795,0.85,741.7996866
3C,9.573691134,0.223626726,0.396048142,0.013876615,0.85,2394.647863
3C,4.002775912,0.098164759,0.171546334,0.006310547,0.85,1634.759548
3C,1.601575885,0.029383666,0.101198248,0.002784984,0.85,970.8253755
3C,10.24630625,0.206744675,0.413809015,0.012524437,0.85,2457.267342
3C,2.059686753,0.041066921,0.117026742,0.003499994,0.85,1135.515604
3C,1.354671796,0.022410516,0.091833727,0.002278826,0.85,869.5754207
3C,2.026180544,0.033113099,0.116781519,0.002862774,0.85,1124.334952
3C,2.203519176,0.055606318,0.11726187,0.004438696,0.85,1182.159667
3C,1.64890123,0.049186272,0.106273348,0.004755157,0.85,989.130247
3C,2.165021825,0.037578618,0.123768839,0.003222412,0.85,1169.883689
3C,2.410561018,0.043465836,0.126795678,0.003429459,0.85,1245.74991
3C,3.238093267,0.095388082,0.158039309,0.006983307,0.85,1466.328341
3C,1.231725675,0.032872394,0.088322373,0.003535732,0.85,815.1242642
4A,21.76145733,0.510619551,0.635966255,0.014922567,0.85,3173.141735
4A,21.63348982,0.375827003,0.634514088,0.011023073,0.85,3167.417028
4A,22.35271352,0.406083622,0.642587788,0.011673946,0.85,3199.180777
4A,22.12208095,0.330646919,0.640021901,0.009566065,0.85,3189.102956
4A,22.09660528,0.361399455,0.639737152,0.010463175,0.85,3187.983601
4A,22.1061608,0.27030755,0.639843988,0.007823822,0.85,3188.403598
4A,21.95628487,0.289842601,0.638163993,0.008424336,0.85,3181.795958
4A,22.42628032,0.472093782,0.64340176,0.013544198,0.85,3202.374456
4A,22.32564213,0.41410715,0.642287716,0.011913473,0.85,3198.003022
4A,22.31217683,0.303870704,0.642138351,0.008745316,0.85,3197.416698
4A,21.85837171,0.381660455,0.637061463,0.01112348,0.85,3177.455884
4A,22.50227924,0.420712389,0.644240383,0.012044998,0.85,3205.663203
4A,22.53631334,0.417368962,0.644615198,0.011938172,0.85,3207.132535
4A,22.89160864,0.354219587,0.648501012,0.010034758,0.85,3222.345834
4A,22.51732869,0.468323873,0.644406178,0.013402602,0.85,3206.313185
4A,22.9725762,0.583095308,0.649379726,0.016482708,0.85,3225.781102
4A,22.14712411,0.308341278,0.640301558,0.008914539,0.85,3190.202106
4A,22.91372901,0.255158595,0.648741326,0.007224137,0.85,3223.285505
4A,22.52851191,0.611250408,0.644529322,0.017487565,0.85,3206.795917
4A,22.48405792,0.277846957,0.644039525,0.007958724,0.85,3204.875671
4A,20.11832117,0.442614912,0.616772142,0.01356935,0.85,3097.061446
4A,20.05602906,0.46326833,0.616020044,0.014229266,0.85,3094.061974
4A,19.99665282,0.333699943,0.615301405,0.010268021,0.85,3091.194634
4A,20.68369571,0.547427095,0.623514189,0.0165023,0.85,3123.887525
4A,20.10909854,0.498094032,0.616660909,0.015274435,0.85,3096.617919
4A,20.32742832,0.240622756,0.619283253,0.007330669,0.85,3107.066009
4A,20.394937,0.411034576,0.620089517,0.012497133,0.85,3110.274971
4A,20.39026718,0.536770404,0.620033813,0.016322287,0.85,3110.053322
4A,20.23049949,0.520643507,0.618121852,0.01590772,0.85,3102.440781
4A,20.66381125,0.430406508,0.623279595,0.01298229,0.85,3122.955967
4A,18.30435616,0.288414527,0.594062099,0.009360402,0.85,3005.869704
4A,18.02102896,0.489036006,0.590354003,0.016020415,0.85,2990.856632
4A,18.09301636,0.507624256,0.591300538,0.016589743,0.85,2994.69222
4A,17.78407435,0.328822828,0.587216912,0.010857485,0.85,2978.128042
4A,18.26871595,0.226692475,0.593598183,0.007365829,0.85,3003.993345
4A,18.35091847,0.3111827,0.594667099,0.01008397,0.85,3008.31587
4A,18.37577975,0.312918439,0.594989628,0.01013199,0.85,3009.619556
4A,18.32197866,0.276555694,0.594291219,0.008970353,0.85,3006.796201
4A,18.13852796,0.411682048,0.591897403,0.01343403,0.85,2997.109686
4A,18.18672687,0.446504897,0.592528208,0.014547244,0.85,2999.663635
4A,6.163475951,0.0725032,0.223601474,0.003945458,0.85,1999.284491
4A,1.894099634,0.026576337,0.11318119,0.002382088,0.85,1079.021227
4A,3.06556685,0.053888352,0.143479232,0.003783245,0.85,1424.12873
4A,1.847586924,0.044818019,0.111978216,0.004074484,0.85,1062.569876
4A,4.670071266,0.069417882,0.184977057,0.004124364,0.85,1761.894387
4A,2.202281027,0.037622209,0.121151786,0.003104507,0.85,1181.767149
4A,4.846635438,0.140075459,0.189543595,0.008217166,0.85,1793.030773
4A,18.52062744,0.390441162,0.543198548,0.017177097,0.85,3017.182032
4A,7.126439176,0.163653835,0.248506909,0.008560189,0.85,2127.352228
4A,3.968793188,0.102416714,0.166839672,0.006458073,0.85,1627.838748
4A,11.72902148,0.138430191,0.367545009,0.00650685,0.85,2583.017253
4A,3.148311796,0.078163853,0.145619291,0.005422985,0.85,1444.586948
4A,6.969295563,0.084617085,0.244442652,0.004451818,0.85,2107.525108
4A,7.946703114,0.166403859,0.269721665,0.008471952,0.85,2224.993753
4A,2.36365856,0.032943302,0.125325547,0.002620072,0.85,1231.689332
4A,8.737207115,0.109609595,0.29016673,0.005460279,0.85,2310.965459
4A,4.676203608,0.101825895,0.18513566,0.006047086,0.85,1762.991959
4A,3.141851092,0.065472798,0.145452196,0.004546601,0.85,1443.004327
4A,12.69762902,0.196398076,0.392596424,0.009108612,0.85,2657.483631
4A,18.62508737,0.297269263,0.545900229,0.013069417,0.85,3022.601122
4A,9.332296021,0.112573406,0.30555771,0.005528812,0.85,2371.198178
4A,11.60716968,0.338563683,0.364393516,0.015943216,0.85,2573.250418
4A,7.373956734,0.214548712,0.254908537,0.011125024,0.85,2157.817435
4A,10.2710002,0.304999103,0.329835725,0.014691792,0.85,2459.494413
4A,11.954435,0.33110141,0.373374953,0.015512022,0.85,2600.840941
4A,16.89593442,0.443912994,0.501178578,0.019751469,0.85,2928.947108
4A,3.986148317,0.04024029,0.167288533,0.002533174,0.85,1631.379125
4A,3.150328728,0.07074751,0.145671456,0.004907056,0.85,1445.080512
4A,7.362576193,0.098318549,0.254614198,0.00510011,0.85,2156.43655
4A,6.385537824,0.1829731,0.229344733,0.009857568,0.85,2030.28252
4A,5.66058592,0.156994613,0.210595064,0.008761184,0.85,1925.376917
4A,16.35289782,0.197806582,0.487133844,0.008838643,0.85,2897.659049
4A,1.937924294,0.025610395,0.114314641,0.002266066,0.85,1094.281677
4A,2.484683598,0.056501227,0.128455657,0.004381585,0.85,1267.581104
4A,11.59415113,0.310464182,0.364056813,0.014622882,0.85,2572.201361
4A,1.872673404,0.053443807,0.112627036,0.004821357,0.85,1071.475957
4A,1.819445536,0.04243425,0.111250386,0.003891977,0.85,1052.485401
4A,2.284271937,0.025378427,0.123272344,0.002054347,0.85,1207.437676
4A,6.765217236,0.143330779,0.239164507,0.007600562,0.85,2081.184376
4A,2.110547038,0.044131186,0.11877924,0.003725481,0.85,1152.255275
4A,2.478826609,0.0583454,0.128304176,0.004529941,0.85,1265.873032
4A,6.405400519,0.106460594,0.229858449,0.005730524,0.85,2033.00963
4A,3.602653337,0.053678641,0.157370076,0.003517163,0.85,1550.117226
4A,4.807755742,0.104919383,0.188538036,0.006171682,0.85,1786.256
4A,6.352835791,0.118092113,0.22849895,0.00637131,0.85,2025.776576
4A,4.756197531,0.127491354,0.187204569,0.007527115,0.85,1777.201712
4A,5.126895871,0.107625196,0.196792062,0.006196669,0.85,1840.572918
4A,3.154496127,0.090592631,0.145779239,0.006279858,0.85,1446.09956
4A,3.88328836,0.089029529,0.164628232,0.00566148,0.85,1610.213573
4A,8.968828962,0.112558282,0.296157242,0.005575134,0.85,2334.835885
4A,5.672776473,0.082492129,0.210910352,0.00460051,0.85,1927.233626
4A,5.226517788,0.154543409,0.199368617,0.008842725,0.85,1856.950027
4A,1.761317337,0.0220489,0.109746997,0.002060788,0.85,1031.33255
4A,2.462853349,0.041333576,0.127891054,0.003219555,0.85,1261.200098
4A,15.90727596,0.18371395,0.475608579,0.008239242,0.85,2871.243397
4A,4.395698789,0.10977942,0.177880872,0.006663671,0.85,1711.531823
4A,2.952931489,0.065015172,0.140566106,0.0046423,0.85,1395.600805
4A,3.777424264,0.047358786,0.161890234,0.003044505,0.85,1587.959125
4A,1.950868594,0.034189856,0.114649424,0.003013925,0.85,1098.745561
4A,3.963037837,0.072870339,0.166690819,0.00459754,0.85,1626.661949
4A,8.216121489,0.213665763,0.386414629,0.015073458,0.85,2255.119344
4A,7.06008171,0.179296731,0.364083643,0.013869317,0.85,2119.026953
4A,12.69502526,0.280515513,0.472932705,0.01567523,0.85,2657.2906
4A,9.40435225,0.190498855,0.409367441,0.012438501,0.85,2378.254764
4A,10.11753546,0.277494269,0.423143857,0.017408389,0.85,2445.57408
4A,14.39441931,0.21088188,0.505759555,0.011114258,0.85,2776.062407
4A,14.26791421,0.200440063,0.503315882,0.010606105,0.85,2767.683927
4A,11.7210887,0.134912164,0.45411937,0.007840512,0.85,2582.384266
4A,6.479823153,0.097801875,0.352874906,0.007989067,0.85,2043.16307
4A,7.676769833,0.134173748,0.375996082,0.009857428,0.85,2193.886704
4A,11.44969541,0.140595524,0.448876921,0.008267917,0.85,2560.487544
4A,6.229276916,0.087546677,0.348035155,0.007336964,0.85,2008.568837
4A,11.65520785,0.343438584,0.452846763,0.020015737,0.85,2577.112066
4A,8.520400912,0.183014985,0.392292333,0.012639436,0.85,2288.101701
4A,11.43415763,0.324931589,0.448576781,0.019121229,0.85,2559.219509
4A,13.53395467,0.31278461,0.489138134,0.016956782,0.85,2717.660165
4A,14.12770528,0.172421637,0.500607494,0.009164499,0.85,2758.316342
4A,11.74253201,0.313141072,0.454533586,0.018181743,0.85,2584.094406
4A,8.321063359,0.097105541,0.38844177,0.006799584,0.85,2266.615948
4A,7.031967056,0.097689268,0.363540558,0.00757555,0.85,2115.478968
4A,7.902081731,0.193780756,0.380348386,0.013990781,0.85,2219.916893
4A,13.55051592,0.222618752,0.489458045,0.012061814,0.85,2718.816521
4A,10.69468702,0.142811372,0.434292577,0.008698981,0.85,2496.963637
4A,11.61053846,0.118103548,0.451983893,0.006896437,0.85,2573.521704
4A,8.317771581,0.140486533,0.388378183,0.009839517,0.85,2266.257297
4A,8.155051566,0.101030175,0.385234953,0.007158818,0.85,2248.368595
4A,8.282322892,0.135194258,0.387693428,0.009492613,0.85,2262.38699
4A,12.95550919,0.372757508,0.47796442,0.020628077,0.85,2676.42215
4A,6.697532115,0.130689226,0.357080346,0.010451586,0.85,2072.295043
4A,14.78405686,0.350363353,0.513286105,0.018246342,0.85,2801.442221
4A,6.776648482,0.14454912,0.36052216,0.011535163,0.85,2082.678031
4A,8.057714995,0.103279407,0.386565458,0.007432179,0.85,2237.515236
4A,9.438400087,0.126813531,0.414633941,0.008356479,0.85,2381.57214
4A,6.235584421,0.07727516,0.349522658,0.006497247,0.85,2009.454367
4A,7.33762933,0.103601696,0.371926557,0.007876976,0.85,2153.402978
4A,10.73144886,0.195127859,0.440920831,0.012025767,0.85,2500.150452
4A,10.53084953,0.141511828,0.43684277,0.008805332,0.85,2482.637977
4A,10.95588437,0.256165351,0.445483468,0.015624128,0.85,2519.392367
4A,10.39708423,0.21778311,0.434123403,0.013640085,0.85,2470.790023
4A,7.339229745,0.159739946,0.371959093,0.012143657,0.85,2153.597863
4A,7.977347948,0.093942859,0.384931645,0.006799549,0.85,2228.465766
4A,6.779159578,0.105773652,0.360573209,0.00843891,0.85,2083.005848
4A,12.88556649,0.356212728,0.484712725,0.020099331,0.85,2671.320423
4A,8.29415635,0.238462377,0.391372166,0.016878306,0.85,2263.680615
4A,9.178979548,0.21171237,0.40936008,0.014162782,0.85,2356.018445
4A,9.661174173,0.183198742,0.419162802,0.011922479,0.85,2403.014226
4A,6.979109825,0.180561019,0.364638075,0.014150678,0.85,2108.774793
4A,10.23922682,0.271739828,0.430914259,0.017154113,0.85,2456.627968
4A,9.186666417,0.238712724,0.40951635,0.015961736,0.85,2356.784943
4A,7.738442019,0.171037167,0.380074834,0.012600777,0.85,2201.078251
4A,9.425364571,0.097700415,0.414368937,0.00644283,0.85,2380.303333
4A,7.170793538,0.153356571,0.368534888,0.011822383,0.85,2132.879152
4A,12.79923612,0.256146724,0.482957681,0.0144979,0.85,2664.987802
4A,6.731203434,0.072430424,0.35959829,0.005804131,0.85,2076.726947
4A,11.48145853,0.266745481,0.456168069,0.015897036,0.85,2563.074809
4A,8.630916071,0.111441981,0.398218285,0.007712664,0.85,2299.820631
4A,8.006544203,0.218914422,0.385525187,0.015811508,0.85,2231.762651
4A,12.70679487,0.303516773,0.481078407,0.017236687,0.85,2658.162853
4A,7.040608286,0.204291958,0.365888301,0.015925052,0.85,2116.570785
4A,9.447345643,0.20483131,0.414815799,0.013490657,0.85,2382.441936
4B,21.76095907,0.450184402,0.635960614,0.013156569,0.85,3173.119507
4B,22.38112416,0.603583715,0.64290239,0.017338066,0.85,3200.415329
4B,21.70456755,0.27788724,0.635321525,0.008134129,0.85,3170.600719
4B,22.87995252,0.451273793,0.648374306,0.01278824,0.85,3221.850333
4B,22.29819257,0.456917812,0.641983153,0.013155037,0.85,3196.807418
4B,22.43535311,0.615407265,0.643501996,0.017651418,0.85,3202.767628
4B,22.52691751,0.259955119,0.644511768,0.007437508,0.85,3206.727107
4B,22.24759502,0.516212913,0.64142096,0.014882947,0.85,3194.599875
4B,22.29375847,0.413287937,0.641933926,0.011900351,0.85,3196.614152
4B,22.53909833,0.467162769,0.644645848,0.013361428,0.85,3207.252675
4B,22.14076615,0.35379074,0.640230583,0.010230344,0.85,3189.923167
4B,21.97999771,0.510899765,0.63843041,0.014839581,0.85,3182.844263
4B,22.20699267,0.320830243,0.640969078,0.009260248,0.85,3192.824939
4B,22.23635751,0.294573969,0.641295959,0.008495505,0.85,3194.108936
4B,22.43364078,0.551537017,0.64348308,0.015820202,0.85,3202.693436
4B,22.40955373,0.255382008,0.64321688,0.007330178,0.85,3201.649203
4B,22.72246892,0.515276004,0.646657271,0.014664206,0.85,3215.131903
4B,22.64574832,0.537156725,0.645817309,0.015318774,0.85,3211.842741
4B,22.10609151,0.54230129,0.639843214,0.015696479,0.85,3188.400553
4B,22.59893059,0.497651193,0.645303605,0.014210235,0.85,3209.830327
4B,20.47455263,0.483012655,0.621037626,0.014650822,0.85,3114.046439
4B,20.5021639,0.225231748,0.621365745,0.006826172,0.85,3115.351147
4B,20.26982034,0.56981915,0.618593532,0.017389717,0.85,3104.319625
4B,20.25237375,0.552754249,0.618384339,0.016877753,0.85,3103.486414
4B,20.16257071,0.410097812,0.617305265,0.012555717,0.85,3099.186768
4B,20.19403694,0.459254433,0.617683802,0.014047415,0.85,3100.695401
4B,20.72567012,0.405704335,0.624008802,0.012214953,0.85,3125.851161
4B,20.20438527,0.360600985,0.617808188,0.01102643,0.85,3101.191057
4B,19.96106025,0.205384984,0.614869801,0.006326569,0.85,3089.471942
4B,20.27655274,0.604083899,0.618674218,0.01843169,0.85,3104.640967
4B,18.4066939,0.301646502,0.595390196,0.009757177,0.85,3011.238313
4B,18.47210097,0.32488211,0.596235934,0.01048643,0.85,3014.654741
4B,17.91526794,0.26792061,0.588957903,0.008807792,0.85,2985.19513
4B,18.61249091,0.426175255,0.598043178,0.013693557,0.85,3021.949185
4B,18.39510725,0.53300654,0.595240126,0.017247351,0.85,3010.631904
4B,18.59294188,0.230431093,0.597792178,0.00740872,0.85,3020.936582
4B,17.82030599,0.252325578,0.587698741,0.008321486,0.85,2980.084676
4B,18.49762538,0.366615476,0.596565326,0.011823684,0.85,3015.984853
4B,17.90335853,0.331445607,0.588800281,0.010900484,0.85,2984.555624
4B,18.11434947,0.282084466,0.591580462,0.009212346,0.85,2995.826099
4B,1.710328447,0.040665251,0.109503207,0.003905369,0.85,1012.407804
4B,3.728921931,0.050883776,0.162969396,0.003335749,0.85,1577.597862
4B,12.60346799,0.300900632,0.387967631,0.01389376,0.85,2650.479524
4B,11.86180949,0.148849283,0.380148232,0.007155501,0.85,2593.554771
4B,2.655619013,0.043904453,0.132720426,0.003291333,0.85,1316.20596
4B,11.24883322,0.189806306,0.348900655,0.008830722,0.85,2543.971859
4B,4.801340356,0.081639977,0.19089878,0.004868944,0.85,1785.133763
4B,2.992165525,0.031522337,0.141606207,0.002237723,0.85,1405.629103
4B,10.25331711,0.203623099,0.324003224,0.009651687,0.85,2457.900126
4B,2.887222521,0.04961488,0.140231417,0.003614667,0.85,1378.580391
4B,12.59794285,0.247032914,0.3903994,0.011483006,0.85,2650.067036
4B,2.768796247,0.063102895,0.135113871,0.004619016,0.85,1347.165205
4B,3.292226201,0.060176269,0.145568889,0.003991126,0.85,1479.215643
4B,2.621257765,0.034919438,0.131488068,0.002627454,0.85,1306.616657
4B,5.891691384,0.137337759,0.217800164,0.007615518,0.85,1960.010701
4B,5.798208373,0.067151042,0.215994476,0.003752259,0.85,1946.143172
4B,13.44619045,0.182765354,0.419305361,0.008549019,0.85,2711.510121
4B,4.979664213,0.065442937,0.199515701,0.003933064,0.85,1815.87492
4B,1.730414371,0.040120152,0.112630459,0.003917054,0.85,1019.904942
4B,7.055250188,0.175582637,0.244245797,0.009117746,0.85,2118.41811
4B,4.142826637,0.075303931,0.171180595,0.00466731,0.85,1662.79419
4B,10.63124944,0.223221466,0.338330254,0.010655743,0.85,2491.44072
4B,4.156658398,0.107447347,0.1652758,0.006408434,0.85,1665.521422
4B,2.666391493,0.06600943,0.133473023,0.004956405,0.85,1319.193719
4B,2.16861238,0.062904499,0.120734143,0.005253166,0.85,1171.034936
4B,15.88491744,0.184776356,0.47630869,0.008310769,0.85,2869.899745
4B,3.368577811,0.042942391,0.153073598,0.002927057,0.85,1497.118863
4B,11.90960529,0.259981286,0.366304317,0.011994386,0.85,2597.321044
4B,2.559188977,0.056173051,0.130750801,0.004304882,0.85,1289.061993
4B,4.233090309,0.059845986,0.173679218,0.003683126,0.85,1680.460968
4B,9.62244674,0.187248789,0.30939126,0.009030937,0.85,2399.319063
4B,14.54170852,0.399825667,0.435638621,0.017966888,0.85,2785.731108
4B,19.86979619,0.473065739,0.577686638,0.020630591,0.85,3085.041331
4B,10.77948988,0.113114666,0.343978362,0.00541431,0.85,2504.300019
4B,4.707317027,0.05046814,0.185092208,0.002976619,0.85,1768.542459
4B,2.65204528,0.032872145,0.132273828,0.002459304,0.85,1315.212836
4B,8.768302685,0.245770333,0.292468969,0.012296598,0.85,2314.202898
4B,2.601955334,0.068354684,0.132283573,0.005212735,0.85,1301.189873
4B,5.474435445,0.099153686,0.20155401,0.005475859,0.85,1896.594825
4B,5.367095234,0.133894757,0.204934457,0.007668855,0.85,1879.619595
4B,5.882687125,0.114100424,0.211549229,0.006154804,0.85,1958.683197
4B,3.03880296,0.047481516,0.137067358,0.003212531,0.85,1417.422299
4B,11.74211659,0.121603523,0.372318889,0.005783705,0.85,2584.061303
4B,5.342580516,0.137403321,0.20287439,0.007826447,0.85,1875.702602
4B,3.189180112,0.050716001,0.145180257,0.003463098,0.85,1454.541339
4B,4.399974441,0.103237958,0.185092011,0.006514306,0.85,1712.336113
4B,3.429969308,0.082754793,0.152824223,0.00553078,0.85,1511.288679
4B,4.282062128,0.121004893,0.171192479,0.007256478,0.85,1689.918847
4B,4.255303048,0.067924766,0.176384995,0.004223287,0.85,1684.761813
4B,15.06602446,0.311111238,0.453727365,0.014054107,0.85,2819.420988
4B,3.842443458,0.06001728,0.168683587,0.003952145,0.85,1601.684967
4B,1.838514132,0.023582183,0.110864418,0.002133047,0.85,1059.329565
4B,6.60666622,0.194629097,0.228345102,0.010090399,0.85,2060.237597
4B,3.523259641,0.035858341,0.154478126,0.002358326,0.85,1532.449504
4B,3.034910816,0.057586911,0.143543914,0.004085582,0.85,1416.443315
4B,3.372070756,0.077600458,0.14710703,0.005077995,0.85,1497.9304
4B,6.238742491,0.17576027,0.218164127,0.009219306,0.85,2009.897449
4B,4.653877426,0.048700273,0.188660281,0.002961339,0.85,1758.990283
4B,14.96564941,0.28806897,0.451913935,0.013048119,0.85,2813.057321
4B,7.820715863,0.095558689,0.263083482,0.004821792,0.85,2210.593522
4B,11.27913483,0.320246236,0.451515096,0.019229668,0.85,2546.480648
4B,6.84776544,0.095194951,0.361490896,0.007537957,0.85,2091.921444
4B,8.892838315,0.127387828,0.406145248,0.008726903,0.85,2327.066145
4B,12.67047076,0.334124721,0.47397089,0.018748166,0.85,2655.468435
4B,8.684275523,0.107236367,0.388803336,0.007201612,0.85,2305.430766
4B,11.82397055,0.260116122,0.446531923,0.014734917,0.85,2590.56315
4B,10.61580554,0.216603927,0.437094381,0.013377651,0.85,2490.091605
4B,10.9880088,0.208572875,0.433526061,0.012343698,0.85,2522.116956
4B,10.51153667,0.284068247,0.442135873,0.017922702,0.85,2480.9359
4B,9.288082092,0.270929233,0.403489261,0.017654404,0.85,2366.843831
4B,13.31945995,0.328774359,0.491669329,0.018204372,0.85,2702.563282
4B,11.58218519,0.260657311,0.446292379,0.015065728,0.85,2571.236168
4B,12.33239338,0.290018185,0.475542025,0.016774826,0.85,2630.0418
4B,17.96775709,0.220227328,0.562567927,0.01034293,0.85,2988.008877
4B,12.93115391,0.365803246,0.469529017,0.019923424,0.85,2674.648547
4B,11.24203526,0.30709402,0.439072815,0.017990955,0.85,2543.408176
4B,7.972281626,0.099590885,0.391167023,0.007329772,0.85,2227.892578
4B,15.22130813,0.2009753,0.521807018,0.010334557,0.85,2829.187891
4B,6.318728668,0.067760729,0.352287123,0.005666781,0.85,2021.055626
4B,11.31044578,0.335930617,0.446488899,0.019891695,0.85,2549.06651
4B,10.22316961,0.152383232,0.423221566,0.009462604,0.85,2455.176277
4B,13.48919341,0.229931187,0.484218126,0.012380672,0.85,2714.528191
4B,13.04019529,0.332543178,0.471253386,0.018026429,0.85,2682.565171
4B,7.553582442,0.21291112,0.37133875,0.015700262,0.85,2179.367614
4B,13.49325694,0.261997354,0.480191726,0.013985759,0.85,2714.812918
4B,11.71441172,0.282299434,0.459895443,0.016624167,0.85,2581.851177
4B,7.49038865,0.133621111,0.371222002,0.009933349,0.85,2171.838124
4B,10.7730187,0.140220215,0.441287681,0.008615615,0.85,2503.742055
4B,8.586482616,0.096921663,0.3830632,0.006485855,0.85,2295.125192
4B,7.734604947,0.209767594,0.375220166,0.015264328,0.85,2200.632295
4B,10.65303691,0.274434474,0.442153046,0.017085556,0.85,2493.34094
4B,11.5325478,0.309949906,0.451351172,0.018195839,0.85,2567.222505
4B,8.743388382,0.223247189,0.405078774,0.015514471,0.85,2311.609829
4B,9.039903764,0.203192564,0.413868829,0.013953976,0.85,2342.04958
4B,9.232368111,0.246712034,0.410834492,0.016467792,0.85,2361.330192
4B,13.58940285,0.325711241,0.494357379,0.01777316,0.85,2721.52656
4B,12.0833871,0.18833621,0.465999496,0.010894865,0.85,2610.898375
4B,10.20674609,0.245402224,0.431336652,0.015556031,0.85,2453.68932
4B,7.273970299,0.174166719,0.361992548,0.013001233,0.85,2145.620631
4B,14.09341518,0.275758635,0.503913171,0.014789716,0.85,2756.012152
4B,9.558573615,0.2159281,0.416732614,0.01412098,0.85,2393.195101
4B,10.12901302,0.243487047,0.428328449,0.015444609,0.85,2446.621804
4B,7.976664842,0.143843699,0.3922058,0.010609008,0.85,2228.388501
4B,7.441056992,0.15903191,0.375403343,0.012034804,0.85,2165.921244
4B,7.094365293,0.180470072,0.360424092,0.013752977,0.85,2123.336728
4B,8.882766321,0.188860461,0.40887381,0.013039873,0.85,2326.031847
4B,9.383249119,0.244157217,0.41286641,0.016114511,0.85,2376.193173
4B,8.278543478,0.17994147,0.387479092,0.012633302,0.85,2261.97348
4B,13.03357672,0.305080805,0.482888878,0.016954685,0.85,2682.086404
4B,8.323603156,0.242450353,0.393511424,0.017193332,0.85,2266.892581
4B,8.358255604,0.178934425,0.393079845,0.012622643,0.85,2270.659396
4B,13.7779772,0.206748632,0.500795594,0.011272207,0.85,2734.566732
4B,14.27121152,0.167201214,0.51426912,0.009037749,0.85,2767.903189
4B,8.916672434,0.185731498,0.404924972,0.012651691,0.85,2329.509494
4B,13.40788873,0.252661913,0.485905462,0.013734803,0.85,2708.814424
4B,9.268951425,0.190027684,0.416541113,0.012809595,0.85,2364.953971
4B,6.825771433,0.125283729,0.363473149,0.01000706,0.85,2089.071754
4B,7.513977972,0.093166659,0.378220394,0.007034396,0.85,2174.655308
4B,6.620188438,0.162113967,0.356051939,0.013078402,0.85,2062.04102
4B,7.74717275,0.138214815,0.376729014,0.010081652,0.85,2202.092231
4C,22.13325562,0.639113139,0.64014672,0.018484681,0.85,3189.593562
4C,22.34843851,0.459500276,0.642540422,0.013211102,0.85,3198.994881
4C,23.31498648,0.404004947,0.653068366,0.011316449,0.85,3240.18164
4C,22.7048548,0.542612136,0.646464628,0.01544954,0.85,3214.377693
4C,22.41690314,0.329267679,0.643298127,0.009448998,0.85,3201.967932
4C,22.04164345,0.41340594,0.639121926,0.011987164,0.85,3185.564465
4C,22.36551632,0.489950969,0.642729599,0.014079979,0.85,3199.737294
4C,22.67879551,0.302965273,0.646179401,0.008632289,0.85,3213.260845
4C,22.59846154,0.655231467,0.645298454,0.018710117,0.85,3209.810145
4C,21.75598368,0.559004867,0.635904282,0.016339118,0.85,3172.897527
4C,21.83624178,0.31651084,0.636811723,0.009230426,0.85,3176.472382
4C,21.84930259,0.633309448,0.636959141,0.018462477,0.85,3177.052948
4C,22.51480689,0.580442859,0.644378402,0.016612394,0.85,3206.204298
4C,21.85315619,0.319684105,0.637002623,0.009318545,0.85,3177.22418
4C,22.02828204,0.504360274,0.638972176,0.014629928,0.85,3184.975493
4C,22.29944758,0.477751873,0.641997084,0.01375439,0.85,3196.862112
4C,22.7407419,0.505046123,0.646856992,0.014365961,0.85,3215.913733
4C,22.53174163,0.551623939,0.644564876,0.01578029,0.85,3206.935287
4C,22.25933684,0.620934649,0.641551516,0.017896381,0.85,3195.112592
4C,22.63158563,0.617159327,0.645662,0.017607088,0.85,3211.234392
4C,20.82045958,0.386697148,0.625122814,0.011610369,0.85,3130.271658
4C,20.17678951,0.282558304,0.617476375,0.008647217,0.85,3099.868759
4C,19.77722888,0.533874354,0.612630741,0.016537597,0.85,3080.527615
4C,19.87803612,0.263602054,0.613860627,0.008140388,0.85,3085.442152
4C,19.87543261,0.367946905,0.613828927,0.011363599,0.85,3085.315525
4C,19.93595833,0.570634679,0.614565038,0.017590934,0.85,3088.255242
4C,20.05693099,0.34537098,0.616030947,0.010607765,0.85,3094.105467
4C,20.24686408,0.309360832,0.618318246,0.009447559,0.85,3103.223143
4C,19.73586869,0.227377559,0.612124677,0.007052308,0.85,3078.504328
4C,19.78329148,0.579962815,0.612704849,0.017961927,0.85,3080.823851
4C,18.34410799,0.502908272,0.594578685,0.016300522,0.85,3007.958447
4C,18.0337302,0.528982817,0.590521226,0.01732174,0.85,2991.534425
4C,17.94354791,0.371206253,0.589331856,0.012191773,0.85,2986.712082
4C,18.11173032,0.220697684,0.591546109,0.007208193,0.85,2995.686957
4C,18.55089867,0.445424125,0.597251646,0.014340561,0.85,3018.755397
4C,18.38438391,0.333135906,0.59510117,0.010783585,0.85,3010.070355
4C,18.36332892,0.193837459,0.594828146,0.006278817,0.85,3008.966863
4C,18.66093477,0.294807578,0.598664269,0.009457766,0.85,3024.454141
4C,18.26761648,0.184681363,0.59358386,0.006000995,0.85,3003.935405
4C,18.69290701,0.509646174,0.599073473,0.016333228,0.85,3026.103996
4C,13.14431665,0.146701022,0.429254325,0.007186229,0.85,2690.067415
4C,4.146296084,0.059730006,0.172987747,0.003737996,0.85,1663.478955
4C,15.33938971,0.192388568,0.470312673,0.008848082,0.85,2836.55251
4C,2.612178031,0.047240207,0.136363035,0.003699107,0.85,1304.067546
4C,2.296493626,0.026925603,0.122907122,0.002161566,0.85,1211.209185
4C,2.149398544,0.037452863,0.124596921,0.003256617,0.85,1164.859112
4C,3.964514055,0.114168476,0.161479374,0.006975327,0.85,1626.963922
4C,7.123883915,0.155265796,0.258224965,0.00844206,0.85,2127.032903
4C,19.20749185,0.339491668,0.559359078,0.014829975,0.85,3052.295699
4C,4.13323883,0.115253925,0.167392326,0.007001515,0.85,1660.899437
4C,2.136142526,0.022223761,0.125546609,0.001959222,0.85,1160.57628
4C,4.129852177,0.114192375,0.161815002,0.006711393,0.85,1660.229317
4C,17.26395271,0.258987382,0.52131066,0.011730762,0.85,2949.616002
4C,3.069316664,0.07499185,0.152691642,0.005596015,0.85,1425.064822
4C,4.125921629,0.09847204,0.174024207,0.006230069,0.85,1659.451022
4C,2.021998904,0.041124541,0.128519129,0.003920841,0.85,1122.930904
4C,3.453536276,0.050891233,0.154685457,0.003419162,0.85,1516.676092
4C,11.71682119,0.12130422,0.39499112,0.006134013,0.85,2582.04358
4C,8.271902822,0.196610601,0.263596973,0.009397951,0.85,2261.24651
4C,2.632143296,0.049524656,0.139936966,0.003949441,0.85,1309.664328
4C,2.809931906,0.082439751,0.134341932,0.005912127,0.85,1358.187863
4C,10.65086864,0.281132251,0.340472316,0.013480274,0.85,2493.151991
4C,2.159603588,0.060880143,0.117335805,0.004961619,0.85,1168.143954
4C,4.88349398,0.118170854,0.185590069,0.006736367,0.85,1799.41189
4C,3.169229558,0.08560345,0.142524298,0.005774545,0.85,1449.694127
4C,1.878466703,0.026676825,0.111815093,0.002381893,0.85,1073.52161
4C,4.294969765,0.064775409,0.172443346,0.003901106,0.85,1692.397085
4C,3.499928398,0.08113768,0.145389661,0.00505578,0.85,1527.198543
4C,3.694484214,0.041373626,0.159800287,0.002684347,0.85,1570.176421
4C,1.941961606,0.025873539,0.115991333,0.002318099,0.85,1095.676064
4C,1.819058519,0.031203327,0.116014206,0.002985085,0.85,1052.346013
4C,2.698824145,0.033608071,0.126913164,0.002370647,0.85,1328.136234
4C,2.948876513,0.075123287,0.153368414,0.005860642,0.85,1394.558675
4C,17.92836348,0.501155923,0.525506253,0.022034407,0.85,2985.897863
4C,4.496838282,0.127796897,0.174541333,0.007440508,0.85,1730.388454
4C,10.406329,0.251529811,0.302326868,0.010961246,0.85,2471.613318
4C,4.558787789,0.10339367,0.173432373,0.00590019,0.85,1741.767844
4C,1.86303911,0.034014318,0.119591721,0.003275157,0.85,1068.064869
4C,14.04624774,0.151910687,0.412384237,0.006689926,0.85,2752.834077
4C,14.68396798,0.296188206,0.429368131,0.012991084,0.85,2794.983036
4C,15.26873446,0.241667378,0.459950193,0.01091986,0.85,2832.152241
4C,7.655873871,0.111674581,0.265187206,0.005802343,0.85,2191.438443
4C,2.77794015,0.041173038,0.132244351,0.002940075,0.85,1349.625758
4C,3.37368777,0.066560921,0.156108894,0.004619908,0.85,1498.305871
4C,3.483273384,0.058208088,0.147837963,0.003705723,0.85,1523.433463
4C,5.131296759,0.052346713,0.196566093,0.003007891,0.85,1841.301996
4C,6.485222281,0.077052302,0.223721204,0.003987119,0.85,2043.895735
4C,1.922361668,0.051536838,0.110318568,0.004436317,0.85,1088.888744
4C,4.132454817,0.069000705,0.16113537,0.004035781,0.85,1660.744343
4C,8.012849048,0.151722822,0.260984811,0.007412598,0.85,2232.4732
4C,6.640020615,0.160852874,0.25303197,0.009194456,0.85,2064.680207
4C,9.928911109,0.293765922,0.3182947,0.014126041,0.85,2428.198886
4C,10.44452918,0.138220814,0.337198263,0.006693622,0.85,2475.008189
4C,1.986615328,0.048675175,0.114646258,0.004213518,0.85,1110.971974
4C,10.01199232,0.125992406,0.344575492,0.006504284,0.85,2435.888602
4C,1.795943413,0.04494667,0.115782388,0.00434649,0.85,1043.985973
4C,2.664324441,0.054500959,0.140454559,0.004309671,0.85,1318.621101
4C,3.965908838,0.077040345,0.176088699,0.005130955,0.85,1627.249154
4C,3.517733764,0.036815158,0.155243099,0.002437066,0.85,1531.208294
4C,3.189387982,0.056648783,0.146182599,0.003894666,0.85,1454.591722
4C,7.757498851,0.088486757,0.381420651,0.006526074,0.85,2203.290191
4C,8.774139874,0.106278315,0.412559179,0.007495794,0.85,2314.809473
4C,9.928840908,0.247341406,0.421980471,0.015768191,0.85,2428.192364
4C,9.552706447,0.138603588,0.416147045,0.009057036,0.85,2392.630718
4C,16.26974955,0.432604071,0.532947546,0.021256192,0.85,2892.782038
4C,15.63067596,0.35449829,0.527654937,0.017950545,0.85,2854.494532
4C,6.710596978,0.098318598,0.356636777,0.007837759,0.85,2074.016971
4C,5.972545449,0.093715569,0.340144046,0.008005831,0.85,1971.853946
4C,12.42633413,0.259122955,0.46760983,0.01462641,0.85,2637.171155
4C,10.59254475,0.132766835,0.440475339,0.008281369,0.85,2488.056249
4C,16.70434025,0.295048385,0.524548183,0.013897624,0.85,2918.017791
4C,6.735156234,0.095685502,0.353214828,0.007527117,0.85,2077.245958
4C,8.513984869,0.139894539,0.379882648,0.009362862,0.85,2287.417178
4C,16.09393282,0.295177191,0.533160203,0.014667956,0.85,2882.391831
4C,9.508171402,0.161895233,0.393196999,0.010042423,0.85,2388.336481
4C,12.9474503,0.167401591,0.470230014,0.009119624,0.85,2675.835627
4C,10.09858312,0.284015403,0.41423725,0.017475188,0.85,2443.841654
4C,7.429664313,0.206156236,0.36339635,0.01512513,0.85,2164.549881
4C,8.362677357,0.091088619,0.397001614,0.006486379,0.85,2271.139049
4C,18.08415614,0.523927492,0.547327087,0.023785437,0.85,2994.220916
4C,8.216347598,0.151385976,0.389625558,0.01076826,0.85,2255.144256
4C,11.5434661,0.277973306,0.463644566,0.016747242,0.85,2568.106718
4C,10.15542689,0.264630144,0.4156107,0.016244977,0.85,2449.028883
4C,13.29974203,0.212665654,0.486390646,0.011666232,0.85,2701.164134
4C,11.35175091,0.320155822,0.454183664,0.019214156,0.85,2552.467713
4C,13.16739365,0.230663121,0.477777962,0.012554393,0.85,2691.722702
4C,12.53340113,0.299928629,0.445330542,0.015985371,0.85,2645.236115
4C,6.939762254,0.172685538,0.360974379,0.013473456,0.85,2103.755224
4C,8.860157983,0.196865696,0.392272689,0.013073983,0.85,2323.706342
4C,11.16939674,0.268782418,0.41824885,0.015097226,0.85,2537.365422
4C,9.357863865,0.137728295,0.415735,0.009178132,0.85,2373.707697
4C,9.496452816,0.187135978,0.423228591,0.012510139,0.85,2387.203506
4C,8.664767439,0.10001188,0.390388776,0.006759013,0.85,2303.383307
4C,13.99349824,0.205752698,0.490260224,0.010812775,0.85,2749.268068
4C,13.08763488,0.136581652,0.478547951,0.00749114,0.85,2685.990205
4C,8.170404728,0.105100864,0.362166752,0.006988155,0.85,2250.069982
4C,13.98770621,0.320788933,0.49797718,0.01713064,0.85,2748.875747
4C,10.81190891,0.308663472,0.430455069,0.018433251,0.85,2507.090676
4C,12.40177365,0.200827446,0.475585753,0.011552058,0.85,2635.312037
4C,13.74535138,0.168092067,0.499308771,0.009159079,0.85,2732.322559
4C,7.092176942,0.111042194,0.366322907,0.008603275,0.85,2123.062177
4C,10.11443617,0.186308046,0.421795549,0.011654219,0.85,2445.290978
4C,12.68449171,0.135956918,0.46607471,0.007493333,0.85,2656.509316
4C,7.397116389,0.206422297,0.355315021,0.014873014,0.85,2160.62178
4C,7.297425378,0.098441092,0.368351507,0.007453504,0.85,2148.49497
4C,10.91942692,0.263159996,0.443320684,0.016026153,0.85,2516.291398
4C,13.01737659,0.196613929,0.482200573,0.010924707,0.85,2680.913586
4C,12.94079678,0.146697846,0.488002747,0.008298054,0.85,2675.351131
4C,10.55092892,0.116428907,0.422984637,0.007001418,0.85,2484.404589
4C,7.018364394,0.079926047,0.366253955,0.006256422,0.85,2113.757892
4C,5.955979797,0.111820551,0.336482505,0.009475937,0.85,1969.438688
4C,6.357847596,0.161643427,0.347270439,0.013243629,0.85,2026.468441
4C,11.57199164,0.290699686,0.448768672,0.016910258,0.85,2570.413214
4C,9.072261291,0.232741987,0.402337019,0.015482477,0.85,2345.316788
4C,14.76700186,0.3406651,0.506948011,0.01754244,0.85,2800.344485
4C,9.401086421,0.262497499,0.398152831,0.016675858,0.85,2377.935995
4C,10.47362112,0.250448818,0.435589965,0.015623965,0.85,2477.586013
4C,9.724914019,0.246857856,0.414086575,0.015766801,0.85,2409.06681
4C,9.283599048,0.125220109,0.4148435,0.00839331,0.85,2366.40128
4C,11.2617994,0.171503066,0.440297243,0.010057761,0.85,2545.046139
