sample_id,u238_pb206_ratio_tw,u238_pb206_ratio_tw_1sigma_abs,pb207_pb206_ratio_tw,pb207_pb206_ratio_tw_1sigma_abs
1A,1.6863754539360731,0.01583301555027659,0.2229677760350304,0.0011466004173661213
1A,1.6848104317342942,0.020173381459843476,0.2232771913694542,0.0014643087101343197
1A,1.6943320731620506,0.025001942782529648,0.22140935581750995,0.0017895004861255772
1A,1.6869971435844193,0.021695868094681017,0.22284512860281094,0.001569735415716692
1A,1.6875058099460993,0.016037817918898422,0.22274489019882854,0.001159493662342337
1A,1.6843581260164,0.024031832028828404,0.22336679336123086,0.0017455475371918315
1A,1.6872144815326393,0.02231782549526021,0.2228022874342801,0.0016142167734120756
1A,1.685803597960744,0.012259816537611493,0.22308072504684356,0.0008885864154117353
1A,1.686150478941051,0.009506807364152844,0.2230121963335747,0.0006886960718979106
1A,1.6843614494434453,0.01906131887588787,0.2233661346968071,0.0013845084476194665
1A,1.688097150709891,0.014425228520076418,0.22262848605197638,0.0010419973760623746
1A,1.6831554465932819,0.023448394031175972,0.2236054344879102,0.0017062075462791033
1A,1.6889544077008687,0.011732131073862166,0.2224599773201644,0.0008463918953693967
1A,1.6855760571645388,0.009166226074068655,0.2231257027598974,0.000664587914495066
1A,1.68599598218993,0.019946157819007805,0.22304271243495807,0.0014452779634078483
1A,1.6799409558059533,0.024653297025600655,0.22424606096695082,0.0018024633407175221
1A,1.689250041551168,0.014704240945880194,0.22240193124781432,0.0010603466136798652
1A,1.6852823280382416,0.011619538971532556,0.22318379370057864,0.0008428290826795466
1A,1.6878475881328439,0.016468412064597763,0.22267759537208248,0.0011900238019463172
1A,1.6903508041706947,0.01977396026641714,0.2221860991310623,0.0014236207982997707
1A,1.684835682511633,0.02245343778023478,0.22327219153514025,0.0016297483682263204
1A,1.6915744754384867,0.01374178675259551,0.2219467151175143,0.0009875553145759814
1A,1.68979022162115,0.022047780528178976,0.22229595702333807,0.0015886355467674346
1A,1.687036362477965,0.0132993817689363,0.22283739650586082,0.0009621786424446851
1A,1.6843860737833034,0.010775901740598027,0.22336125457490447,0.0007826731731148681
1A,1.6850614490519225,0.008549366014609018,0.22322749921929447,0.0006203352908667115
1A,1.6864302619802958,0.019644397352504728,0.2229569574181105,0.0014224990331671147
1A,1.69258481359002,0.021677425082316442,0.22174949806313102,0.001555537648901687
1A,1.6891025219322853,0.018052134493769596,0.22243089168947736,0.0013020518542300775
1A,1.6884149491439495,0.01037581762856668,0.22256598408973466,0.0007491392605350978
1A,1.6904966662934564,0.01641634899135189,0.2221575342345322,0.0011816365915834992
1A,1.6933829861107497,0.021421275425978357,0.2215939717539431,0.0015353546274732698
1A,1.6868744023194149,0.01777256121781004,0.22286933119335214,0.001286110275172622
1A,1.6849480588592283,0.013546141571502848,0.22324994323742928,0.0009830623805730935
1A,1.6886740435098087,0.015818103413009644,0.2225150564816001,0.0011416385170718662
1A,1.684433254455491,0.015303558601151221,0.2233519048375427,0.0011114473946426025
1A,1.691943543097311,0.012417841741340233,0.2218746281120954,0.0008919253822129781
1A,1.690685845949402,0.013210746864944455,0.22212049844734427,0.000950634827047531
1A,1.686945864654685,0.0196009025959252,0.22285523926569267,0.0014182683149421655
1A,1.6889506203820797,0.02168440676777718,0.22246072115832585,0.0015643883070618385
1A,5.38017974314546,0.0476184532204713,0.13873549811846042,0.0006848947827983108
1A,5.697471186197573,0.10224001299699711,0.13151614201084172,0.001316362736889346
1A,4.187683109451517,0.036913374620858745,0.16586846386427523,0.000815514192395445
1A,2.3939394258242874,0.052756788798336236,0.20668164903350097,0.0025405332002585873
1A,6.005720089289308,0.12635456085313015,0.12450253149618128,0.0014610388982369382
1A,4.240268269215081,0.08628612753601249,0.16467198976255532,0.0018690681578162887
1A,5.89513085187381,0.10167744263622105,0.12701877674658138,0.0012219596120364076
1A,2.2104842821870063,0.021370658834665893,0.2108558177376798,0.0011370349892373048
1A,2.314116504816761,0.029396330881575165,0.20849786596882186,0.001477295185372751
1A,4.9789695140592105,0.043520923568123225,0.14786426468692157,0.0007209076345447031
1A,4.409076445193812,0.05072481495263059,0.1608310846169732,0.0010320496581702923
1A,3.56132329645296,0.07458269823520061,0.18012007587763593,0.0021040040557697265
1A,2.515525683814561,0.04629804699211191,0.20391518774547812,0.002093347123562703
1A,5.950492568583782,0.09415337670099411,0.12575912743548176,0.0011098908199470832
1A,3.776437204086585,0.044802773239921136,0.17522557293116514,0.0011595190262953894
1A,4.564310659023701,0.06402110217290387,0.15729902885478825,0.0012306420568811332
1A,7.173440487321426,0.10963079719863117,0.09793330130695257,0.0008348207365317331
1A,3.4758318396590946,0.065004465427247,0.1820652694347551,0.0018991938842990513
1A,3.183560806875314,0.031196555192280935,0.18871533426257042,0.001031474374169657
1A,2.728813504182279,0.06024509740871263,0.19906223390014077,0.002451288849654594
1A,4.486056497329927,0.07924565016596855,0.15907955169125737,0.0015674107227736287
1A,2.41485649505163,0.04723910373611049,0.20620572138153748,0.002249928897221813
1A,5.659468784006233,0.08392290817550407,0.13238081353089648,0.0010949332968207654
1A,5.372257392987139,0.0850319322593376,0.1389157559484605,0.00122640666881959
1A,5.214343074478101,0.08572712845186421,0.1425087923343218,0.0013068269901558023
1A,6.849007245732141,0.06258047471314132,0.10531515529473082,0.0005367349318383685
1A,6.282735845514947,0.1288971382829348,0.11819957112518345,0.001352596118307118
1A,5.0456118993604715,0.07219490188450546,0.1463479454735102,0.0011679844993268324
1A,3.1036393922956482,0.026375915797501294,0.1905337922295584,0.00090316284846151
1A,4.998200634322283,0.10653443275410013,0.14742669755875681,0.001752710589851029
1A,2.653726241361792,0.022108010574466003,0.20077070004796072,0.0009329355424601896
1A,2.7035221721792526,0.03317185600882641,0.1996376894825842,0.001366281323401154
1A,4.506746435692419,0.05065949679501004,0.15860879196497324,0.0009944495738141515
1A,4.87137868889734,0.04033222910073163,0.15031228683742287,0.0006941487992127719
1A,6.804286133995127,0.1328903496487262,0.10633269811924714,0.0011583384449580635
1A,6.009692049359019,0.09142750678892125,0.1244121571894787,0.0010557114694699531
1A,6.436574700786152,0.06176875752462594,0.11469926406140663,0.0006139492088213922
1A,4.361077215357009,0.05413158077652812,0.16192321470957832,0.0011210469771319638
1A,3.823128579804105,0.05625220038992873,0.17416320054186613,0.0014293374363986483
1A,3.5437887826754064,0.05489624426311175,0.18051903999061808,0.00155975210429519
1A,5.208562637967439,0.10631085750078167,0.1426403150417309,0.001623901863404893
1A,2.4709964414033188,0.05322303287943839,0.20492836495277023,0.0024619959540667456
1A,2.4999952704662634,0.04856671458252586,0.20426855241041,0.0022133944192621133
1A,6.920089164063106,0.11054329780069236,0.10369782305183253,0.0009239492696623856
1A,4.8779264733653624,0.07259475653834935,0.15016330460413008,0.001246497986752409
1A,5.026405139103326,0.08729834949460151,0.1467849583366249,0.0014219615622222113
1A,4.037099688671421,0.07645452206814886,0.16929469978182043,0.0017882771474341812
1A,3.2276974283500506,0.06953077380481154,0.18771109038902556,0.002255443435528289
1A,4.1425745200397275,0.0795561651995677,0.16689482299751723,0.0017877390947699788
1A,4.369234408397104,0.04053416820649774,0.16173761348179685,0.0008369214750005646
1A,6.398100869777114,0.04916646390259532,0.11557466203686659,0.0004953797902739887
1A,4.232296720694402,0.0509099200355561,0.16485336700660058,0.0011060681575195519
1A,6.769302440620993,0.07959769952484644,0.10712868473016288,0.0007026193921514136
1A,6.3235574192022534,0.05017738099864393,0.11727075478369246,0.00051903184492491
1A,3.065312930822966,0.05316489656641205,0.19140583709485529,0.001851667887221932
1A,1.946566148501164,0.0215646287926999,0.21686076691629125,0.0013400208950707614
1A,6.391952261963311,0.11487496282886257,0.11571456177367308,0.0011599456404178972
1A,6.329480833462493,0.062207371162372356,0.11713597889277567,0.0006421283313791532
1A,5.7644966198276215,0.09611234039168734,0.12999110726994764,0.0012088966327559257
1A,2.046803615527204,0.020666407646544302,0.21458005627743604,0.0012084701624376828
1A,2.2502602758964123,0.03835821824163645,0.20995079155619709,0.0019961857429890407
1A,4.877831557428176,0.08778457446539617,0.15016546423359958,0.0015073677979968528
1A,5.297746969405293,0.07741349151458916,0.14061109722962614,0.0011460479850429908
1A,2.4005624353079824,0.04000492457266635,0.20653095519975936,0.001919744202176451
1A,5.21791801680644,0.06394878737445252,0.1424274514021989,0.0009736133638488502
1A,1.9460038039787624,0.031109942586212892,0.2168735619835749,0.001933837146329622
1A,5.586194323100065,0.0879108659966527,0.1340480328601884,0.0011766430263593685
1A,4.107121450058724,0.08541187551729412,0.1677014893697306,0.001945249863953112
1A,6.783598267862124,0.13608397015010043,0.10680341069593764,0.0011950600628827617
1A,4.449981930355992,0.052105601781360145,0.15990035903137276,0.0010443194542613709
1A,3.5753225338805907,0.07117609576584422,0.17980155017378147,0.0019965037417499073
1A,6.430976627729237,0.08343414293947118,0.11482663743941388,0.0008309354471038775
1A,6.987881928526571,0.1263485603684494,0.10215532917467718,0.0010302521466905381
1A,3.8689225084086223,0.03852003541545751,0.17312124783434046,0.0009614014687019472
1A,2.655776869006943,0.05936942705246467,0.20072404196266197,0.0025028131518260747
1A,2.5228875929194294,0.03533729283840815,0.2037476816729893,0.0015917901439607262
1A,4.314339136385722,0.04742659941183498,0.1629866497415288,0.0009993497289603557
1A,3.3453545778198484,0.03731746982701369,0.18503402840317712,0.0011512758625556406
1A,6.360136329677774,0.05324469045746821,0.11643847207788967,0.0005437060187301368
1A,3.752856463111812,0.07141465872576883,0.1757621073070715,0.0018655565702651931
1A,6.406200927593041,0.08077490301666891,0.11539036081114501,0.0008115273884872048
1A,4.475538236466361,0.07591624396171986,0.15931887447310258,0.001507351132208406
1A,2.7191835154955064,0.03867524604402182,0.19928134575822748,0.0015809530574914194
1A,3.429948461899265,0.05833157833930195,0.18310925738565043,0.0017369375161511726
1A,7.11566458824331,0.13029094381613873,0.09924788069135237,0.0010136260522393956
1A,7.014021648268903,0.09890703734666885,0.10156057016208617,0.0007988090611393822
1A,4.772282324515449,0.08831730012948126,0.15256703388184822,0.0015748461020380195
1A,5.848471201930786,0.08682345657861762,0.1280804272769431,0.0010605600034823556
1A,7.136076684593741,0.06259972760768315,0.09878344272530051,0.0004833423550933857
1A,4.785171178020179,0.0626404513591757,0.15227377282704474,0.0011118348157661332
1A,2.0150894396555166,0.04127275605443163,0.21530165131030227,0.002459655393896282
1A,5.790791218995995,0.1179693013247653,0.12939282427410775,0.001470276627509789
1A,5.420079185222123,0.0649550678039242,0.13782766310697722,0.000921301042561199
1A,4.975715795185926,0.04364784407579402,0.14793829679757153,0.0007238450458701448
1A,3.617942130717641,0.049273221558657654,0.1788318232761063,0.0013584758035543817
1A,2.4967884987564584,0.03733634837156541,0.20434151632871245,0.0017043722624743593
1A,2.483372389668046,0.03551023536392349,0.2046467740695334,0.0016322037321853699
1A,5.217432329257709,0.08145898601578562,0.14243850228758553,0.0012404159280047262
1A,3.3042570121259507,0.05102807333181395,0.18596912441158658,0.0016018946758051022
1A,5.806569372475378,0.07163788308247435,0.1290338227593092,0.0008879416951419163
1A,2.5985711666986613,0.03657695212174676,0.20202564761700068,0.0015861241115282482
1A,4.352222120237756,0.06934204444262743,0.16212469535594493,0.0014407629241664694
1A,2.3058690080649815,0.018533747905371156,0.20868552188375855,0.0009355751975314661
1A,6.995235867100051,0.10021911882818962,0.1019880044562895,0.0008149952403031847
1A,4.569944543928332,0.03842375903356995,0.15717084064711198,0.0007370868395803464
1A,5.565354584595166,0.041878795790538104,0.13452220100039824,0.0005646158569565425
1A,2.361494478873033,0.029510208924119746,0.20741987135579482,0.0014457508994896002
1A,4.106623066836979,0.04573645816465623,0.16771282912072172,0.0010418416935681653
1A,4.37193382927998,0.035974629539790165,0.16167619335508193,0.0007420387520956963
1A,4.267562853327628,0.09082375734226826,0.16405095403394454,0.0019474040086257382
1A,4.860333628053567,0.08158938194336411,0.15056359593890534,0.0014097603807370577
1A,2.638485113364709,0.03777482581775014,0.20111748258150247,0.0016060364863569882
1A,5.047346316036278,0.09836370877845159,0.14630848216021947,0.001590373230331572
1A,5.032639244533313,0.03999700885683035,0.14664311326611623,0.0006500565632153402
1A,3.6428228379497734,0.06767893377635413,0.17826571067001037,0.001847315326033902
1A,3.4825231508339445,0.062324736681551904,0.181913021527489,0.0018158835254477193
1A,2.6942430671643716,0.060340991753344224,0.1998488176580497,0.002496519795727155
1A,4.944659894501459,0.08320320090035799,0.1486449140455103,0.001395119549125006
1A,3.2421952260956304,0.0649855159987859,0.1873812209046966,0.0020948900545830814
1A,4.774671270676845,0.0901282875340039,0.15251267800986143,0.0016057626462529905
1B,1.6918323388881187,0.015552547540974848,0.22189634323426108,0.001117261897559287
1B,1.6866829044384273,0.00864374182163092,0.22290710316977236,0.0006256808728526678
1B,1.6894813913845677,0.01723659713205236,0.22235653052592702,0.0012425350112284248
1B,1.6892208496300123,0.010035187462312384,0.22240766141809623,0.0007236847609121373
1B,1.6863517863440738,0.015092970580332713,0.22297244816706158,0.0010930458461382915
1B,1.686588454615078,0.010952269548559294,0.22292573816423497,0.0007928952961834991
1B,1.6914623018227244,0.011475586641038187,0.22196863543767023,0.0008248306922840234
1B,1.6824017826956852,0.02286355187255179,0.22375526923928568,0.001665512429727513
1B,1.6863281161346442,0.012009141961389396,0.22297712103383757,0.0008697427730813836
1B,1.6949186632609865,0.020906735347808698,0.22129542418116532,0.0014951006183160326
1B,1.6873443256125573,0.014832645768856225,0.2227767016131399,0.001072618558033582
1B,1.6878604788310738,0.02095844055232242,0.22267505812889088,0.001514448894444913
1B,1.696890963748606,0.02177043451491,0.22091330838349443,0.0015523715225778745
1B,1.6819690216890464,0.01016943862871156,0.22384140675787248,0.0007412761732816805
1B,1.6887835046132453,0.023061563787581747,0.22249354860079226,0.0016641513626675759
1B,1.6905972648923775,0.010141258631994953,0.22213783828701716,0.0007298521055236405
1B,1.6824378072141903,0.02092280271322484,0.22374810217856353,0.0015240556614766487
1B,1.6886290182875572,0.02497861641043895,0.2225239047784054,0.0018028991340228616
1B,1.687321582736253,0.02057372354197351,0.2227811826320486,0.001487832943147456
1B,1.6877749324759255,0.0150993389906345,0.22269189720401103,0.0010912102725603463
1B,1.686161988695497,0.018695171468515577,0.22300992330616898,0.0013543002971152659
1B,1.6844567188389523,0.015314069436751841,0.22334725525302856,0.0011121721163075313
1B,1.6840439534422553,0.024172453163021183,0.22342907821890706,0.0017565787563449554
1B,1.6891707916088157,0.011769165410057965,0.22241748822408555,0.000848792752784509
1B,1.6873373772023883,0.015086601309470142,0.22277807063403812,0.0010909944777323015
1B,1.6873975214257877,0.011185277270595484,0.22276622124942422,0.000808796592339075
1B,1.6859530139258565,0.014153200498322088,0.22305120115209412,0.0010255914359433265
1B,1.6851047579857727,0.012530384136265242,0.22321892814109512,0.0009091365666453655
1B,1.6925322986888014,0.021215969594317277,0.22175973928998807,0.0015225418851977396
1B,1.6871513591984795,0.01312795007656222,0.22281472807677666,0.0009496146195654528
1B,1.6845277563450667,0.011551920885518211,0.2233331801303136,0.0008388608226619678
1B,1.6888790846620623,0.016355386106403552,0.22247477198022597,0.00118005878244954
1B,1.6876105908803725,0.009200399260946204,0.22272425441563182,0.0006650626727625916
1B,1.6909979468130678,0.02467728003569708,0.22205942840250392,0.0017749415421631082
1B,1.6872251310455304,0.016796436804644054,0.22280018869765517,0.00121484342187888
1B,1.6943588286857145,0.012748970719162225,0.22140415632194807,0.0009124648226319011
1B,1.688224233753469,0.021352720084490132,0.22260348772010716,0.0015421111193973248
1B,1.6875451420328762,0.023653339008559992,0.22273714355352398,0.0017099772419662156
1B,1.68411880020876,0.02496481599819444,0.22341423630625018,0.0018139575368602816
1B,1.6915772173158767,0.009672813052314775,0.221946179376122,0.0006951351790879679
1B,2.5082771463562903,0.042017010030476795,0.19598736670303446,0.0018311986600503972
1B,4.711541323427232,0.07662576550034261,0.1591835270607516,0.0014440017043951898
1B,5.769494396817635,0.11011250149743897,0.13039619512105174,0.001388102553335459
1B,2.8765059608827026,0.03298804986163323,0.18927855026227017,0.0012107389828385849
1B,6.372221896494725,0.11567926458121261,0.1129057908469128,0.0011432431461928924
1B,6.4097190168410885,0.06357679112438115,0.10591841293431324,0.0005859881560452789
1B,6.88777878238381,0.10638990526175233,0.11387240249366225,0.000981064308952059
1B,4.680741551977919,0.06894948272574403,0.15686400253545799,0.0012888352433885993
1B,6.960943003494158,0.05534519567246505,0.10249663778620996,0.00045454745428543227
1B,2.4002767639854192,0.032419983015959664,0.2125079771582565,0.0016009746684633754
1B,4.657647005647763,0.06768208258395701,0.1369250613856744,0.0011098079913385583
1B,2.5868081696280516,0.050227680325788324,0.20927651943646614,0.0022665075098319675
1B,5.152795393939911,0.07249902758237432,0.14438109825832904,0.0011330716815752537
1B,5.241551625389354,0.0753416994204695,0.13820122921365885,0.0011080139064181746
1B,2.4527742451720895,0.030138089291101854,0.20836843313431358,0.0014280645053194737
1B,5.7238314855657935,0.12449858024108026,0.13342057402881954,0.0016186692831038445
1B,3.6234732066335327,0.051614529039644294,0.18185048677623059,0.0014448379607015457
1B,6.62586330123051,0.08610330780270536,0.11765214342341306,0.0008527759991388389
1B,5.785249748955293,0.12210518729267489,0.1300258594754196,0.0015307331801102599
1B,4.040506789557988,0.03792866259665742,0.1724244201599354,0.0009027930842837196
1B,2.253581784746005,0.027940363633266678,0.21175816936945616,0.0014643896986347303
1B,2.827474403884185,0.026692608263025958,0.19177111342252953,0.0010097951523527413
1B,3.251324942267825,0.03426192941078936,0.18867795999692288,0.0011089970047912176
1B,4.701439978814187,0.07937052003295929,0.15436644316947773,0.0014535801652580495
1B,3.5067290555544055,0.04734407437417594,0.18397995113854007,0.0013854526204302674
1B,6.53729348314294,0.08062597749331013,0.11581281357067838,0.0007966937019719944
1B,4.729020104104542,0.10020830264138532,0.14942288339315007,0.0017660679912081911
1B,6.794271146186282,0.1286756914692368,0.10557416650199244,0.0011152418504009958
1B,4.369284584432683,0.049666209036989165,0.1636219160409825,0.0010374087686582376
1B,4.951286346208643,0.04958957272725998,0.1541920504262629,0.0008613746123855046
1B,2.3800303015268156,0.032944391305805856,0.2082053875315335,0.0016074916493099079
1B,5.133371140671655,0.09938755598050049,0.1435043853951473,0.0015497165831168688
1B,3.228734201140146,0.032756624644371235,0.18014188625379715,0.001019387530744398
1B,4.060834936193004,0.090884044534737,0.16949804918855307,0.0021158982245682457
1B,7.211801698256973,0.08852411448047194,0.10186773224938654,0.0006974486110571211
1B,4.273101814748141,0.08252196328665817,0.1584519464306993,0.0017067961334039422
1B,6.2936242658238415,0.12285684180178967,0.12520432887417327,0.0013632504225192309
1B,4.433025974032848,0.0434564342094222,0.1659170287078431,0.0009071989404974775
1B,4.6620914846617465,0.08913619714678513,0.1512144871032394,0.0016125918920772812
1B,1.9381779369838648,0.03956211635546228,0.21581751396856433,0.0024571423478252836
1B,6.246883705041129,0.11598566075070947,0.11800199649679052,0.001222047244675144
1B,3.156358902648127,0.04109126386359124,0.19792958513798742,0.0014372476081812265
1B,2.9443166610531737,0.029868239006415772,0.19638346814384122,0.0011111886270254178
1B,2.712546660275522,0.046935459025201506,0.20080338599767492,0.0019379949665984447
1B,4.202302046680958,0.04363884840641935,0.15312970466246079,0.000886958341612217
1B,2.9539789103351644,0.04656543508210424,0.18914397526316545,0.0016630547542020972
1B,6.286875877621601,0.09300100756396892,0.11260604922217421,0.0009291209442508491
1B,3.1661228220153066,0.04204782778886277,0.1853715052648241,0.0013731454560263116
1B,3.230518608663958,0.027430941372793723,0.18359373251812355,0.0008695290124579786
1B,4.322784484649494,0.07040333157384232,0.1724895678642681,0.0015669322605961363
1B,2.813003259523916,0.03893480769121445,0.1905544906419079,0.0014711086441997377
1B,2.711118328171202,0.022581056764348604,0.1959674422859125,0.0009104109546675294
1B,3.7039433438115514,0.07943106246636805,0.1760372465711589,0.002105660569834631
1B,2.2874974430930415,0.04640356641524588,0.20322274961071038,0.0022994333554962883
1B,5.878408140455754,0.07947004953268819,0.12295479239872285,0.0009271435246973988
1B,3.516784423674408,0.0780005628837331,0.17825788666928097,0.002205253418385933
1B,4.475038073058538,0.05511584159151255,0.15956397074981135,0.001096155847113069
1B,2.812915386358154,0.03834015109060966,0.20585810233186894,0.0015650307582242514
1B,4.10796546098973,0.05109872313184542,0.16703695098298868,0.001158920324815549
1B,4.221905539622534,0.051974752695630844,0.16159988583246238,0.001109641600032885
1B,3.6387401427898287,0.04852787842556731,0.18340895922149644,0.0013643273030280807
1B,2.9193700354744934,0.06251122369025387,0.19050943309219778,0.002275323226198314
1B,5.017527203310198,0.10716688491811471,0.1450193636483038,0.0017276454761290924
1B,4.913762438490262,0.03880882968884911,0.1509827904683231,0.0006651224378383243
1B,5.801732520973903,0.11197196220113755,0.12910353539412933,0.001389784560037169
1B,3.556772718671392,0.03524343732712813,0.18098072982428626,0.001000258477678092
1B,5.974099452678315,0.12148111285934998,0.11700827864471385,0.0013271214383581396
1B,2.7695877761772327,0.04078620496423529,0.201332466009375,0.0016537495445657238
1B,4.821476206495576,0.0663641937922917,0.13713639486766604,0.001052844624641905
1B,2.400033667716485,0.04947672728849473,0.20941337419858536,0.002407940804362529
1B,3.8004190131909623,0.040721094645515966,0.1758570033703035,0.0010510064740194079
1B,2.5156025062377463,0.03414907993843733,0.2084967987262354,0.0015786801220664358
1B,6.180250645895239,0.10514779639679239,0.1342195236110079,0.0012737011497322994
1B,4.0962341945807985,0.08962811471667892,0.16289825681872633,0.001988079195339148
1B,1.9661676045074061,0.042347537152880234,0.21508219028940453,0.002583865081780119
1B,6.32870351198966,0.1343974418120744,0.11526512721120834,0.0013653121241205869
1B,4.849379097660026,0.05896754190844237,0.14201496209347836,0.0009632050510347234
1B,2.785752118098911,0.05047130530742505,0.20388211152453117,0.0020603402701322355
1B,6.290154581812129,0.12226065570367173,0.11818724217462295,0.0012813086614767407
1B,4.732597816110434,0.06977778113077907,0.15945187392741716,0.001311308706405169
1B,4.242676378606231,0.03674811658633973,0.1708253982521339,0.0008252877186791835
1B,6.007182113185919,0.05924793682446903,0.12148324519222063,0.0006683078757407136
1B,2.883327608750418,0.06388845872411197,0.19865767957150968,0.0024552263701929926
1B,3.039249186648161,0.048714744544352775,0.18911490373661446,0.001690743152848353
1B,6.739799710741904,0.11300510043324656,0.10572199589856411,0.0009887219355157312
1B,6.4789173801181486,0.09114297029481595,0.12512319671331323,0.000981784855144387
1B,6.918382032911709,0.08517228273547772,0.10571525555915338,0.0007259206854126294
1B,5.3149240040341725,0.05332514076778149,0.1432864191850509,0.0008018585086870673
1B,6.864197182890996,0.10380652448147233,0.10623207876056869,0.0008960832119657317
1B,4.120899136455624,0.03503747644605099,0.16359886668464377,0.0007758520031449754
1B,4.997302127132713,0.07263616713828643,0.1592033031157239,0.0012907054609464258
1B,6.647756667815739,0.12781213439294262,0.10924193364766471,0.0011715049091861652
1B,4.089055983403369,0.071304728905899,0.17701945701627175,0.001721765660166495
1B,5.417679400326777,0.08173346661310088,0.14268684405923507,0.0012006828605305143
1B,5.768204848244601,0.06044360512328649,0.1304966575140134,0.0007627229834759158
1B,5.163938017455777,0.11278402050447588,0.15389387648103744,0.001874759882931416
1B,2.6015821828335053,0.04919121110063491,0.20266102397012198,0.0021373613862051347
1B,5.615894456196277,0.06515249364646075,0.13508004290964695,0.0008740998712292115
1B,3.434127025993733,0.05053952039387447,0.181364265775037,0.0014887584650880579
1B,6.01896685697922,0.06687852277266383,0.12137579792319121,0.0007522368054154578
1B,3.7227911975559023,0.06990177308391957,0.16589324459004517,0.0017374246378286274
1B,3.4651189162582816,0.045182006488802606,0.18673877531834895,0.0013581246678818332
1B,3.039876594704743,0.062340525068788864,0.19028197103897926,0.002176556296518418
1B,7.194948451042365,0.10370777735639188,0.09503024776888885,0.0007640174228546471
1B,2.191404136682152,0.03511179528433071,0.213970921729999,0.0019122429879333712
1B,4.761543899512683,0.09626676619000618,0.15653834834223837,0.0017652535705906856
1B,7.194375563846633,0.08288839063613328,0.09871769537389509,0.0006343856799171381
1B,5.061675883365198,0.05085465560885933,0.1487975183556845,0.0008338536503705618
1B,2.8121336766167286,0.04983084589995844,0.190246333737422,0.0018803398727238658
1B,2.8019255377263064,0.02690081375938844,0.19554544734478924,0.0010471630235253189
1B,5.447560614845273,0.06247787701633112,0.13132584422087537,0.0008401022635097541
1B,4.0912039214568745,0.05390067156117851,0.1696153332134283,0.001246424336620313
1B,6.307570924133867,0.05096305780671318,0.10630591221392988,0.0004790805229041293
1B,2.885154505263311,0.053970095468882505,0.19497230227650822,0.0020342990291834875
1B,3.7844318971540423,0.07730540881180777,0.16826973875639661,0.0019172244918752952
1B,5.2559847408171425,0.11221634914882829,0.14303167859327942,0.0017033034887597792
1B,3.0875610227158496,0.03244544070644881,0.19697029414275713,0.0011545071374958811
1B,2.7690421805541625,0.05410932458280801,0.1971923395426286,0.0021492668592517925
1B,3.2018107920912082,0.04332279562682125,0.1848728568964284,0.001395249010942759
1B,2.9682500244122094,0.05072369775860729,0.1963857747697586,0.0018718809021158822
1C,1.6847704235149732,0.011977612307854874,0.2232851137929502,0.0008694606255915973
1C,1.6867701107748125,0.02278821561846842,0.2228899003986731,0.001649321957263816
1C,1.695725470549952,0.01233913540557015,0.22113893408889126,0.000881363428488486
1C,1.6861283073269961,0.02305651538026858,0.2230165750855421,0.0016703243838768445
1C,1.6917464012001473,0.018929227610942043,0.2219131277478548,0.001360007345500936
1C,1.6869335156263512,0.010598889554244999,0.22285767427537093,0.0007669209845535457
1C,1.686451524453429,0.024259798429086155,0.22295276071109488,0.0017566563401228323
1C,1.6936743477836316,0.01594124824651926,0.22153725968615362,0.001142088666582
1C,1.6874175814957622,0.017337500692264047,0.22276226940345187,0.0012536207807473591
1C,1.692634159270793,0.022351334680951927,0.22173987584542829,0.0016037799796565539
1C,1.6959730143268528,0.010478465830027237,0.22109096949294202,0.0007481874089800458
1C,1.6927083641786216,0.016975747940517517,0.22172540792788303,0.0012179315136232353
1C,1.6878659610783655,0.018273585451618436,0.22267397909168607,0.001320431604831558
1C,1.6880753040535323,0.021723695600251253,0.22263278410797346,0.0015692481923792602
1C,1.6892301689638132,0.012613904882586397,0.2224058320621895,0.0009096357520708014
1C,1.6855620559323095,0.019855446576062162,0.22312847102586575,0.0014396288126260158
1C,1.6882787222214972,0.011624309434559357,0.22259277128357374,0.0008394497402225263
1C,1.686081192844454,0.02462734509973026,0.22302588053015238,0.0017842471102248725
1C,1.6848057119196334,0.023888186210173887,0.2232781259541205,0.001733964314089384
1C,1.6790847149815034,0.01430665263504789,0.22441739286322657,0.0010473276384914312
1C,1.6878078783949753,0.016438113476123346,0.22268541174313122,0.0011879040385642952
1C,1.683264572156501,0.009995356728215459,0.22358375789802612,0.0007271881517841885
1C,1.6866592281387152,0.02320065623116974,0.22291177418899333,0.0016794479870161647
1C,1.6864554345872727,0.021718052515825623,0.2229519889627252,0.001572598974541266
1C,1.6877609350545304,0.024978499643456522,0.2226946527478777,0.0018052021182934819
1C,1.6869715376163514,0.013518046358893868,0.22285017720198128,0.0009780921814543915
1C,1.6882469456248639,0.014128205040526955,0.2225990207576459,0.0010203164610587897
1C,1.6839754722217095,0.019508531990148625,0.22344265978306455,0.0014178018815386325
1C,1.6900035465956038,0.00886323781105652,0.2222541372557324,0.0006384329122989034
1C,1.6927386391888957,0.020514601055044962,0.22171950573793944,0.001471762378288598
1C,1.689340137034545,0.01681915619240608,0.2223842482083206,0.0012126954630276988
1C,1.689698544142366,0.014333305253159017,0.22231393466824897,0.001032914639459902
1C,1.6893419160632737,0.00896859522542718,0.22238389906992284,0.0006466523103930353
1C,1.6879441757168767,0.02439329635221098,0.2226585858513101,0.00176243247426512
1C,1.6893295655774039,0.021111648735118192,0.22238632290581353,0.0015222166563029131
1C,1.6879929319254865,0.023068260493823423,0.22264899145522138,0.001666577762902944
1C,1.689319227373281,0.012094255138287244,0.22238835186804465,0.0008720473459995272
1C,1.686004835767104,0.02156855311118624,0.22304096343081148,0.0015628145862897683
1C,1.6791277894362444,0.012270164282020452,0.2244087668122124,0.000898187640643502
1C,1.6867306999617435,0.024601225227121225,0.22289767441247504,0.001780644211202253
1C,5.630889340813732,0.08020066462952109,0.15202149687242208,0.0012077129973035818
1C,5.259886570135698,0.08510043832091557,0.11908550659286159,0.0010746624831731554
1C,2.5096841387602775,0.025189751427191293,0.19866827584903393,0.0011122210227257694
1C,2.916639390228651,0.0251147887736647,0.2143948503961085,0.001029719420899638
1C,2.463874182808443,0.05108258207857409,0.20523220187476326,0.002373327000748299
1C,5.236428424319086,0.07600564210308547,0.15121142078152472,0.0012242018055374955
1C,2.668417994152533,0.05371806213606098,0.21510903984024982,0.0024153657257815577
1C,3.560381463159046,0.04313395732394405,0.18355881026624654,0.001240382893647673
1C,2.9251152791684034,0.03465533751644376,0.18891076412517335,0.0012483650810745615
1C,4.796353058024359,0.08586962221767136,0.15335851964968392,0.0015314191622282213
1C,5.430690057298033,0.04779372331085549,0.1362342399087201,0.000668743974128604
1C,2.955869648326876,0.04312123068666172,0.19452445401038004,0.0015828429823018162
1C,4.488860112173744,0.07420065319972968,0.1616844358809103,0.0014907253390600184
1C,5.788427685351127,0.08626261493664365,0.12035375670346839,0.0010004132124290302
1C,4.319564620520599,0.038564265497627113,0.17319574893314535,0.0008624622156204363
1C,2.5865048515281917,0.044289808618856286,0.2066021598573303,0.001973254603445061
1C,4.002877124970485,0.07541979791717927,0.16997029265198046,0.0017862567733698692
1C,6.373736730882737,0.07293511546086376,0.1155411617517934,0.0007374575817254336
1C,4.939520458152193,0.10076403484647665,0.14620009880111837,0.0016635129572953405
1C,6.86087732454408,0.09671871823433575,0.1122626138494705,0.0008827216718563971
1C,7.127708732835026,0.08776170361915456,0.09917734572064289,0.0006811226818433734
1C,4.746268770600313,0.08893374437861513,0.15065466774209932,0.001574543281114991
1C,3.5662823112306272,0.0506206494826407,0.1647039063791871,0.0013039881783671954
1C,2.9945416589478553,0.0304096339315401,0.19971729533563087,0.0011312387413722946
1C,5.331201375617126,0.04172119207112044,0.13275966944744874,0.0005795028079258215
1C,6.3921960596073095,0.05482559160432908,0.10479883210941636,0.0005013574161030599
1C,6.139850712211207,0.09665601159017324,0.12834843469785792,0.0011269882713341361
1C,2.577631990520896,0.05618522626554208,0.19089711322897165,0.0023209102313333963
1C,4.457263207212749,0.036502528556611895,0.1433292058542603,0.0006547072111762076
1C,3.669621444465438,0.061121440965728684,0.18067598429625945,0.0016785354184535746
1C,5.978743021694109,0.09895471002637118,0.11670120269013602,0.001077357095442809
1C,3.088416056167897,0.031347437547142025,0.19569838688382665,0.0011079272673787336
1C,6.2500326688915155,0.13359093009544265,0.11738598870234618,0.0013994864866529214
1C,6.952706460465593,0.15338124058831956,0.10742413623263368,0.0013218372408525508
1C,4.761938185822593,0.06551857486304544,0.12217362794385461,0.0009375963760057559
1C,4.871203832711868,0.09856723293803696,0.1607516977911489,0.0018143020508966255
1C,4.330690496864286,0.056449807044924735,0.15255893131043705,0.0011091766376503563
1C,2.687150133624037,0.0288295100024004,0.21274515721201054,0.0012731007479482887
1C,6.446849794599727,0.13796295514572457,0.10659183327330794,0.00127232080636185
1C,3.145827304386207,0.05540722945607879,0.17134575500116933,0.0016833044339546242
1C,3.5977109390569617,0.045063859287383726,0.18154456744640102,0.001268361742600526
1C,6.373595034576687,0.11002048024264022,0.10394550517223944,0.0010008120960583833
1C,2.3839189771051776,0.04246477025797217,0.20464463916577494,0.002033271725172378
1C,2.0102045235348465,0.030812709472577988,0.2235278625963727,0.0019110808886243485
1C,3.2788802166582567,0.029936191336551368,0.19458058985250481,0.0009908964467373869
1C,4.640479664565112,0.0641277254682314,0.14767035021135164,0.0011382404841656774
1C,2.3011163882503514,0.0436237844314533,0.21848187128252966,0.0023102443722816768
1C,3.3087316935556452,0.026917166643963864,0.20819249639619847,0.0009446928437150359
1C,4.185418700139526,0.032409609083360116,0.17756344287030212,0.0007669131781720208
1C,4.234429776981555,0.06192071257893448,0.18313336434501204,0.0014937098517516254
1C,2.4661241369363456,0.05290226609082924,0.2110425138396977,0.0025251492599951057
1C,4.48732670837026,0.06382677175295999,0.14555620772748099,0.0011547917747246816
1C,3.250668011444508,0.03347293929980877,0.19978547711847575,0.0011474741443232366
1C,3.3924740209337827,0.03467048023151791,0.17908024826374414,0.0010208190720196323
1C,5.440725836517816,0.07887767878785869,0.1564390251574762,0.0012650280101246419
1C,3.714043072921737,0.04694459242318791,0.17733150480545323,0.001250208067757186
1C,1.949982433117065,0.03822777417831266,0.21952402477665678,0.0024004249400336694
1C,6.852003875244484,0.08649335150658041,0.09061438195141729,0.0006379990315018934
1C,2.64282875227915,0.020381154418356077,0.21078575463357696,0.0009066898924219097
1C,6.81769923496201,0.07914389240456722,0.0865288127075682,0.0005602709087915507
1C,1.9222119432264604,0.02419126049169453,0.21782298366603775,0.0015290394486021715
1C,3.5455579153388674,0.07928628546771394,0.1824199302804111,0.0022753255014924625
1C,6.823366315978207,0.12944847273521695,0.1106946138808171,0.0011713387056711334
1C,6.365379721495998,0.07719228730043233,0.12417674366917562,0.0008399387575376767
1C,6.810613911876175,0.11811950590061417,0.08858660306633723,0.0008569612213955318
1C,1.932812463162713,0.017333943832738282,0.2063186138416698,0.0010320573708634275
1C,3.2611708160285975,0.0436704205186976,0.18881884566214494,0.001410317600756776
1C,4.073250444236844,0.05057802249089201,0.1761614479268295,0.001220082966083539
1C,4.487662660242699,0.05734761291670282,0.16079699257948651,0.0011461219356420256
1C,4.846093973130406,0.09338825463593475,0.17433929010016008,0.0018739304208589666
1C,7.029907612608616,0.13900524752074886,0.1094198157336057,0.0012068000455561282
1C,4.9410292610565145,0.0904979566431745,0.15203047681120097,0.001553137000587473
1C,2.061360659219255,0.023454898872062768,0.21539543377428036,0.0013670167460343122
1C,5.363876759237442,0.06623845115728565,0.14486528037627805,0.0009978228619309162
1C,4.967641359854299,0.11175444476597267,0.13895381640920132,0.0017435837433521092
1C,4.251101971793038,0.039153872925016146,0.17705601309923766,0.0009095815573278145
1C,6.822949074770596,0.09376386731033094,0.09515740310250739,0.000729396582514727
1C,2.7910838206914446,0.022555501872074578,0.20268842325929928,0.0009136215202977495
1C,5.343589588620672,0.10007323359798348,0.13045424958386603,0.0013627018011545223
1C,6.537441967170649,0.07814222219207827,0.11740507096413909,0.000782749010184623
1C,2.07033341682645,0.0236606928663044,0.19521992735285204,0.0012444259929132618
1C,5.17361907026324,0.06820392028807608,0.14173683320343847,0.0010422103350262626
1C,4.971145030275191,0.04166207396410571,0.1527658237027366,0.0007141154332636345
1C,4.102568223194667,0.06535447639377308,0.1854747368986,0.0016480183851477718
1C,2.440809214528114,0.04133320084521225,0.1909131878883459,0.0018032622649218472
1C,5.097302737903086,0.08075582537421065,0.14777979001536287,0.0013058889241612268
1C,2.9529853513492648,0.03716436715165789,0.18357712512390836,0.001288670166983151
1C,5.586429802294495,0.05864032884184802,0.1329344093224072,0.0007783182650360007
1C,3.358840466662969,0.040262008082315906,0.1947431783351766,0.001302045225885362
1C,1.9489506707984705,0.04235675221347131,0.22810890769455766,0.0027651698390540372
1C,5.890316335825154,0.09027329889545421,0.11521297012352583,0.0009848720848418158
1C,4.11662904422834,0.05462870517759699,0.1604297315665662,0.001187467660429206
1C,2.741627751147538,0.04097179298244789,0.19660279824881574,0.0016387923881198052
1C,6.777610130777229,0.07754225759557205,0.11596671271287681,0.0007400362013950183
1C,7.1264042822382345,0.11549460161820807,0.0790105765165515,0.0007142236396106442
1C,3.8193218836433402,0.07838603067556114,0.17802743480643834,0.002037966810448969
1C,3.7784021654330187,0.06959141731831563,0.186703812472249,0.001918043477269307
1C,3.335350634071458,0.029464257848335004,0.17744819058974048,0.000874346037439314
1C,6.1167657908333775,0.12209406495372518,0.12473606920184135,0.0013887450257989646
1C,2.045465414352063,0.02342008651549279,0.21847168194432498,0.0013952411213166455
1C,4.059193091872648,0.049044020060616055,0.18177798599273348,0.0012250262613322444
1C,3.0964007395172004,0.029436851353571658,0.20535945104146267,0.001088946762326631
1C,5.532311763111739,0.045413392305339265,0.13466552486109987,0.0006165829159123248
1C,5.9433868394939715,0.0973645178776774,0.13475309151198667,0.0012312981244604268
1C,5.861184851864725,0.06660803643374676,0.11744263452997607,0.000744431528906538
1C,2.7998814366171607,0.052626848962967404,0.20385696581332788,0.00213722892430015
1C,6.6153788967171625,0.08234017033034174,0.11355493122067324,0.0007883531315014655
1C,6.858578896399967,0.10155313481024643,0.11033156633662322,0.000911206354866814
1C,2.346450676823346,0.02195727644591986,0.21610272903433148,0.0011279375435454487
1C,2.8303147569933644,0.024140640045141278,0.17242940275657542,0.000820319677930179
1C,5.531090633122924,0.09011609299040149,0.14327468064065604,0.0013020234004527628
1C,3.5182485322677457,0.04945574038524592,0.18830236213951643,0.001476398929838811
1C,5.862576114790401,0.08630081945443709,0.13078188533935592,0.0010738207207992897
1C,4.868761880580956,0.08452175214239392,0.15630240525115113,0.001513468473650225
1C,5.688407638186054,0.06597044357664833,0.11550899114548291,0.0007471920544678885
1C,4.607940688099537,0.04988588759070103,0.1717215897975978,0.0010369396589609827
1C,5.772597561105866,0.08193480846528223,0.12391653497035898,0.0009810342801552965
1C,6.453632111844822,0.06224599820030774,0.10917760334213521,0.0005873521304611655
1C,2.8249438882226876,0.025668152229179356,0.2155709109873696,0.001092528307501126
1C,3.587989457456026,0.03287427723111188,0.1697597827898539,0.0008675562179299613
2A,1.5713327204712215,0.02292725386685777,0.24855299422559443,0.0019863853904369083
2A,1.5531483444894405,0.00855697899741287,0.25319539905360544,0.0007640538438296636
2A,1.5569031943429321,0.021542344536848054,0.25222166421065945,0.0019115003068707545
2A,1.5504324118561945,0.016314473432581696,0.25390472768574274,0.001463361541257495
2A,1.5488831026523202,0.02043674980044926,0.2543112660350168,0.0018378895711826748
2A,1.5319112521330873,0.008178534016428856,0.2588570514436438,0.0007569417946449967
2A,1.5599494276559558,0.022627008258958296,0.2514375465751551,0.0019975946858396473
2A,1.548153877736136,0.012032223145362604,0.25450309473162047,0.0010833915594285698
2A,1.5594392466849447,0.02246140521730136,0.25156850677638937,0.0019846565516816912
2A,1.563388981471825,0.01614066735141811,0.25055842449144455,0.0014168506612527883
2A,1.5548736932879645,0.014967215115566332,0.2527469746991538,0.0013325775058346978
2A,1.5613118367391374,0.00967152175265025,0.25108853796777997,0.0008519079595638079
2A,1.5735975360223784,0.011530255005740364,0.24798751869329308,0.000995258043134314
2A,1.5679276886812064,0.010126183465681605,0.24940838282157707,0.0008822495303139223
2A,1.5667639649331864,0.01642930721268345,0.24970217442902393,0.0014341633761202044
2A,1.5628902307820725,0.010365192485347955,0.2506854934162857,0.0009106232309624531
2A,1.5435440418816355,0.013399401962443658,0.2557229143260508,0.0012158966512749187
2A,1.5555529922032996,0.021967602428781957,0.2525708869892483,0.0019536275284843018
2A,1.5597185538382006,0.02204558703829867,0.2514967923581691,0.0019470114574423037
2A,1.5503128509204476,0.020605015604444516,0.25393605114413453,0.0018485814464588865
2A,1.5553647601847007,0.01742236637260595,0.2526196542227809,0.0015498963338847764
2A,1.5537455234195567,0.018497271333555748,0.2530399981645384,0.0016499758206080753
2A,1.5582967175239535,0.022721408799520754,0.25186231612964266,0.002011448510309246
2A,1.5638894425218866,0.020040708971938943,0.2504310582672393,0.001757744912442307
2A,1.556033688783901,0.007973073268919896,0.2524464390399512,0.0007084947493283489
2A,1.556760425560274,0.015679537187663687,0.2522585418718216,0.001391611359099151
2A,1.5478890473668148,0.01299788831024605,0.25457283685720444,0.0011708618699718162
2A,1.5557230194035838,0.022868068674158436,0.2525268535369084,0.002033131198928117
2A,1.5622164279294424,0.012804950151551467,0.25085738027562826,0.0011262225054248973
2A,1.5627775138247255,0.016304601205885512,0.2507142299196917,0.0014326913495014038
2A,1.5354646123308133,0.017561730103497455,0.2578910828924524,0.001615565014446578
2A,1.5762013508737822,0.012376665356900114,0.24734080560984445,0.001063771501866935
2A,1.5443723399938294,0.008108575669059507,0.25550282052207574,0.0007347657180654406
2A,1.5534021282843784,0.014970442765395492,0.2531293332998739,0.0013361458035261527
2A,1.551230667222737,0.017337631430290976,0.25369580564242894,0.0015530566544235491
2A,1.5472334480191432,0.019289850099036897,0.25474566174754304,0.0017395640805705093
2A,1.5523885047554087,0.017137510077988808,0.2533934228474304,0.0015321570024461988
2A,1.558547751938002,0.008435686970427294,0.25179769804386826,0.0007464706306703285
2A,1.5400400151402835,0.017787399405941883,0.2566584732836545,0.0016236659591197969
2A,1.5482844502883442,0.007986101346048914,0.25446872388984865,0.000718917581079704
2A,2.3723330631041892,0.04258545232674561,0.1774286239347642,0.001776507511702849
2A,2.7708651211263833,0.020943340724208486,0.1407765676372848,0.0005934972425029132
2A,2.223798261832009,0.042285336016614467,0.19108902035401457,0.002026692659358773
2A,2.816041799515009,0.03830615924788255,0.13662177475098497,0.0010365904334390475
2A,2.807466723739838,0.041870268572284534,0.13741040430722817,0.001143058632057136
2A,1.8961546202680097,0.04151430294045041,0.22122163567161618,0.0027015273060840947
2A,1.9369544989764322,0.024481236383428497,0.21746936676062148,0.0015330975137366168
2A,2.016581867069136,0.03418565952406799,0.21014622494704277,0.001987043885200649
2A,2.3239248271680983,0.024344842608617537,0.1818806155702588,0.0010627450035367108
2A,2.5826378763414772,0.05352325449281221,0.15808738475652295,0.0018274014823197013
2A,2.599547634761526,0.035880107581124074,0.15653223403498706,0.0012050845015746706
2A,2.711292718240632,0.04333184970500019,0.14625530145654275,0.0013037676437768024
2A,1.7751075376425434,0.019862947924926436,0.232354051239518,0.001450197145305091
2A,2.285093763619506,0.03315465511029014,0.1854518171803304,0.0015008225404315528
2A,2.4473078629218086,0.03674571124516181,0.1705333678857399,0.0014281873512833017
2A,2.259353144922097,0.04587562344211826,0.18781912135734308,0.002127136827981289
2A,1.8379848547900552,0.03229532904416593,0.22657137222653703,0.0022205501259770417
2A,1.9723780453339737,0.04399225269892322,0.21421154649442675,0.0026649353588396266
2A,2.7918700456439085,0.057403641682958584,0.13884479411883482,0.0015923246107380318
2A,2.5457833943253045,0.03698025272480806,0.16147680481064564,0.001308327089495072
2A,2.815187605647266,0.03155501165117501,0.136700332952513,0.000854650077602104
2A,1.9651656077724478,0.04394716979016627,0.21487485741816775,0.0026802488548010347
2A,1.8570871573446897,0.03880118967433955,0.22481457837632948,0.0026199619621315048
2A,1.8750513864649057,0.037812528539497806,0.22316245046390365,0.0025101601352150353
2A,1.866396278810054,0.0192237539270555,0.22395844036394,0.0012866473626856256
2A,2.2922549401971337,0.019969621795209544,0.18479322060874726,0.0008979470290981345
2A,2.801426450626234,0.04307584947375408,0.13796591402283465,0.001183270913970227
2A,2.4982252621658505,0.05414173169187709,0.16585061440067414,0.0020048200284431992
2A,2.2238098461892886,0.04334803391764943,0.19108795496791417,0.0020776042703663897
2A,2.8084946356246054,0.04271923378259939,0.13731586966814213,0.0011650065003215658
2A,1.978484101606429,0.0252675425014377,0.2136499868563784,0.00152191736200315
2A,1.9214793654317093,0.025519577633614,0.21889257840564452,0.0016215358514986957
2A,2.740314610157054,0.04437931506594704,0.1435862262969208,0.0012970320614897834
2A,2.4638163040762007,0.03667869474145038,0.16901512536949873,0.0014034239394154014
2A,1.8780729662610043,0.014882572462539583,0.22288456287477582,0.0009851521181193192
2A,2.3737754768612476,0.028051225802482663,0.17729596853311264,0.0011686079235040765
2A,2.5330798291679235,0.03667440363868507,0.16264512182794588,0.0013134483127435687
2A,1.9259224470252163,0.02781414129470072,0.21848395863862333,0.001759965597078683
2A,2.7278152455557816,0.035668008964284605,0.14473576346921785,0.0010555955047495268
2A,2.4123187116446307,0.031851131545435944,0.17375123785779803,0.0012796047644321122
2A,2.205366852743293,0.03840210359544688,0.1927841137096509,0.001872419590171232
2A,2.2058465991596545,0.019993249269340894,0.1927399925597784,0.000974400891013717
2A,2.183592750557021,0.01756336792135968,0.194786626689708,0.000873882520919347
2A,2.4567977478508074,0.028544436445305525,0.16966060548263381,0.0010994888799356396
2A,2.165680697699281,0.03409886129507572,0.1964339560739573,0.0017251218452477009
2A,2.070165761562555,0.01888947967448851,0.2052182401636916,0.0010444522590302326
2A,2.525632838511629,0.020248162360955085,0.16333000404830195,0.0007303636203260611
2A,2.572375580109378,0.0216076012195863,0.15903118401098434,0.0007450959989068649
2A,2.4149211589239403,0.03963952152454718,0.17351189690072208,0.0015885923453447647
2A,1.9095831954816873,0.02353324794771603,0.21998664118417335,0.0015121586433679255
2A,1.8580219248116774,0.040626394676191654,0.22472861001033373,0.0027407762067121213
2A,2.7924566840841623,0.04263572748317682,0.13879084236086298,0.0011819682346525318
2A,2.0798271039283005,0.018742201419381387,0.20432970922328025,0.0010270288542676817
2A,2.4180799239504824,0.038949656493813316,0.1732213927085176,0.0015562962375355754
2A,1.8774250673154742,0.028322591423602432,0.22294414861737455,0.0018759627665550119
2A,2.7187141009681706,0.045413621987653,0.1455727743371818,0.0013563148625351442
2A,2.002914297771103,0.016845726553532253,0.21140319915847072,0.0009917374106531303
2A,2.360834070521388,0.028667968433710785,0.1784861592447233,0.0012089094118107686
2A,2.3609225931905455,0.05238568177747256,0.1784780180229865,0.0022088862290735966
2A,1.7647105584109484,0.015471594116862254,0.2333102369727594,0.001140914593337992
2A,10.368517017626688,0.12332354160708421,0.16176827230541962,0.0010731994753329268
2A,11.668275883040284,0.253460800534576,0.14838193893607712,0.0017978063745793754
2A,2.642892793625121,0.04244739304243584,0.24133517052068554,0.002161970951763352
2A,5.161257869337396,0.06797288923092482,0.21539830227053774,0.0015822685981785765
2A,10.543744672351588,0.19075193253651698,0.15996358694100846,0.0016141837129505494
2A,8.5964367523785,0.1836560435392564,0.18001908622104293,0.0021451766732327898
2A,10.258846735920201,0.11520807919343934,0.16289777639321484,0.0010203691305176396
2A,11.637231907669573,0.1737790408211933,0.14870166362846438,0.0012385721059669152
2A,8.59147190521039,0.1213847491885241,0.18007021962823763,0.0014190451257002652
2A,4.3729327380903555,0.04473136011959698,0.2235173336471351,0.0012752880065997685
2A,9.88439617854051,0.1814121810570377,0.16675427633701456,0.0017070688657677571
2A,11.439627008811753,0.13166433022767027,0.15073681424133156,0.0009676835606315332
2A,4.118108454680462,0.050422657981993885,0.2261417918440355,0.0015444240122195023
2A,3.9292562813626235,0.08632072345645518,0.22808679734992443,0.0027948765095641578
2A,6.873525194083484,0.14982949134333615,0.1977635072047701,0.002404482898799453
2A,3.817926888003129,0.04761762265473579,0.2292333887777449,0.0015946880404762724
2A,8.920472479918338,0.16206216614987806,0.17668181314074316,0.0017903724653372214
2A,9.033854374580704,0.10442377199831669,0.17551408281753803,0.0011316080314701504
2A,4.693789694696086,0.048610259340301304,0.2202127990143744,0.0012720513082544373
2A,3.7906377454517304,0.05269719698700589,0.22951444210946445,0.0017796844753762287
2A,11.801816260258287,0.23775789880055243,0.14700659458930931,0.0016518883232675785
2A,2.2498318033025817,0.050486757361070875,0.2453833409859565,0.003071356737010486
2A,2.3272841216824136,0.04742194511184964,0.24458565259801773,0.002779832932783493
2A,3.6863770796981914,0.03794049264933809,0.2305882320763768,0.0013237260305883432
2A,5.360315230002022,0.11917835673066264,0.21334819262298385,0.002645780379474007
2A,12.517537661597792,0.11194264944280256,0.13963531555221276,0.0006965137695521767
2A,3.7403207167571764,0.06792954678742863,0.2300326617101792,0.0023302211511862805
2A,12.746277644336828,0.09643138130294666,0.13727950191222038,0.00057929325154576
2A,7.345691581482512,0.06144957544971989,0.1929006231454948,0.0009000726977916092
2A,2.518274083876756,0.026254120438509408,0.24261862981235816,0.0014108355155011462
2A,1.9108529939531709,0.030239542306583083,0.24887451420880663,0.002196777757769926
2A,2.6716235230732392,0.05677254559113897,0.24103927015595553,0.0028569896934630946
2A,8.954024037255389,0.08186046247091405,0.1763362626363183,0.0008991979969266081
2A,2.68581251249714,0.026043095492338818,0.24089313647865845,0.0013028640412901084
2A,10.068521342731811,0.11693261543787424,0.1648579547229547,0.0010679173372574902
2A,10.792239871954203,0.1905654802465343,0.15740431254705892,0.0015502688903650448
2A,3.8113434465849396,0.05821660992557841,0.22930119223259063,0.0019535876457715765
2A,2.7376104798482346,0.03511824478031926,0.24035966455762217,0.0017198101078105563
2A,5.2509267619156645,0.04842677769192639,0.21447479428697763,0.001103274631224965
2A,7.899883086530152,0.17435346402879925,0.1871929550276361,0.0023043963428764254
2A,7.863617751427623,0.07094183013344398,0.18756645497316554,0.0009438281472210665
2A,5.100091694936459,0.04374173405511207,0.21602825819793797,0.0010334425441856242
2A,7.004569853331309,0.1525114303046832,0.19641386648167716,0.0023853429569152505
2A,3.1929619700549097,0.057670587364903415,0.23566995863575196,0.002374229054309718
2A,10.882081148307446,0.19010563599359087,0.15647902916750758,0.0015247440111652224
2A,1.98726763847674,0.033638776319752754,0.24808751291717338,0.0023423214470125273
2A,6.370688559105119,0.1031121370173555,0.20294226690032094,0.0018321190122417418
2A,7.168424492918149,0.1052922504337898,0.19472631282231057,0.0015953467591968591
2A,1.9065914134994844,0.016069290388005388,0.2489184046089042,0.001170183138370556
2A,1.895531886936535,0.029742432584709363,0.24903230766693918,0.0021795098958661174
2A,8.583459926223,0.07539165819262576,0.18015273571989687,0.0008825910802946611
2A,5.12808871574073,0.08494478734981976,0.21573991436447226,0.00199328531205687
2A,11.188263841824979,0.24236223781290364,0.15332562608912606,0.0018525705769493763
2A,4.717943198379505,0.07251484660169648,0.21996403990916838,0.0018857480751434698
2A,11.598414377416212,0.1144070226950362,0.14910144886122806,0.0008203396207128158
2A,2.7780959572692114,0.053083153081329985,0.2399427009870743,0.0025572593393060907
2A,6.050004472483717,0.09034090600491514,0.2062450211295765,0.0017177896438456824
2A,5.6382712011157174,0.06918701281962239,0.21048549909548614,0.0014406502567921651
2A,5.523968959464839,0.0989380138356609,0.21166270815504112,0.0021145310543624466
2A,8.931602688275905,0.18155678921209484,0.1765671821245529,0.0020019390221989114
2B,1.551619642460866,0.015628667629694434,0.25359413444957213,0.0013990605734121233
2B,1.559794266364135,0.00795696815489343,0.25147736006834254,0.0007026512453624823
2B,1.5506249210398746,0.014807308552342418,0.25385431000182407,0.001327744574511149
2B,1.5470500833785186,0.0121713221760744,0.2547940438609567,0.0010979518221406193
2B,1.527545087115929,0.021727642057219443,0.26005452285225444,0.0020260193974499575
2B,1.55122891690434,0.01090014103806777,0.2536962633408099,0.000976407087887438
2B,1.565081862887159,0.016417365464916976,0.25012814762196295,0.001437108644231477
2B,1.5603963653209367,0.014656367112965937,0.25132294020694995,0.0012929572444689585
2B,1.557314911856668,0.009940138654710525,0.2521153806174448,0.000881405931450997
2B,1.545693736283628,0.02278522004653731,0.2551525342795326,0.002060109447392172
2B,1.5571995130533542,0.019316209024297943,0.25214516081128935,0.0017131244048965298
2B,1.5452559981392726,0.008881846133845052,0.2552684601997571,0.000803638239011649
2B,1.5706774464439721,0.018721801316637546,0.24871711851014194,0.0016237790329348889
2B,1.5541721546620226,0.008840557296928788,0.25292910257478723,0.0007880249172019001
2B,1.547318941794983,0.015835631052551084,0.25472311026738476,0.0014278563229107473
2B,1.550302929202784,0.021363032992177143,0.2539386508791086,0.0019166189548786364
2B,1.561956463731166,0.015867898474863307,0.25092376446688314,0.0013962169635180516
2B,1.5555265211182,0.01564821575929012,0.2525777439153559,0.0013916919418254419
2B,1.5733052230964402,0.018232186981584343,0.24806034768263333,0.0015745039595066567
2B,1.555182357176394,0.015725583513349118,0.2526669304500641,0.0013993761901256682
2B,1.5579883780599548,0.01245631167961671,0.2519417334478101,0.0011032806296885256
2B,1.5657358977914773,0.017536735930824304,0.24996233593432038,0.0015334352962102843
2B,1.5589286494994459,0.008687955422839134,0.2516997198525343,0.0007683068495650755
2B,1.5402149259298206,0.020958747144921987,0.2566116005063849,0.0019125856950837287
2B,1.5693818306673764,0.018189199228034365,0.24904231220062148,0.0015809521544296523
2B,1.5533308722813797,0.010161748936701456,0.25314787916246023,0.0009070670841897661
2B,1.5507256910025122,0.009092830114174966,0.2538279271003279,0.0008151999146715415
2B,1.555101570068787,0.022149152410907768,0.252687875336282,0.001971257609734525
2B,1.5480936006853925,0.016448929842906062,0.2545189649003252,0.0014812255973394824
2B,1.5589006829221552,0.02314355453254459,0.25170691091780245,0.0020467621694756203
2B,1.5614687660909545,0.016581875836370195,0.2510484038537507,0.0014602205270021534
2B,1.5651810597469313,0.012871090718946853,0.2501029839688559,0.0011264975931394188
2B,1.5562199160209276,0.017059896018655155,0.25239826168001944,0.0015154876363792239
2B,1.553710493333387,0.010687330442560376,0.25304910825207577,0.0009533767954522319
2B,1.5512192897354,0.013408143507350685,0.2536987808226091,0.0012010869835666895
2B,1.5554246370305347,0.013013783872211871,0.25260413912395224,0.0011575925047488081
2B,1.5529021292659095,0.019512944549894346,0.25325952968883025,0.0017430311493794556
2B,1.5580657242619003,0.02059203129010566,0.25192180678144854,0.0018236429227787715
2B,1.5694657555424487,0.01662444404770606,0.2490212198204435,0.001444748558893969
2B,1.5557788051160746,0.008324828724360314,0.25251240978584666,0.0007400666098513656
2B,2.2282214660758597,0.043217050158665976,0.1900610895320185,0.0020561166119176526
2B,2.4514567414072874,0.034827559726565115,0.16670162264355165,0.0013209804788787613
2B,2.367968700685177,0.05004883068826299,0.1689341750524449,0.001991559353394233
2B,2.5691781949397665,0.04277776144418101,0.14919991513578432,0.001385639208810862
2B,2.1886223996053684,0.03503249190206164,0.20023889752963236,0.0017877483957484497
2B,2.293680152820229,0.04153627203715228,0.19395581304155973,0.0019590937531101978
2B,2.353881993052625,0.031104444333377876,0.18814760541759923,0.001386737363100764
2B,2.3027218977567494,0.03400144784205355,0.18175895519643387,0.0014969575951157132
2B,1.9327977175121405,0.030270456121136886,0.21677200978075573,0.0018936230268526838
2B,2.798830207257483,0.06287493555587256,0.14058182827002672,0.0017615215004669405
2B,2.0238996088886263,0.030793207523684696,0.19874789448514973,0.0016866550065630492
2B,2.575157478646382,0.0506864596951308,0.16320879147629286,0.001791799765180539
2B,2.7789216088520745,0.02669641176809983,0.14088574097777895,0.00075492081112601
2B,2.036158191221494,0.023110677238276593,0.21495974379203875,0.0013608681606029573
2B,2.6258021154026054,0.04814977281158875,0.15311731397387318,0.0015660813271552298
2B,2.8392906620606726,0.03375609626637638,0.13228827697089982,0.0008772461754072946
2B,2.6930982260720504,0.060500806358149986,0.14499870792622863,0.0018168993200589018
2B,2.784261952059596,0.02631231933712326,0.14186308745037185,0.0007477840662960522
2B,2.3007239160894404,0.02576152271958461,0.18271122865686498,0.0011411165965606168
2B,2.4314718684752674,0.05340543101730737,0.1741444897288231,0.002133455915344519
2B,2.455992099018648,0.03907432494948783,0.17087201854839898,0.0015163282610463468
2B,2.807398347797375,0.06169856338072934,0.14588160849045906,0.0017882544563794962
2B,2.4294028970347648,0.02611531110370542,0.17809886225886434,0.0010678606044912209
2B,2.6975475998480802,0.027371751465201318,0.15010093037916408,0.0008495219726668742
2B,2.0224854013831366,0.017684700010324596,0.212302563483188,0.001035440864581043
2B,1.844007482003558,0.03844796188868449,0.22851885547917697,0.0026576050803802137
2B,2.5271195019778894,0.033357916567279315,0.16205778743168478,0.001193165823212465
2B,2.4061003868302384,0.04658235342191502,0.1711360987361047,0.0018480217214577918
2B,2.8039834841856583,0.052063966384727926,0.13634327354315978,0.001412060412271879
2B,1.8574843745923735,0.0236275638630373,0.2286233782442766,0.0016220796481535035
2B,2.352547417805526,0.01851847252699328,0.17672311288278061,0.0007759216851595823
2B,2.2034715835806744,0.01853659014393847,0.19847952880687508,0.0009313134489349381
2B,2.6479344184667943,0.04886494583703934,0.15954308153267086,0.0016421995699015678
2B,2.7009030707847734,0.05473529921176318,0.14693312835767647,0.0016608713136946247
2B,2.2121839897279996,0.04013851370148367,0.18564895194265063,0.0018788421939193649
2B,2.632575171015495,0.026350414796001063,0.16094881940200417,0.0008985706547702474
2B,2.9251642461400134,0.031205376628624663,0.13080058608252637,0.0007782992698762203
2B,1.886511771271643,0.021228097823758944,0.2168652639749805,0.001361129093818708
2B,2.7957187067659923,0.039869922892337414,0.1376722462087901,0.0010951058086114704
2B,2.62223533733926,0.05616229836777918,0.15623519498942362,0.0018664219850086936
2B,1.8430605164220573,0.015437872421391576,0.21904458904058835,0.0010233828685879069
2B,2.679814010927224,0.05787884097982724,0.14958400256418916,0.0018020136784298309
2B,2.906911394952189,0.05251880283343419,0.141217747422964,0.0014230824544579804
2B,1.9328038827498544,0.024614379954369124,0.21804094615532785,0.0015488056693444725
2B,2.5545530785729644,0.04070665620635563,0.15955174756202414,0.0014181096904584882
2B,2.4974557233685863,0.0193145995526938,0.16477553601795192,0.0007107852468267831
2B,1.9043180027210647,0.03330936559235587,0.22217233147642557,0.0021675774368721135
2B,2.4714400793026843,0.03944684610822212,0.16775322688424466,0.0014934505404843666
2B,2.7452005110871114,0.050357985573523,0.14074272511468405,0.0014400514032804918
2B,2.3525834125787,0.03443873108856893,0.17080182744588768,0.0013946087465183535
2B,2.453499181545033,0.04363274357898843,0.1656944053415281,0.0016435851551506316
2B,2.43786812289955,0.028643945037519648,0.16220375109566096,0.0010630196129759052
2B,2.197491352472461,0.023729282154619922,0.1995259694930309,0.0012017513434947145
2B,2.703528570922276,0.021420848954409086,0.14093565892061177,0.0006228512875340764
2B,2.5338022442635477,0.028786055086085133,0.16574348364248023,0.0010502765268735094
2B,2.4560375890948136,0.02283669680539693,0.17698711342798334,0.0009179048906328146
2B,2.5822328853969214,0.057592529136508565,0.15780725299902013,0.001963158948469739
2B,2.7623595860952266,0.04209253584969402,0.138359080171201,0.0011759539248417511
2B,2.3305156998264818,0.022145579841843708,0.1827870065990646,0.000968808866229354
2B,1.8905132037082146,0.024795059015560048,0.22086903314695633,0.0016157643526928847
2B,9.166470821295844,0.13905159770040362,0.18190242784979022,0.0015391114870247308
2B,6.981844885418178,0.1066862617719064,0.19507698651024488,0.0016626548407267417
2B,7.772431746810437,0.09863225997524855,0.18373835490983212,0.0013005278352997923
2B,12.045085242463376,0.11542529116019523,0.14733811950813672,0.0007875243383058809
2B,11.900817843696233,0.17799291509716272,0.14746211712682525,0.0012301671731173584
2B,4.577052376234081,0.03934259892492773,0.22548538112107283,0.001081068753112572
2B,3.703704556329678,0.0394311568892619,0.2308463949995041,0.0013708313918817281
2B,2.6380768032751756,0.057155353986372025,0.23529173711432574,0.002843373560137184
2B,9.703468355366947,0.0882048901416114,0.17084434912448987,0.0008662117070645069
2B,6.08967087769278,0.07717432015275971,0.2034677759111955,0.0014382434001563996
2B,2.631256367735814,0.025456715963300364,0.23494988332969932,0.0012678626477051315
2B,7.518519768163734,0.07210982797060973,0.18735158521534645,0.0010022527270073635
2B,7.188047099706432,0.0791647311362837,0.18846296558979284,0.0011577228596290586
2B,5.811335862029387,0.13042948229039766,0.20189108879637951,0.0025274042164451747
2B,12.691762084529348,0.09787758255134744,0.13021255196062828,0.0005601081904077784
2B,2.696605466736188,0.034669539022794994,0.23575832841242236,0.0016906568213534928
2B,11.256847436616875,0.1101707392360756,0.1416277214274779,0.0007731353169818305
2B,3.431816769362846,0.027952314925623688,0.23477153406678428,0.001066588476747434
2B,8.00423986952436,0.14663008790195695,0.1900568916426133,0.0019419783460460653
2B,4.111390411677507,0.08923108638746147,0.22788908182050957,0.0027587271016150453
2B,8.984202050239821,0.11523048661672299,0.17635313597508084,0.0012616207791056094
2B,8.850437118390538,0.11667211181184078,0.18353572198162985,0.0013495242829910706
2B,10.891961173637473,0.16020330388512025,0.15264308856238132,0.0012522766697769271
2B,4.544248010772505,0.07968594024536875,0.2180359530412349,0.00213258106631022
2B,7.793393041586449,0.16990612878534728,0.19076352094862223,0.002319719942158615
2B,6.073145514746768,0.09894401666572904,0.20292842572353265,0.0018440661536401738
2B,2.951929018692337,0.03015439110312925,0.23473470764708515,0.0013374566752620653
2B,6.050445613087651,0.08227984142092423,0.20782485174016135,0.0015763814832686338
2B,8.945067050481077,0.10387938598736979,0.17077012275595815,0.0011061535696608525
2B,9.853218300358526,0.1650940587047066,0.16555749101161746,0.00154724802405511
2B,2.4323544476666146,0.02504553878289181,0.2402339142608978,0.0013797347282465198
2B,4.092272107956525,0.08625646683832358,0.23348739949548314,0.002745038061136131
2B,4.947305293867495,0.04419057354594172,0.21937341198271154,0.0010929559988808167
2B,9.670976883681346,0.19260823988609765,0.1765901235172155,0.0019616823681955055
2B,10.327738380262964,0.21148886343169093,0.15538735556209993,0.001774825713172588
2B,5.199728265636011,0.06904566246874884,0.2140747897932302,0.0015855467062550663
2B,12.878861106990682,0.2721208896758915,0.13223724040727516,0.0015584610807614471
2B,9.878755522335533,0.07710889399588289,0.1672809047744853,0.0007282933860035052
2B,7.291039330693469,0.11253426510845019,0.19257004772776065,0.001657837034651165
2B,6.5313744707397605,0.049604938123318836,0.20421393878474525,0.000865094340188228
2B,11.881663654143482,0.13905647588345055,0.14717812356265098,0.0009607601630603088
2B,11.33645954754982,0.15374866976570398,0.15081160469508262,0.0011408444823297085
2B,7.6836589269123445,0.09163455840559026,0.17647430729198627,0.0011738982617877397
2B,10.531604775821625,0.22097679995753172,0.16040789158898003,0.0018773083798903469
2B,9.8177673522144,0.19245294855563402,0.16532096012818304,0.0018075799378532529
2B,2.7854290509519637,0.05112703781573591,0.24269058859752898,0.002484672918955135
2B,7.860324616164159,0.1632522613142868,0.1904785732804117,0.002206594920794985
2B,3.5961961816974455,0.06011549852573494,0.21947973380943175,0.0020464223162563328
2B,10.04923636727797,0.1058916191836697,0.16181589809853567,0.0009510590371921339
2B,9.515343419850465,0.09784497130443438,0.16694255698350505,0.0009575001819520341
2B,9.292441227481321,0.07165791417475713,0.17660373678016397,0.0007596123012634176
2B,5.38948327037303,0.05468635806172586,0.21816794327367012,0.001234754370172205
2B,7.904461050411408,0.1509353311622953,0.19408693448115294,0.0020671534172421544
2B,2.368391635531295,0.045580153016629134,0.24542561267862473,0.0026345103251158783
2B,10.9669168476655,0.22281864464605605,0.15482688458306149,0.00175457167309601
2B,1.8494824900109932,0.01905211343430026,0.24619883371539142,0.001414609879517554
2B,7.618558882317807,0.16641074347914414,0.183478451764598,0.0022353799959818677
2B,4.756899666403313,0.08461577663982316,0.2137900922857293,0.0021211563886175894
2B,7.400173829618186,0.166310317203797,0.19270300746392577,0.0024155916742211827
2B,7.01695788387326,0.09522872150488333,0.19832316519095974,0.0015012405611962893
2C,1.5753264158030513,0.012430952436625753,0.24755770996186183,0.001069968354630318
2C,1.5446226041865498,0.007836614037906413,0.25543640000559087,0.0007098220463061108
2C,1.5689010377183226,0.017501352999981765,0.2491632211314157,0.0015223714766715065
2C,1.5559699911945262,0.021730784447962573,0.2524629222401285,0.0019312229746435692
2C,1.5520130686483544,0.021880180059422914,0.25349138816660804,0.001957398966983473
2C,1.5624568182190295,0.02334745902379095,0.25079602787872446,0.0020526404335197354
2C,1.546465421751804,0.009036691736260564,0.25494844182174814,0.0008159851275915522
2C,1.5503853482284873,0.00891350174259349,0.2539170567805247,0.0007995786716823009
2C,1.5439549900908318,0.020219313443525375,0.2556136675830654,0.0018334812304726974
2C,1.553084934401818,0.014674101832247622,0.2532119118990608,0.0013103915427261066
2C,1.5747692024801028,0.016268005293289724,0.24769606134288102,0.0014015129676876667
2C,1.56321662209929,0.01519111590877572,0.250602321666448,0.0013338783712565567
2C,1.5507136804507096,0.023219002523528758,0.2538310713140446,0.002081696205475642
2C,1.5429316491096048,0.007903134488954218,0.25588589752191665,0.0007178929094122378
2C,1.5556203727138043,0.016388681291086848,0.25255343490044807,0.0014573178837843919
2C,1.5453763213125837,0.02225315003413974,0.2552365839240824,0.002013078883229685
2C,1.555386059441689,0.01587046231929721,0.25261413499365387,0.0014117885368626119
2C,1.550591583268825,0.011762630692017103,0.2538630395551493,0.0010547927657979786
2C,1.556813802205862,0.01743129171390336,0.25224475315561024,0.0015469478258060517
2C,1.5445767563091288,0.01989198547292905,0.2554485653581227,0.0018019084988632943
2C,1.5399276877560022,0.013812453697573383,0.2566885844822225,0.0012610656320070442
2C,1.5408030288011805,0.016191246122388217,0.25645413330994243,0.001476058198903586
2C,1.5259068068173571,0.008528527207271354,0.2605068696608908,0.0007974910844590405
2C,1.562100740809883,0.01641712292038546,0.25088691738050556,0.001444197717650032
2C,1.5520341804291915,0.019267678770087983,0.25348587717091925,0.0017236239136962427
2C,1.561905466635983,0.022184717367103486,0.250936791441618,0.0019521991676838884
2C,1.5450072095865879,0.022243781629830164,0.25533439666516455,0.0020134834462722795
2C,1.5646338632452375,0.015240413401451748,0.25024186098718176,0.0013350717631030351
2C,1.5443956576959743,0.008807860459345921,0.25549663041511333,0.0007981006379678861
2C,1.5538135350649063,0.00815670870527839,0.2530223127364941,0.0007275041936810348
2C,1.5564308957764175,0.020414096960900168,0.2523437045028772,0.0018128147735214345
2C,1.5554142015393067,0.009715276596223923,0.2526068429890855,0.0008642011665558714
2C,1.5661306504672268,0.01150002846934801,0.24986237163329164,0.0010049221332117375
2C,1.5654520920553414,0.022693347511387497,0.2500342577785301,0.0019852670117325583
2C,1.5536493373006648,0.02139647595321404,0.2530650144520541,0.0019088947454518864
2C,1.5537120090739003,0.020700405028837642,0.25304871404704965,0.0018466010684385242
2C,1.5615232951539697,0.008874884706043874,0.25103446145452407,0.0007814626472615317
2C,1.5581820898246352,0.008600425057896675,0.25189183391690756,0.0007615114249078603
2C,1.5512497036895554,0.018483980176304437,0.2536908278274616,0.0016556905709223502
2C,1.5630435490255707,0.012721402877883948,0.25064641717141806,0.0011173418271345186
2C,2.2903969976916474,0.05080588353458891,0.18935907031004692,0.0023428642000837448
2C,2.611590644032012,0.03650870752450783,0.15053112040053565,0.0011737494704946586
2C,2.0219313264896983,0.02031121809830815,0.2010818784526253,0.0011266791647846126
2C,2.5954238680219515,0.03192779225490748,0.15415287682289033,0.0010577182303892184
2C,1.9443439061535082,0.019081118996405255,0.21251713953819962,0.0011632752265374887
2C,2.579555362547237,0.044628701580383595,0.16190008683351004,0.0015623352846079622
2C,2.1027382937675445,0.04031903725508207,0.20596115984316038,0.0022027642493603573
2C,2.7067899242991125,0.0444811272889973,0.15951130285357729,0.0014620777131526812
2C,2.8506464425960583,0.02361541124186403,0.15403970968568018,0.0007117748014659426
2C,2.620126333725344,0.01973879528523893,0.15735102369991014,0.0006611891899838816
2C,2.3158930700638893,0.037941524535444054,0.2141136994161606,0.0019565839666275714
2C,2.1217486131166727,0.025719633913839635,0.19556287688755652,0.0013222544402967718
2C,1.9524383218542183,0.040354374924319446,0.21167382097684087,0.0024402718592005466
2C,2.0765844102714768,0.028685263175359375,0.19805134763712692,0.001525965842103809
2C,2.1807937369672676,0.021770803954857348,0.19785142816197565,0.001101683452346385
2C,2.4849308663435377,0.04278677914488959,0.16295782650539406,0.0015650501884614787
2C,2.0096319592129532,0.030895742988463634,0.20671214152161793,0.001772580070802084
2C,2.74481987583235,0.04030432053862589,0.154403120110282,0.0012645953696123996
2C,2.2767934268765884,0.03818434748515228,0.18048714910803823,0.0016883628619744626
2C,2.242907898945086,0.042266717258217144,0.20528170285187097,0.0021577199687943956
2C,2.054931888820302,0.018934029656740854,0.18929744446194094,0.0009728550402975873
2C,2.0388855552976706,0.017884331642118605,0.2002341173135135,0.00097966074047913
2C,2.18710033575798,0.04016145122891635,0.20147685923128353,0.002063590992042754
2C,2.2696531888266067,0.029486392171655166,0.18996318182010025,0.001376541576248457
2C,2.0358632269657013,0.02109081286716545,0.19797729765249383,0.0011439785286955883
2C,2.739748702503634,0.053038856326340075,0.15107390621067082,0.0016312879962061607
2C,2.766727906795408,0.058629879141862316,0.1412692075192112,0.0016697744758146745
2C,2.486287415414256,0.026207523823605375,0.1549374112623353,0.000910937779094
2C,1.9311734489837777,0.025994834869237284,0.21055229188847774,0.0015808239798465475
2C,2.4522126694969275,0.03022949853138174,0.16426145096847528,0.0011294479634130904
2C,2.7561829126145287,0.03322489481429711,0.15758683280633753,0.0010595788158268206
2C,2.5192462276707377,0.039652359306001514,0.16168247143342457,0.0014194467864739161
2C,2.2273535445694628,0.04676108227806788,0.18859564246846552,0.0022084359687933844
2C,2.063872537418072,0.03683244613265561,0.22049610354384766,0.0021948577085985116
2C,1.884043458751947,0.015231326726044726,0.22750745518582996,0.0010258886180643013
2C,1.9855489306058942,0.028702239041149834,0.2137881043306581,0.0017237587367716775
2C,2.7572642057972905,0.05716160246063114,0.15738963960769264,0.0018199519172819706
2C,1.7862771315498323,0.025582238295827488,0.23637989566681333,0.001888243504035104
2C,2.002683743330976,0.0348502308859071,0.20939571075544014,0.002032445128986062
2C,2.6132857616754226,0.03808696018119067,0.15824492759468922,0.0012864027759190517
2C,1.9543574063777298,0.026390040463451253,0.22379748493417043,0.0016855786807096426
2C,2.2652371841952212,0.0286206490943656,0.20153662227863628,0.0014202916490451674
2C,2.128016904311551,0.021302213254636625,0.20077937634974394,0.0011210539581156657
2C,2.0973981696132236,0.03356662985974044,0.19873338858349712,0.001774007508363581
2C,1.9107811397769616,0.027136808979667592,0.22109141714437164,0.0017513682651164198
2C,2.3540564588968858,0.04605511953584433,0.166652263138597,0.0018185699726738422
2C,1.997318295067433,0.02526393085577919,0.2088305421765462,0.001473348281727621
2C,1.9404985267860309,0.018372784445534963,0.20490064617654674,0.001082088424845593
2C,2.489231327711736,0.02134219528558175,0.16187654969674156,0.0007741329114799873
2C,2.3207718742874324,0.0318567926203387,0.17706464308040418,0.0013556862932170282
2C,2.2984095294302307,0.0246278753937868,0.17435061160217433,0.0010420313139628298
2C,2.568775422516795,0.019499244804739743,0.1504015109052202,0.0006367978881013103
2C,1.723293282704067,0.020902220823153895,0.24209152446579765,0.0016378366403709413
2C,2.9642652208052973,0.0364114859815174,0.14163348613559035,0.0009703871804009045
2C,2.624812626314843,0.030483123202196146,0.1550749596069,0.0010045246365087085
2C,2.6305800307639595,0.0518793266512902,0.1465898375101152,0.0016125174982961376
2C,2.5974218390928967,0.0396433551476904,0.15840371292442473,0.0013485002565473184
2C,2.5346135372149416,0.027996334969416573,0.16083276343278555,0.0009908814907346537
2C,2.3044368146711656,0.04026670385293595,0.1886900250116027,0.001839026464207974
2C,2.5698737945829233,0.04960433199750338,0.1658514756168051,0.0017856030148592575
2C,11.901831399629303,0.14857284272496665,0.16251332651250983,0.001131546433792121
2C,10.961188090428722,0.22672050740239433,0.14691255933511843,0.001694922559498176
2C,6.4177021377825945,0.06140774270603841,0.19194184221762822,0.0010244033655301586
2C,9.026230695002448,0.176767820732957,0.15293948706076552,0.001670606507904155
2C,3.01719352852918,0.02368167020506092,0.23683944715965727,0.0010368620060724
2C,4.759192566371302,0.08296792693064156,0.2220720547729401,0.002159377804768372
2C,2.9004641132166262,0.04061025755129791,0.24098623656092044,0.0018819940574956303
2C,4.39140568556846,0.047552379038253635,0.23203632774774677,0.0014014655745065066
2C,9.307268384943148,0.15394190411222208,0.18875139839941385,0.0017413359070431128
2C,5.447279802193626,0.07303452020798003,0.2285139737719929,0.0017089093286104151
2C,12.935801275020909,0.231290839630787,0.13307911007809248,0.0013271889174912355
2C,7.034780901768718,0.10539813962537985,0.19248123767272204,0.0016085276581862687
2C,4.874061955722586,0.10085174892372643,0.20535919912216083,0.0023700871274505483
2C,2.9893932135871624,0.03979149603034182,0.24547483975748827,0.0018225186004971947
2C,12.246364752263352,0.16678163625517003,0.13777627742232373,0.001046581966136969
2C,6.019766286377633,0.07597125545783186,0.2163400348737896,0.0015228752528378701
2C,4.071740887062701,0.06900304614076551,0.22622283689589898,0.0021383674511515167
2C,10.517053596304184,0.19314991107956722,0.13664501489461378,0.0013997548426265827
2C,8.759162076391313,0.19495536380701006,0.17172720150971446,0.002131913008586867
2C,7.627793829586742,0.1362856414606888,0.18766384979081377,0.0018702063999428723
2C,4.171037579695242,0.046091049950492534,0.21745553719299135,0.0013402960278287087
2C,11.301501883907417,0.11172751018219776,0.15586285218414783,0.0008594573682321072
2C,7.094033013638716,0.08707044671836714,0.20401883209328006,0.001396707886752235
2C,1.9521294724493452,0.040198412084245766,0.24639477512977362,0.00283002019623077
2C,8.191235086130456,0.17373667432865286,0.17788324416528847,0.002104432091954974
2C,11.894063065636033,0.14858159426140036,0.15090767326318016,0.0010514868871661807
2C,8.760731612522902,0.17805465932441128,0.1789691438655795,0.0020288450909059586
2C,9.55558843939024,0.13919852172983113,0.16566457138442606,0.0013460605273890418
2C,5.607979858765975,0.056077230948436765,0.2136257819921969,0.0011914931273108195
2C,4.270552481256304,0.05068696960490849,0.21640579514549077,0.0014326460650744748
2C,7.344167329473824,0.14761050297376635,0.18849265547487987,0.0021131332834913256
2C,11.553284307411323,0.14247036541738622,0.16175749096607842,0.0011126055969732213
2C,8.299596622745124,0.1275807955306923,0.1881075732963628,0.0016128439977892808
2C,8.576757234318897,0.16248541394064722,0.18000979834611106,0.0019021517885381657
2C,4.327410776709293,0.09729479161797559,0.2107831698240076,0.00264335299039417
2C,4.217217069561634,0.05830441059079438,0.23565607690609133,0.0018172382024096874
2C,7.943789170234841,0.12507104547146014,0.18027703321830876,0.0015831688421747473
2C,8.431986293890217,0.08156860997047931,0.17652972703095574,0.0009525083250140852
2C,12.035903892798315,0.18111216012546436,0.14798306531607236,0.0012420488561492662
2C,4.948099962699954,0.05368608707256197,0.1994984840411179,0.0012073151419238922
2C,7.12839488472891,0.11562448694001967,0.18604145572723702,0.0016831606090921254
2C,6.323925266341891,0.08692047034921374,0.20477477764702995,0.0015698912278758255
2C,12.208702668735675,0.15829017725325534,0.12866615161077166,0.0009304788817612726
2C,12.857581115850143,0.2626466502250934,0.1416876104822732,0.0016143668477124039
2C,7.985390691238846,0.11385647571877183,0.20555357995774717,0.0016347237540111311
2C,3.474373115820659,0.05796035443392635,0.2411351545291402,0.0022437417414909655
2C,10.124665063789097,0.19237393962782787,0.17495099548056184,0.0018541281723627621
2C,2.2158101260330803,0.03504186726015491,0.24276977420267842,0.002141445730508986
2C,7.860538669378376,0.17410071166192212,0.19203734716575088,0.0023724206563230234
2C,5.004797374790928,0.04169437098678664,0.233977576131577,0.0010872337508322485
2C,12.118106665280784,0.2534421913473609,0.11751035241431904,0.001370812429895128
2C,4.746727233100953,0.0400692566571353,0.2278364287793693,0.0010727485477718198
2C,12.236454459830833,0.1590198512822322,0.12440976532465117,0.0009017953187727498
2C,10.05912505341503,0.08251354766020698,0.17524153212178084,0.0008017885595720075
2C,3.590900386679863,0.055388618410117774,0.23150187716180168,0.001991725357202797
2C,9.050912891849054,0.18547634347126943,0.18347144315118222,0.0020971156360806097
2C,2.987121660669819,0.03783958102480129,0.23477030354861186,0.0016588011601146673
2C,10.133866948659646,0.1458025870376458,0.1572855417947207,0.0012622244707116545
2C,3.5327200635819374,0.03037330388509659,0.2451542711110661,0.0011756553793718597
2C,6.697456610532659,0.09531132279502678,0.20419748738755902,0.001620849693165111
3A,1.555713025311261,0.008367653235353007,0.25252944134239014,0.0007439552822412776
3A,1.558043406605481,0.0097015229379711,0.2519275561234244,0.000859204737760472
3A,1.5345483897604302,0.01627943418508251,0.2581394232464814,0.0014999392894982488
3A,1.565204441455321,0.009437107858968828,0.25009705342933625,0.0008259182250314146
3A,1.540955845172167,0.014520155183383841,0.25641324962264855,0.001323372645470779
3A,1.5569568432207563,0.007854053612321964,0.2522078094988489,0.0006968454109159484
3A,1.5632860318299215,0.011504100818946185,0.2505846421393556,0.0010100184553687543
3A,1.5592232418038632,0.022069843734825567,0.25162399778869404,0.0019507591106272823
3A,1.5500863681263175,0.014028695915391505,0.2539954093579479,0.0012590642692783276
3A,1.5578784229621874,0.017556074926273903,0.25197006692483565,0.0015552615744523338
3A,1.5483719009992327,0.00940928761505798,0.2544457096117444,0.0008469099245257044
3A,1.5503007331896683,0.01650804192132386,0.2539392262964245,0.0014810510557299239
3A,1.5575529100495213,0.012355654381234727,0.2520539857373005,0.0010951589069332684
3A,1.549670749844376,0.011797615540362906,0.2541044144723834,0.0010595650898035148
3A,1.7025680535229624,0.019631692223434673,0.2198216061572248,0.0013883029955591023
3A,1.6883218270239568,0.011842844247513801,0.22258429452647463,0.0008551768331030543
3A,1.6719281972642726,0.02210072500051113,0.22586084642188947,0.0016352737942927217
3A,1.673057281482145,0.009404910552216155,0.22563174514210144,0.0006947118211085596
3A,1.6865882468375248,0.021993680441018446,0.2229257791626683,0.001592244515680646
3A,1.687320836706589,0.023214440721752452,0.2227813296253458,0.0016788039195993123
3A,1.7019738446561985,0.015707617613554,0.21993530674149095,0.0011117650550552677
3A,1.6908636766504457,0.011734594668269116,0.2220856970013725,0.0008441909949933648
3A,1.6825898590665234,0.01825725685391763,0.22371785715978315,0.0013295924386782353
3A,1.6825108862853786,0.023313929476983294,0.2237335647005841,0.0016980456637788644
3A,1.7181762391428883,0.009445480846540436,0.21688147047875694,0.0006530394825536907
3A,1.6761232029903306,0.02296048624300178,0.22501223376939516,0.0016882699923401426
3A,1.686258253569298,0.01670067505426026,0.222990914260454,0.0012096444387069952
3A,1.8476467519027815,0.02540961061871412,0.1955399752091416,0.0014729067422643903
3A,1.85431929552137,0.025213366092548244,0.19456949443685012,0.0014490443906726533
3A,1.8393855609909417,0.023111308274593297,0.19675734666951636,0.0013540769404228176
3A,1.8220502184095018,0.022223255017615004,0.1993703601766616,0.0013318905825403214
3A,1.8490557437687365,0.02276915985409309,0.19533410173979388,0.0013174547241947797
3A,1.8323801869351566,0.014707843687112776,0.19780363365618914,0.000869617580620267
3A,1.864379595451213,0.01637626319136886,0.19312745195047637,0.0009291484489873795
3A,1.8564913792373683,0.011367041072498928,0.19425600920775818,0.0006514627407475552
3A,1.8362288860382239,0.019369008698982892,0.19722720932758972,0.0011394834877263519
3A,1.84688819801991,0.020471839060628962,0.19565102116902505,0.0011878428802703823
3A,1.8518028792475587,0.01756171625577597,0.19493416329931665,0.0010125600455929502
3A,1.8116009995091096,0.02116251557071098,0.20098482092076753,0.0012859634514229513
3A,1.8394914143235925,0.01993077085403263,0.1967416359621025,0.001167570830977702
3A,10.679231843428793,0.1783473211594171,0.1242254526861552,0.0011571640275759723
3A,8.250461223899116,0.0846416201967648,0.15838194448201817,0.0009062941401696477
3A,4.186035540011772,0.05626401883214734,0.21554111851446595,0.0016159046537642422
3A,1.9741294649681331,0.033585367562758955,0.2466477825600306,0.002340504342929116
3A,9.5119250796419,0.2027795709413838,0.14064161960613517,0.0016723508638842397
3A,5.613464223114575,0.05564287713759402,0.19546678308256674,0.0010807104365449386
3A,4.88183736865592,0.05690735698655194,0.20575585956060372,0.0013378119813869712
3A,4.715979825577186,0.040280353119980176,0.20808836134726802,0.0009913497052193932
3A,8.227109527521975,0.1546480241666582,0.15871034602776798,0.0016640259551437121
3A,7.626376289762784,0.10486298791973396,0.16715862835712086,0.0012820074770362204
3A,4.936042084573919,0.10367064756696485,0.2049935632285982,0.00240145770924785
3A,9.701086932174274,0.11869719890762825,0.13798138268949978,0.0009416691170551772
3A,2.937694125920631,0.03329704777260979,0.23309689876229228,0.0014736468183775245
3A,8.21036247368342,0.15805934883465753,0.15894586460759677,0.0017067301147395727
3A,3.3367120983964442,0.04782497302613412,0.22748539556240951,0.0018186422619834246
3A,10.119098148589169,0.1417283376527093,0.13210277209974433,0.0010320115956669543
3A,5.374426520029334,0.09527380728191712,0.19882843826674965,0.0019659734718752903
3A,3.448880880200436,0.04421407913126228,0.22590793409090096,0.0016153685917347825
3A,3.1031175824085624,0.03868964240621881,0.23077050165877847,0.0016048503406722197
3A,3.3347613323284073,0.032401547122634655,0.2275128297402865,0.001233004448784438
3A,4.841548960977444,0.10403075357663098,0.20632244689300677,0.0024727582357829602
3A,7.518708298928268,0.0966878424645655,0.16867279392551382,0.0012098497330971848
3A,5.6605478627393815,0.11292679625074983,0.19480463247121113,0.0021676820511466943
3A,3.476186077091533,0.06876079399944562,0.22552393334332288,0.002488217072181948
3A,8.367562819030685,0.13020747251741324,0.15673511145413493,0.0013603823396724493
3A,5.6851247288579225,0.12208713215493762,0.19445900101503497,0.0023292478654445463
3A,6.4610488251446645,0.1148756948168836,0.18354695983011537,0.0018202459971863023
3A,2.6207087443120223,0.05095242578576301,0.23755475431244696,0.002576128930551927
3A,2.901603535911489,0.06286966140393808,0.23360445099124413,0.0028232018107109368
3A,3.508596611486699,0.05647592227965443,0.2250681347828222,0.002020699179120871
3A,10.747539101245113,0.22309267207093514,0.12326482829765163,0.0014271617828374057
3A,9.958062030809618,0.12138047129876872,0.13436746881154826,0.0009135364687030336
3A,7.676534444632474,0.16861401436614967,0.1664532399636982,0.002039287603353183
3A,4.410145337316067,0.0405325035452168,0.21238939871373852,0.0010887824797139968
3A,7.336249946723032,0.0661520530012131,0.17123875761103946,0.0008612496069170579
3A,6.523156188517503,0.06614904248801412,0.18267352631998923,0.0010332351169099463
3A,3.3714563167030813,0.05934716486326681,0.2269967777415244,0.0022287424909333926
3A,4.185427732390242,0.08421699106333735,0.21554966628586575,0.0024191622054655685
3A,6.355042246700506,0.1054948307697032,0.18503776048367257,0.0017132899299722162
3A,4.987797289267597,0.08229053207222825,0.20426571506941094,0.0018797249899314423
3A,6.872314147086596,0.0984245366046867,0.16023062840363397,0.0012799814387420459
3A,4.425504083160549,0.0915418098433304,0.18973745950194654,0.002189110030519529
3A,4.56418074788047,0.059141292706125385,0.188065115177597,0.0013592332303677477
3A,2.6874485076798176,0.026451153761839565,0.21069720339923187,0.0011567007055188802
3A,3.5524842764608526,0.07261598365842269,0.20026547242847337,0.0022833048583151623
3A,4.780538627331667,0.08978843066443135,0.18545598932027074,0.001942862982420185
3A,8.246661784635144,0.1794376768795996,0.14365694979678664,0.0017434915884350396
3A,7.040087520982008,0.13634535284535118,0.1582073979619614,0.0017090187623852776
3A,7.188633517369264,0.09852615373273689,0.15641603634777207,0.0011957605549552184
3A,7.094165767351996,0.1500854840862652,0.1575552518451632,0.0018592081018831016
3A,6.848273894772101,0.12419792895862485,0.16052053716077977,0.0016237590989737903
3A,2.1839472054722253,0.023810751437757714,0.21676907963558403,0.00131821442721683
3A,5.84631606848162,0.07118808785082152,0.17260345311076059,0.0011722824891202677
3A,7.719676905163936,0.14691278895027501,0.1500120216755459,0.001592371163429818
3A,2.2942934330130997,0.019655081151667145,0.21543838072013158,0.0010294534570104296
3A,2.799349557850338,0.044623159824953004,0.2093477544020313,0.0018613551919137296
3A,5.390030682024352,0.0469955180213196,0.1781059381746073,0.0008661664625058805
3A,5.791863326784604,0.0747482121581415,0.17326011538127445,0.0012472079335161513
3A,4.433694579630449,0.08291395989458084,0.1896386877993482,0.0019780924564585553
3A,5.642198931238245,0.1012245155139627,0.17506496411306835,0.0017518394920790277
3A,4.1394685015141635,0.0849946464801927,0.19318685008611183,0.002212495071369407
3A,5.112890831034175,0.08268010487092414,0.18144805242137368,0.001636607627565564
3A,8.7698507029535,0.14260413347526604,0.1373476545748445,0.0012457156555473864
3A,5.6611681110243435,0.11820854576184023,0.17483620897090427,0.0020362540673835366
3A,6.825752447903065,0.06387784280360616,0.16079213017842003,0.0008393097293885259
3A,10.131625292511192,0.0856046806055052,0.12092559820011349,0.0005698944101029117
3A,8.808675836997974,0.07367886599939227,0.1368794504058697,0.0006385991242401718
3A,7.481695984087439,0.06780021527864732,0.15288190640683463,0.0007727604142183745
3A,3.591557245471923,0.06806290392215607,0.19979427954181778,0.002111876374893541
3A,2.3443740807850606,0.040458506993338,0.21483444286778752,0.002067971799108444
3A,4.7483717746433145,0.0841047700358384,0.18584389923744535,0.001836039341618627
3A,10.0849795290817,0.21391158008210476,0.12148811373135886,0.0014373112496144117
3A,5.290440480281655,0.09364562578144754,0.17930692688443522,0.0017703147654875941
3A,2.3749640673569443,0.019123189309935496,0.21446554886151228,0.0009632046717778414
3A,5.306224843489928,0.051168161115395856,0.17911657841969433,0.0009634023612197259
3A,6.337549414599086,0.11832007952712821,0.166679519909959,0.0017357097223978755
3A,10.42159877429718,0.13311915395252563,0.11742871927346732,0.0008366393459493069
3A,8.693889919614195,0.09434321791180052,0.13826368889934454,0.0008368785740423599
3A,2.094847014786061,0.0469934782761347,0.21784356609293723,0.0027257610258645537
3A,11.003780634121048,0.22765048159926182,0.11040801012256547,0.001274045660981772
3A,9.608893876046352,0.09115737549787198,0.1167476257517452,0.0006177663298891958
3A,2.9829311076063196,0.051884672213872066,0.185100560364558,0.0017958139821446447
3A,5.650055090443145,0.08549331836433591,0.15758670953650225,0.0013300159224483956
3A,8.77870627641041,0.1334925785031937,0.12531177872051344,0.0010628604796869006
3A,2.6093771416027534,0.03132223683402204,0.18895411504105222,0.0012651150750443657
3A,3.8127143384347386,0.0698251843405314,0.17654057883405858,0.0018033504410972308
3A,3.548618101068714,0.0545805994577609,0.1792649757971915,0.001537914690669991
3A,9.39288073421842,0.1478628810593809,0.11897600111014602,0.0010446660591572124
3A,2.8146441649121745,0.037026383028442,0.18683659583474693,0.0013709054353695388
3A,5.051083924401708,0.10920524087994209,0.16376565113007682,0.0019748743718157125
3A,3.9788757544114253,0.03125590343907726,0.1748264701379572,0.0007660138614304342
3A,4.279583271253611,0.06768909113051524,0.17172439396357897,0.0015149801932172555
3A,4.290817978887148,0.07549863273062289,0.17160849756284352,0.0016842072984635523
3A,5.044393051615846,0.0860403266755534,0.16383467367155757,0.0015586791041254115
3A,4.640474262425545,0.07708190542836034,0.16800146958503828,0.0015565422557685755
3A,3.571459259068844,0.06885092031039601,0.17902934812558727,0.0019250678483428208
3A,10.981866434036506,0.22119054097359805,0.10258414389089225,0.0011524667194607356
3A,2.705490307037216,0.021409124638568616,0.18796261884012821,0.000829625660617701
3A,9.254047907475252,0.18506870192206737,0.12040819013084011,0.0013431206454503134
3A,2.1612120617422352,0.036808551594169556,0.1935773523682164,0.0018389234554104853
3A,7.800895546725169,0.12040806311470328,0.13539880081913255,0.0011656916525594734
3A,4.481110834385652,0.0920062811935592,0.1696454507478013,0.001942816443097921
3A,4.673454574844912,0.07441262713844762,0.16766124715743144,0.0014890149737692249
3A,3.5042804459433325,0.07844990809563593,0.17972235971973716,0.0022441581385373006
3A,4.246626304862862,0.05693269142287102,0.1720643755553068,0.0012866676833564058
3A,8.10432452330288,0.1599934191760881,0.13226865027037965,0.0014564647537394328
3A,2.2554324846419065,0.03897551359354038,0.19260538155722298,0.0018564711047509247
3A,5.185461521931002,0.0887541802347088,0.16237942191956933,0.001550208639658074
3A,7.068033659461458,0.06950657196697246,0.14295894904377354,0.0007841449837008513
3A,6.609335004885706,0.07797136748296614,0.1476908499371109,0.000971826498036268
3A,7.77568647031981,0.1744174801116782,0.13565885575928288,0.0016972943970456238
3A,11.068682825950118,0.19357710034622386,0.10168855250784734,0.000991945618821091
3A,6.640636014164972,0.08628093376011595,0.14736795107465858,0.0010679870003757759
3A,2.306975472380426,0.04110431041209543,0.19207366796423075,0.0019088419925930992
3A,11.015593190897022,0.21743641872677905,0.10223622119845435,0.001125607420256118
3A,10.049416653268628,0.15054043734515543,0.11220322584501013,0.0009375089550505879
3A,8.102119289072462,0.1462318369056772,0.1322913993011885,0.001331780567063864
3A,8.939026475915222,0.18482099722609488,0.12365792757512806,0.001426069890035747
3A,9.835637910686042,0.09941272403186813,0.11440855130849702,0.0006449940217166388
3A,5.389691863131832,0.11418099368720384,0.16027259704808888,0.0018938558371072059
3B,1.5503873695044628,0.011164363831448278,0.253916527247675,0.0010014870929360232
3B,1.5516975177302164,0.014792632984473097,0.25357378967588734,0.0013240470116710433
3B,1.5552268133973057,0.019895287417750134,0.2526554062991089,0.001770295255240546
3B,1.5572033444938334,0.013901962339272591,0.25214417193662014,0.0012329354548757316
3B,1.5399368714993134,0.011798408336337014,0.2566861223475588,0.0010771681952030498
3B,1.5552155856746726,0.014492245348444711,0.2526583166963722,0.0012895533194176557
3B,1.549094975753491,0.02089830818265831,0.2542555887594624,0.0018787293461045812
3B,1.5407891425118325,0.008130192408328449,0.2564578490609325,0.0007411979970924704
3B,1.5504031508083091,0.009832173138920944,0.2539123929506398,0.000881961040404625
3B,1.5508295706218014,0.020287716872450776,0.2538007361652941,0.0018185389479312211
3B,1.5551633213265703,0.017652864172650343,0.2526718653557181,0.0015709294762625108
3B,1.5515302839766314,0.010154993910123892,0.2536174834796728,0.0009091995805637171
3B,1.5579482531495863,0.012968597037669104,0.2519520721363825,0.001148731497317083
3B,1.530946764848124,0.015106148386597244,0.2591205681085197,0.0014004131223091533
3B,1.7008226411237892,0.013416107137828774,0.22015596196736878,0.0009511709274311398
3B,1.6885372051068337,0.023953343093764134,0.22254195021237197,0.0017291314811829362
3B,1.6812264135518886,0.008622106591631665,0.22398938875635868,0.0006291805011460176
3B,1.6818802654994485,0.02204733141279852,0.22385908206100458,0.0016072976198957766
3B,1.6900259487961953,0.019027043699451185,0.22224974659428087,0.0013705025394469747
3B,1.7042995525486924,0.009691976363157424,0.2194910365813367,0.0006836657655531919
3B,1.6993496436260578,0.011757702847632216,0.22043901991556086,0.0008353891572070771
3B,1.6848609068915472,0.018073572632947142,0.2232671971765012,0.0013117935853528496
3B,1.7070425774806024,0.010169908471634282,0.21896962382541277,0.0007145246081455145
3B,1.680471876823851,0.016663720276377397,0.22413997075044234,0.0012173645651438999
3B,1.674604238072734,0.014211134050983561,0.22531868911091815,0.0010473079333844135
3B,1.6785856081650363,0.009506739165130495,0.2245173972828266,0.0006964640589221714
3B,1.676437253998561,0.018713432606824364,0.22494898846230318,0.0013753423819556616
3B,1.8663189285229214,0.027480840465325746,0.19285235023287833,0.0015553556578542388
3B,1.8605454213769237,0.019303855239166334,0.19367407177767196,0.001100616161644173
3B,1.8408866843829172,0.011774362516481252,0.19653482412249867,0.0006885103742230388
3B,1.8494978287359136,0.012905187764702682,0.19526961152167568,0.0007462868540567015
3B,1.8560983740746748,0.024781910814514765,0.1943126416697493,0.0014210045966513405
3B,1.8433533563884215,0.027037259831916387,0.19617044548606485,0.0015759712348190154
3B,1.8191748395797473,0.011447177487916672,0.19981161538195966,0.0006886607544676224
3B,1.8154495164729505,0.01997578080760987,0.20038668655712577,0.0012076722266175775
3B,1.8481063493094851,0.01631241240851869,0.19547276574946879,0.0009450137309686001
3B,1.8369046815478107,0.026672778487362714,0.19712639868163034,0.001567786976317835
3B,1.8330737568466167,0.023145688143384316,0.1976994667518766,0.001367276289779007
3B,1.8408028119369442,0.011630414358426948,0.19654724164253096,0.0006801669091898268
3B,1.8226451190003365,0.009120824510586392,0.19927934920379342,0.0005462040379635745
3B,2.1168428257097167,0.025968582119824883,0.24094760128207252,0.0016486937546653145
3B,3.849109939185347,0.065888476770095,0.22329032682966732,0.002131949052884196
3B,8.243591148111184,0.08538543463484259,0.16325090554227092,0.0009431498697832527
3B,3.2790266273251336,0.05607977823386221,0.23627792278681792,0.0022539394725022066
3B,7.209575660577945,0.13336322922710692,0.17600860469718752,0.0018160092655515024
3B,8.965887525253523,0.08029360592555478,0.15031664494427135,0.0007508488336404541
3B,5.740921241067293,0.09143969539760217,0.18889263150537422,0.0016781313844130294
3B,4.7342677527969,0.06818797821763786,0.19937299600133973,0.0016016923209196815
3B,4.773975838540028,0.066461869387413,0.20772452482112821,0.001613013012920424
3B,5.4906239147318905,0.07665983782137918,0.20412496676305622,0.0015896447745870393
3B,1.9405595937845874,0.0357461044290416,0.24300082798364306,0.0024967051082670387
3B,8.190554512394145,0.07814677415844552,0.16319574144820514,0.0008684890215449205
3B,3.3880218876066226,0.032967878484348775,0.22307608495242315,0.0012107530403143757
3B,5.826355890027386,0.10289530616993729,0.18988320685558013,0.0018704360892694524
3B,5.2346145301146265,0.09814769735586927,0.20171001441249162,0.0021095053448781462
3B,5.105683708034971,0.09156668679248545,0.20583932829239057,0.002059063356598449
3B,3.391730400792307,0.03286259558721227,0.23071342301525913,0.0012468412501279477
3B,6.2592781040139185,0.08766895380299523,0.19652518396948834,0.0015353151958783285
3B,9.90453162552865,0.08543986436980684,0.12967871748062268,0.0006239547207522808
3B,5.461408634141699,0.05548248397975675,0.19879919874947066,0.0011264803345413905
3B,7.246412720978411,0.09315451586364779,0.1697491564102904,0.0012171559683079578
3B,9.959991181029658,0.11135195931844272,0.14070478801754233,0.0008774159935095469
3B,9.703846376791756,0.19480930898088739,0.14017082515865112,0.001569571788974842
3B,7.03908378865316,0.12210175542121778,0.179409402583324,0.0017358361711960393
3B,8.471738008457194,0.07454780313928294,0.1561587965554191,0.0007664547984012483
3B,9.285067058343987,0.19370218407437884,0.13353615393331503,0.001553839285939137
3B,8.201453890407606,0.1594382802142746,0.15883661436385327,0.0017223052918263302
3B,8.966423752674876,0.13443924622653122,0.1548560084907296,0.001295068174149539
3B,6.37623502602425,0.12898634046131152,0.18375508214620737,0.002073368637339923
3B,4.79652357568401,0.04695991032857931,0.21185245179886694,0.001156889637360582
3B,7.938752829797608,0.13102828887497459,0.1653912491587257,0.0015225903650304044
3B,3.72041961456414,0.03818752512496737,0.21275879740659553,0.0012180773728555864
3B,9.362334193281098,0.1361502748899252,0.14309066308421034,0.0011606557846819575
3B,8.436561940759463,0.15360564929827847,0.1539990603717351,0.0015639307576636615
3B,9.597311017985207,0.16381512209506532,0.13818588747096394,0.0013156060856043623
3B,10.336839308613886,0.14469361226886696,0.12828469437311768,0.0010015997298483271
3B,4.107633263788744,0.07020399081472793,0.21232999807374942,0.002024133978758757
3B,6.365931546918446,0.06738342266453647,0.18090801226609035,0.0010680870884923277
3B,6.66844704683538,0.07046628899464438,0.181560827121697,0.001070130167633111
3B,4.316985428521834,0.08884290374663506,0.2101680022913242,0.002412495539103373
3B,7.877422543722115,0.07425000473282264,0.14662063481369036,0.0007708417000521373
3B,10.831885610567136,0.10290549213088077,0.11676287969930337,0.000618724120846823
3B,7.341545732813778,0.1446664475484935,0.14798999368581778,0.001626561247480594
3B,3.2507531648921506,0.05969565641459903,0.21013404583006834,0.002152350132065352
3B,10.700271398293287,0.2020030717133456,0.11511258289522623,0.0012121147609605839
3B,5.791281908749277,0.06105966802602589,0.17794667662108007,0.0010464714275841384
3B,9.915072102188677,0.19079440136082784,0.12588855003976837,0.0013511816617722708
3B,2.4916145378448187,0.023787255759318563,0.21869176860518094,0.0011645380513299085
3B,5.575248675756709,0.07430709809308755,0.1913693139049608,0.001422643614080583
3B,6.468910451071385,0.13690336994023763,0.15430539326321843,0.001821469342967274
3B,9.550833830714579,0.13877011847587659,0.12154626612807944,0.0009850404228337508
3B,8.111692925989606,0.09412191741655507,0.1527515926841054,0.0009886049307895248
3B,7.952668068339683,0.14468349321418797,0.14776709873142396,0.0014994833129727183
3B,3.847699287518705,0.07822247608269184,0.19141641315086547,0.0021705378882330086
3B,4.06055921560576,0.06743823845662422,0.19241794911845023,0.0017824760850420826
3B,10.98267906898846,0.12303009453546034,0.11344393378629358,0.0007088300217518138
3B,4.982073725694391,0.11015470755353836,0.18796142587017978,0.002318031875298178
3B,10.018716634359388,0.11436456841664526,0.13509778726921537,0.0008601721929567948
3B,7.940317559853429,0.11219396415780056,0.14814923684110465,0.001167585791029853
3B,6.132205626126789,0.09927365328202366,0.16222320813558064,0.0014648327520011622
3B,9.91415410305268,0.1619117894392745,0.11947309974297517,0.0010883051893927813
3B,7.1041739820056256,0.06921292144907508,0.15746175252836422,0.0008556702524648377
3B,6.126591317078003,0.1349971333080309,0.16830984433815588,0.0020685828248274904
3B,5.928521615691272,0.04681123751876208,0.1808473218761212,0.0007964775839163106
3B,6.518457064664151,0.05384245169885581,0.15934209468866936,0.0007341221043390617
3B,5.926238710119053,0.11048286095226013,0.17233735626307461,0.0017920616997942611
3B,10.044810666681762,0.20277245912463515,0.12155880091656933,0.0013687098141112583
3B,2.0795510016575505,0.023091892578640798,0.22841168884082083,0.0014147054882960892
3B,9.562774324500996,0.0924603656937524,0.12076120896698438,0.0006512637613191322
3B,9.906132863553777,0.21461286263702023,0.11735471222854091,0.0014181099124169882
3B,5.830502322216297,0.12229557095349831,0.1659499549623346,0.0019415101088104672
3B,8.254436116774928,0.13926439002104085,0.14036335251421997,0.0013208824321664025
3B,5.875647628359563,0.09710320575797417,0.16428582377511558,0.0015143828267780383
3B,8.721772370481103,0.19188826880282062,0.1377460983622022,0.0016903659823272604
3B,9.7896845140821,0.19139071115676495,0.1297949370792162,0.001415362461722135
3B,11.04377298564472,0.1481046484924024,0.10532141487513363,0.0007878175743430855
3B,1.915116739404909,0.017397058086823874,0.22459450188905922,0.001137987371489954
3B,9.81577402814103,0.11140168506060182,0.13100587205458855,0.0008293077645454201
3B,6.497927901149714,0.13174381520691375,0.16258334344323117,0.001838608058213197
3B,4.026916728414503,0.05604946925349477,0.19443440628720546,0.0015094882428365547
3B,2.0227238527831686,0.03640739656984016,0.20141667893910695,0.0020221167204931534
3B,8.312879701881126,0.09513019356719013,0.13358343894941724,0.000852662700524116
3B,3.0646347898339332,0.06059950718689249,0.18513896745683392,0.00204195404179746
3B,3.847951820396045,0.030343241772332146,0.17351917533875297,0.0007631986400242941
3B,10.570151308608203,0.16253110646799993,0.11001869207270343,0.0009435817366640613
3B,6.830122185725506,0.09468871082455119,0.15050337765093355,0.0011637876343661194
3B,5.047279529036286,0.09203430834944722,0.16370075971177184,0.001664948679024496
3B,9.540217785457832,0.11744202625844244,0.131496707984286,0.0009028963306127266
3B,6.732002738237678,0.1405341060596761,0.14323132371576286,0.0016677587122886693
3B,2.240553172191987,0.04451366153165505,0.18309367560837736,0.002028939833039466
3B,4.004918167254371,0.058601264489690164,0.17982731940994895,0.0014676644411900624
3B,6.172610337676814,0.07216768849810135,0.15676767780525436,0.0010223232071048666
3B,5.134837780542913,0.08649677158897093,0.16855938911547544,0.0015837399784808122
3B,11.172523931799304,0.17288031892407113,0.09957698990771947,0.0008594310030504296
3B,7.638157579388701,0.1295049679162612,0.13488994812307178,0.001275660662354136
3B,7.83987741415431,0.11165441622631117,0.1351592792863619,0.0010736686231081023
3B,5.62498410205096,0.07504670193997404,0.16097574163718817,0.0011979219076934278
3B,2.2290331138431663,0.034862792674996465,0.19526656895039243,0.0017034575253784274
3B,9.984765360645431,0.1642750567103693,0.11109658098492797,0.00101951170643461
3B,9.40566563024225,0.07173628551598925,0.11667743491833314,0.0004963568085528005
3B,2.7912766196450165,0.04990473820952724,0.1772161075153435,0.0017672576000990691
3B,2.064075598607318,0.018003403415773063,0.19884226239504155,0.0009673763600889313
3B,9.458346791416911,0.1547975956145898,0.12214559552036756,0.0011150248580194806
3B,10.506802509487619,0.15379280574609502,0.10242525512445468,0.0008362387078622606
3B,9.655472182139155,0.21393319586877196,0.11983915493139505,0.0014810208097823547
3B,6.787190569899004,0.12450150235085472,0.13338686792157686,0.001364757169656107
3B,5.503997591049542,0.08297046993469696,0.1594751920111436,0.0013408994400368102
3B,6.185127925702412,0.11266291864964857,0.15918676094683865,0.0016173239521595783
3B,7.40567701884942,0.11727394619945204,0.13681093379705256,0.0012084128640600488
3B,3.3965386443952204,0.07056156196704313,0.18127219943321493,0.0021004898673354176
3B,9.214150216805445,0.09231697273167673,0.12355773257595459,0.0006904845370220129
3B,4.600947660122283,0.07827494871310674,0.16442283061130447,0.0015602542720807562
3B,3.692693564140847,0.05483028418072501,0.17353299455963855,0.0014371994736494397
3B,2.2256560211825485,0.037390042332927934,0.19835224451477546,0.0018586293580666558
3B,8.959069230566937,0.12104419357464459,0.11998627215941271,0.00090421225798157
3B,3.44236831940079,0.062071300195833276,0.17958895042952494,0.0018062209680677424
3B,11.264929854795243,0.15504039595030114,0.09892664152317919,0.0007594293952965142
3B,3.8207684648682156,0.05202572671572731,0.16970730021907576,0.0012889192805094222
3B,3.213915144795692,0.029520378779745293,0.19015150902096525,0.0009741931168748643
3B,3.9616630010528975,0.05077936760869847,0.1725030241102029,0.0012332872237161136
3C,1.5583826787558128,0.008468564091576578,0.25184018509455264,0.0007495857529232135
3C,1.5587150828012966,0.01657660448224878,0.2517546455304802,0.0014664489806724852
3C,1.5629948264939373,0.016681184446731907,0.2506588336779666,0.0014652542369304883
3C,1.568039107489127,0.01333055185218243,0.24938029307571447,0.0011612186356108137
3C,1.56515234288099,0.015652583456510355,0.2501102681304397,0.0013700031368409113
3C,1.5602478837389548,0.012922609992681725,0.2513610023338072,0.0011402895966514874
3C,1.5483167971583875,0.00942486817262919,0.25446021069397173,0.0008483908361039567
3C,1.5447504961654404,0.017798284721950414,0.2554024714450051,0.0016117791351036236
3C,1.5539990744264478,0.020230349018629145,0.2529740793597635,0.0018038036900030225
3C,1.5649191900422494,0.022801505667139756,0.2501694252106839,0.001996486913808849
3C,1.5597588789284604,0.011921661744697262,0.25148644216743815,0.0010528209856474373
3C,1.5735524714916183,0.017752707669137367,0.2479987434082797,0.0015324752876350572
3C,1.5417777620391813,0.012669999919511577,0.2561935955748958,0.0011531444976859903
3C,1.561131197614596,0.011084107043479653,0.2511347527600077,0.0009766270562365552
3C,1.6826058214216661,0.01049778353801988,0.22371468257469734,0.0007644874174120936
3C,1.675797973194936,0.008611048436541644,0.225077771935778,0.0006334722663079707
3C,1.6683009557304904,0.024148219168281106,0.22660034753794184,0.0017965193910989418
3C,1.6778033199842375,0.017232685839630238,0.2246743411651701,0.001263938740525499
3C,1.6909459190951346,0.01381789760390566,0.2220696062768419,0.0009939441960215996
3C,1.6811792670884078,0.022142860046024688,0.2239987911329564,0.0016159428285160136
3C,1.668779329119134,0.02183513331097348,0.2265025126036317,0.00162326934644321
3C,1.693732614214334,0.01474102029346215,0.22152592230836554,0.001056009619945566
3C,1.70198858533052,0.018769267452862337,0.21993248455316758,0.0013284361568439186
3C,1.6956908132791149,0.021024427900497102,0.22114565120841956,0.0015018153899824666
3C,1.6819208161320205,0.019400643038648142,0.22385100624227733,0.0014142632545032015
3C,1.6906899129725832,0.018505762687967314,0.22211970239553527,0.0013316519743470068
3C,1.6876099753022067,0.021787063111323675,0.22272437563648725,0.0015749072605540768
3C,1.8299545750557518,0.01845912187398587,0.19816894324283743,0.0010948810739328037
3C,1.8481086650418532,0.012364518692678352,0.19547242724415245,0.0007163014747923433
3C,1.8391504692079093,0.025971324351473632,0.19679224937754058,0.0015221079384933579
3C,1.8438975406694087,0.027193051082040065,0.19609027071186375,0.0015839367193512682
3C,1.8175037703522845,0.022229363129056674,0.20006910106276551,0.0013402701586152056
3C,1.8276940951573655,0.021875123221871778,0.19851080094364298,0.0013013429640665348
3C,1.842025621388467,0.02222861809561001,0.1963663830356368,0.0012979099619730443
3C,1.8426776626535066,0.019596314853077158,0.1962701023370101,0.0011432463240616292
3C,1.815870637535741,0.013997192730778558,0.20032148642549072,0.0008457542674870823
3C,1.8171064430525012,0.018063394113696143,0.2001304363558596,0.001089664391256245
3C,1.8320994011128822,0.020090443955743234,0.19784584112499395,0.001188305354142164
3C,1.8380121463008994,0.023414354482298397,0.1969614542854818,0.0013742814411657949
3C,1.8526423526656486,0.022496625198459647,0.19481233211137905,0.0012956952226780589
3C,8.15187826003601,0.13841387658822196,0.1710813539144426,0.0016202513291505801
3C,8.183095907731113,0.1729649612916068,0.14208055091401164,0.0016750697126887211
3C,4.866403129147901,0.07772928223418143,0.20949617787818903,0.001866424555392104
3C,6.524445168547109,0.08431898649190872,0.18648161085730566,0.001344236132974959
3C,3.8793903072793166,0.04054494702071505,0.22592104126284243,0.0013170058464275446
3C,8.810962475476712,0.16737959605864106,0.14664043837922364,0.0015537841072864478
3C,4.507444050026979,0.037711351333568024,0.21143298500393368,0.0009866707474416266
3C,2.77977528332275,0.05580308894831971,0.2252989617363283,0.0025226993888407064
3C,8.335538585293857,0.1752431532636882,0.13193024935703318,0.0015470684773714
3C,7.083333819211609,0.05884617983378954,0.16325178239239502,0.0007564779223658926
3C,3.842253106182133,0.060709906642180955,0.22684878122723245,0.0019992532281003345
3C,10.605907103775646,0.11948535382021018,0.1435270041281735,0.0009018996862929846
3C,7.204554581209942,0.06742233303331553,0.18965757401472969,0.0009899758322765562
3C,3.1273915425582475,0.06692247574969273,0.23097057629513973,0.002756793020312187
3C,7.642678992119591,0.10110334390314403,0.17791992235083998,0.0013128111067712176
3C,4.586834617409011,0.059799206131554615,0.21764330755329134,0.0015826519429729784
3C,5.536653844471358,0.09002781452299725,0.19447945535093922,0.0017638466561015651
3C,5.326386069014178,0.0700501105689868,0.18918634071969836,0.0013877898959882274
3C,9.01077815872412,0.15750953605450252,0.15714800769799947,0.0015321849601447493
3C,3.5945883153523406,0.08052591479492152,0.20941484052394296,0.002616686690023361
3C,2.6581322361215034,0.02823618011649487,0.24463847507438324,0.0014494788513239449
3C,7.3968879286936025,0.09188299354786882,0.16438092005454605,0.0011389253649977237
3C,5.982051699790448,0.0685084863393007,0.18591525123888145,0.00118759124913096
3C,6.00348251727626,0.0680899619137936,0.20066188001085744,0.001269411647290652
3C,6.82728576629273,0.1093925305337713,0.1803649221093263,0.0016119420588210107
3C,4.69699780120691,0.07266364239576155,0.20379177001048887,0.001758495289398562
3C,8.985762335597498,0.1552544354828479,0.12790190270404989,0.0012326048006274782
3C,5.261684899254795,0.1182109056457119,0.20775309692392557,0.002603382466268279
3C,4.526947243872903,0.07914827420553368,0.21792023589761594,0.002125158554899264
3C,2.798340009843211,0.030756477216596214,0.2332008189888794,0.0014296309483457614
3C,8.114863155458687,0.07241069038017839,0.1630564417577202,0.0008115536015897278
3C,9.427809677507145,0.155684894387377,0.15638379127480714,0.0014404068178925887
3C,6.732177150175197,0.12565006632413278,0.1851758262724455,0.0019277434619081966
3C,9.454588898893265,0.13462791845011393,0.12951721520214082,0.0010286739456368133
3C,6.818991639343538,0.07127201754287908,0.16632224417669234,0.0009696321168786207
3C,6.496275348515241,0.11201054559172341,0.19373787008334725,0.0018632312949062
3C,4.888032802129598,0.06049623668930257,0.19698056572850534,0.0013598011022590496
3C,3.968859793865538,0.053746007167525305,0.20291979229611884,0.0015327192740708492
3C,3.9776247111778713,0.0459930627643441,0.21439011264830127,0.0013827097951194937
3C,6.6905826706834635,0.1388878130956052,0.18158625425808084,0.0021025238426322103
3C,8.30178302449706,0.1377895700355235,0.15783047876932343,0.0014611459591963901
3C,5.4887751339146025,0.08350581841753,0.19370786696723544,0.0016437899383359342
3C,9.069061504959086,0.16200338403418527,0.12541556554569133,0.0012495997829109896
3C,8.409608409940827,0.12914410983855767,0.1621496577608187,0.0013889052736872267
3C,3.0138071937912665,0.03127697718721616,0.21677160245537444,0.0012547854010243559
3C,10.956291920145903,0.18174004975235453,0.09288168811746342,0.0008593595517967774
3C,9.040998690743798,0.14497807961459752,0.1272459367533959,0.001138118861117239
3C,4.4602502212381525,0.09226675740782851,0.16775743076750474,0.0019356443397172058
3C,3.581400940056453,0.07270661908565804,0.20047707754363397,0.0022700921689877396
3C,7.438995738836082,0.13521156549278684,0.15694263140832404,0.0015911027345920507
3C,2.2183551112653443,0.03535269260287453,0.21536080060062804,0.001914325772782475
3C,2.261820437077445,0.046141943805557584,0.19920970295102827,0.0022667624559742066
3C,10.2996948482243,0.13787431851973725,0.11864693306330164,0.0008858767391054157
3C,7.872590309187071,0.07773200993234039,0.15856126124104378,0.0008732469929758892
3C,2.985236492969919,0.04810431593040576,0.21269922143070735,0.001911740594833688
3C,3.500195502944778,0.060177767573069564,0.2000698030858249,0.0019185939725170666
3C,10.902670692360577,0.15639515535186427,0.11316805198406925,0.0009054656975887334
3C,7.887212338201819,0.06774225243672885,0.1400185988678358,0.0006707792016643803
3C,9.073965947817838,0.12283978392043346,0.12947283107553406,0.0009776385182117258
3C,7.491817002144357,0.10772301884545753,0.15647874508630255,0.0012549732548966317
3C,4.781126690542875,0.08826260197704547,0.18096828321279076,0.0018634026201792878
3C,5.007070945145715,0.05344121127068958,0.18900881922637147,0.0011252068776669494
3C,10.009674530418858,0.17152289271733037,0.12510384699171043,0.0011957229408062397
3C,6.290515457039887,0.13001805617465853,0.1706628751490503,0.0019674977930254772
3C,2.2587145316359605,0.02589558338858296,0.23401843141166925,0.001496484346810854
3C,2.952907408070295,0.04380461520329084,0.22112718677300702,0.0018296580974176753
3C,5.329889311364102,0.0782745703791044,0.1823097158677471,0.0014933791304005818
3C,8.917792118421248,0.0895489816693773,0.14276459180162007,0.0007996161849361043
3C,9.035385173654353,0.14044180784328655,0.12426786104372911,0.0010773735875215615
3C,9.40064554337229,0.13054712514241792,0.13812257099305392,0.0010698725610114282
3C,5.014323569525584,0.0465626040645287,0.17461576089568775,0.0009044115652278638
3C,9.090868080542444,0.10374645076176378,0.12214776651453774,0.000777519309911261
3C,1.8677934599715942,0.024932634151628375,0.21693924142024082,0.001615233049670963
3C,4.725794597638066,0.07387004748957046,0.18429599973720465,0.0016068199172278226
3C,1.85995992140242,0.03529238180487357,0.22981933026253498,0.0024323255313031165
3C,8.598700414841883,0.09107199769613869,0.15093343709667834,0.000891651753525584
3C,9.935371076313418,0.11665378086315516,0.11395985080000681,0.0007463187625450271
3C,6.35615373054252,0.10481723056220071,0.1707480423402341,0.001570550054730354
3C,10.385003361469273,0.07939278789775307,0.11685690430383924,0.0004982950226871714
3C,5.804277682251039,0.12015342352948692,0.1627318418542041,0.0018789631776433948
3C,9.660616327887965,0.16552376415984982,0.12048462657766654,0.0011514495556585117
3C,5.391316769337888,0.07426993510263137,0.16471891656539142,0.0012656669297214018
3C,7.593842942629087,0.06988326475866885,0.13159085146433885,0.0006754528416805392
3C,8.073565264910233,0.17593721471136756,0.12813463827638297,0.0015574591341415295
3C,1.920220752690069,0.01950945235136958,0.21134148742608244,0.001197667983906494
3C,9.619985085058993,0.14143433897047852,0.12072145071451125,0.0009899714566722053
3C,4.497900553646288,0.08560521008773267,0.17015634816780767,0.0018063265506522788
3C,4.674404223435514,0.03657624603325547,0.16321041341929465,0.0007123254976531662
3C,10.853917860013581,0.1631796319152013,0.12020782839310962,0.0010080218151072118
3C,8.157690712172457,0.11548727393262406,0.13009554277100324,0.0010272758362714093
3C,6.9144117706099735,0.11239106755784309,0.15243096172423426,0.001381998296715428
3C,7.615159745544277,0.1156529954683493,0.14895760894431473,0.001261822656256177
3C,10.132523090184078,0.1294629833139609,0.12468629305269038,0.0008885962638727797
3C,6.269010892778627,0.11954575984175517,0.15794766633111973,0.001679987796019049
3C,5.530491413945921,0.04525676615138425,0.15525203046289052,0.0007086223490243951
3C,5.072443909036394,0.05844054812241297,0.16447690130135229,0.0010569628027596832
3C,10.857805809265141,0.13116434889005876,0.11073177583817473,0.0007461115507588133
3C,6.930125699786389,0.12175680902960868,0.1451303719393073,0.0014222246937855162
3C,4.73834892940405,0.058392505896075045,0.17312280510788833,0.0011899867227758581
3C,9.981109967116675,0.14073328702410182,0.09427500453929691,0.0007414336862003409
3C,4.699751831444862,0.10409976391255746,0.1630357141109074,0.002014259078794247
3C,8.059510279780893,0.1790642375732481,0.13204109141537337,0.0016363155997054786
3C,10.434457096321358,0.10337694253094494,0.10844020027325395,0.000599241520900736
3C,9.374075898544463,0.15720130126556692,0.1345426266902013,0.0012584771493692542
3C,6.087040999033764,0.10191518801971447,0.14773766757951481,0.0013796905266776794
3C,10.310161325049718,0.23169298688886253,0.11888057266764356,0.0014901022721985177
3C,11.213252350371617,0.21506027922000562,0.08756633528494866,0.0009367496616823571
3C,2.524945568661146,0.04423413877960414,0.17539834422877382,0.0017139131310160967
3C,5.82932888140758,0.10721959140335119,0.1693066016796167,0.001736949705103722
3C,9.881594031179551,0.13597113508745054,0.11483349567379571,0.000881345237036554
3C,2.4165737406014993,0.03657028255015471,0.1796641558215374,0.001516517638571048
3C,8.545055430715772,0.12778124629744067,0.1277056514752239,0.0010651729112872218
3C,10.88924556309904,0.13510667998854375,0.10703503058260623,0.0007407347665552515
3C,8.562998713321093,0.10495637730154053,0.1258919835657256,0.0008606742121268704
3C,8.52792129006152,0.1614030548551259,0.13634966475030655,0.0014393963676646076
3C,9.409696961042474,0.21051651111583883,0.1125808014248245,0.0014048586295206179
3C,8.079578070755366,0.10517886401895024,0.12692437022969053,0.0009216002254210694
3C,7.886704181071882,0.10665635116340137,0.137945563408538,0.0010405349420511889
3C,6.327539696606005,0.13979798236381263,0.1486682703773575,0.0018320700489285941
3C,11.322159585331333,0.22662503318336835,0.10118993643100682,0.001129727479775046
4A,1.5724104726222885,0.01844783457276171,0.24828355803839253,0.0015954678442292717
4A,1.5760091359721728,0.01368958026211064,0.24738842242394032,0.0011769862794850782
4A,1.556207599981759,0.014135877023868771,0.2524014472579575,0.0012557630340677393
4A,1.5624465324963848,0.01167652657396057,0.25079865234299653,0.001026583626875158
4A,1.563141981510146,0.012782928731136093,0.2506213365372099,0.001122562704983788
4A,1.5628809814202116,0.009555221558304728,0.2506878512194893,0.0008394769392210949
4A,1.5669953358527307,0.010342870088811617,0.24964370389848017,0.0009025153784365343
4A,1.5542388322320375,0.016359076902042972,0.2529117802332412,0.0014580443167703746
4A,1.5569346487352593,0.014439400345106391,0.25221354098176696,0.0012811730687811893
4A,1.5572968006052772,0.010604453303871919,0.2521200539694789,0.0009403400022398437
4A,1.5697072538323087,0.013704021345773506,0.24896054673858925,0.0011904756523722388
4A,1.552215642385641,0.014510449020531502,0.2534385190753844,0.001297663369653421
4A,1.5513130989541473,0.014365036720454085,0.25367425220292794,0.0012866022218700702
4A,1.5420176397292684,0.01193041652293678,0.25612956454362257,0.0010853919669575032
4A,1.5518162838064757,0.016137629441271544,0.25354276895085426,0.0014441466273991102
4A,1.5399310452577246,0.019543445172283954,0.2566876843400363,0.0017842902801502416
4A,1.5617641211718252,0.01087175794682088,0.2509729050557197,0.0009569115535143342
4A,1.5414464289243415,0.008582481366215729,0.2562820949385372,0.0007815618028061733
4A,1.5515197936812735,0.02104815245816439,0.25362022485427693,0.0018845218226139393
4A,1.5526997346557763,0.009593750794946445,0.2533122725008677,0.0008572703687770574
4A,1.6213443041119273,0.017835264697253522,0.2366797184099484,0.0014260211941987699
4A,1.6233238010759983,0.018748340047666835,0.23623495715252943,0.0014943848507534196
4A,1.6252197576684781,0.01356066302324651,0.23581067239366632,0.0010776876715992126
4A,1.6038127403597284,0.0212237349101705,0.24069987013435154,0.0017446352247648617
4A,1.6216367627573514,0.02008363507019785,0.23661389266701865,0.0016050538507520733
4A,1.6147699712914438,0.009557293603775123,0.23817005653756898,0.0007720973297446851
4A,1.6126703858028004,0.016250682405152417,0.2386503281225128,0.0013171906980116565
4A,1.612815266262888,0.021228547267996094,0.23861711964713778,0.001720274991671281
4A,1.6178039920641878,0.02081755677659478,0.23747974026046567,0.001673751763778361
4A,1.6044163927332633,0.01670919388925677,0.240558980011659,0.001372210091467179
4A,1.6833257011220595,0.013261749861190102,0.2235716173456408,0.0009647393072752088
4A,1.6938989052514284,0.02298363642635237,0.22149357281700177,0.0016460878587687413
4A,1.691187365889622,0.02372428430246417,0.22202238225682933,0.0017059204674526064
4A,1.7029482297477196,0.015743531041095327,0.21974892924359019,0.001112725637115467
4A,1.68464127550426,0.010452171379071987,0.22331069193888434,0.0007588732239457183
4A,1.6816131261044232,0.014257839831074511,0.22391230012332955,0.001039839286417777
4A,1.6807015659420899,0.014310209355552153,0.2240941081478111,0.001045072568556665
4A,1.682676721363233,0.01269933333805806,0.22370058324108005,0.0009247151652105513
4A,1.689481986182706,0.019172708088172598,0.22235641382774274,0.0013821022785014277
4A,1.6876833646538003,0.02071727616422311,0.2227099246976336,0.0014974139823848505
4A,4.472242433971745,0.03945645549142579,0.20000695620912579,0.000984227719169937
4A,8.835390426325608,0.09297780790319014,0.12142905695154216,0.0007127446082748628
4A,6.969649810263378,0.09188747880479352,0.15503002084885611,0.0011400369942272837
4A,8.930308357160945,0.16247086680340808,0.119719637142728,0.001214876678853791
4A,5.406075838752764,0.06026861981282144,0.18318912941690135,0.001139112379844305
4A,8.254108579629879,0.10575550719964925,0.13189762379134756,0.0009426002430406185
4A,5.275831148738543,0.11435992250613587,0.1855347647583355,0.0022431898109543354
4A,1.8409474829004429,0.029107342989303554,0.24739513326491344,0.0021817755820901005
4A,4.024032996142646,0.06930688849128432,0.20807896204384715,0.0019989448043317504
4A,5.993778279806637,0.11600435806141901,0.17260493119866635,0.0018633077551976642
4A,2.7207552167787425,0.024083509349959814,0.23155027913668216,0.00114322936197855
4A,6.867221986095789,0.12787056169517058,0.1568746897124195,0.0016292965101541552
4A,4.090939094692587,0.03725233109451423,0.20687401995139731,0.0010507373134735429
4A,3.707525686501612,0.05822665427998922,0.21377908487599628,0.001872667365244876
4A,7.979219133716823,0.08340729727904009,0.13684823175279698,0.0007978855637912625
4A,3.4462944839532708,0.032425717048684785,0.2184837153750656,0.001146605543658134
4A,5.401444539752614,0.08821369417092152,0.18327253656855036,0.001669480074459463
4A,6.875111043239004,0.10745244071120807,0.15673261212565803,0.0013663240102418303
4A,2.5471449507066506,0.02954809706211418,0.2346769046880964,0.0015184621438398263
4A,1.831836562780372,0.021928032938374722,0.24755921593288469,0.0016529122992469654
4A,3.2727041989003833,0.02960842583775484,0.22160998107929678,0.001118293092199146
4A,2.744285935864315,0.06003502016155657,0.23112650380817973,0.0028202188545734964
4A,3.922975719813189,0.0856056067447115,0.2098989480935016,0.00255478650027121
4A,3.031812278215747,0.06752263712304313,0.22594831228160642,0.002806816046624293
4A,2.6782728527473645,0.05563499567331366,0.23231536318309354,0.0026917141109038104
4A,1.9952967739914933,0.039317365130439354,0.24461538729546972,0.0026885519877027533
4A,5.977696031417776,0.04525876960761316,0.17289456366035455,0.0007301431495333491
4A,6.8647628517262405,0.11562242877130084,0.1569189773719465,0.0014741775030860129
4A,3.9275107519664765,0.0393354663573352,0.20981727465489824,0.0011721033937517318
4A,4.3602483741993865,0.093704890446148,0.2020239077224969,0.0024216510136095474
4A,4.748449383575264,0.09877258956391348,0.195032620729737,0.002262818103218954
4A,2.0528239056269415,0.018623400143116142,0.24357935524655697,0.001232552751766066
4A,8.747785834669713,0.08670394671173441,0.12300676753795865,0.0006800290907416661
4A,7.7847875509034115,0.132768428510312,0.14034983778440044,0.001335112081144221
4A,2.7468240265510406,0.055165130089477855,0.23108079418874036,0.0025885432254890307
4A,8.878862792196733,0.19004390665258963,0.12064614351567053,0.0014403492465647775
4A,8.988732838345692,0.15723064926944064,0.1186674443212246,0.0011577854447061737
4A,8.112119593787618,0.0675946781029846,0.1344547674510978,0.00062490230468984
4A,4.1812224302324195,0.06643887181643034,0.20524806665870132,0.0018190968154933936
4A,8.41897960366697,0.13202959261102878,0.12892838718970479,0.0011277637653950478
4A,7.793978595273373,0.1375881223667374,0.14018431212269003,0.0013803172361592393
4A,4.350503564645089,0.05423047205073497,0.20219940639106918,0.0014058581184402282
4A,6.354448216061036,0.07100977634369939,0.16610946371374433,0.0010353625138816722
4A,5.303969535393966,0.08681117157216334,0.18502800786726611,0.0016891562728015698
4A,4.376387730100658,0.061014115375377265,0.20173324678587157,0.0015687356511875574
4A,5.341749960431966,0.10739045149495223,0.18434760315998888,0.0020671755952757043
4A,5.081505769435566,0.08000426629819887,0.18903445812303915,0.0016600434728632142
4A,6.859687345597084,0.14775033015959446,0.15701038445004628,0.0018862978785484424
4A,6.074292283282683,0.10444589709865042,0.17115491821147166,0.0016415073936093278
4A,3.3765846622301616,0.03178195579427599,0.2197391509821598,0.001153634350248307
4A,4.741350962700295,0.05171067527700154,0.1951604593914965,0.0011872104157050146
4A,5.015834570710129,0.11123527274921195,0.1902171603478125,0.0023529179050754095
4A,9.11186659254772,0.08554958894187456,0.11644987302869662,0.0006098279914393857
4A,7.819155191100798,0.09842048913547519,0.1397308954579234,0.0009810155453706213
4A,2.1025693065490576,0.018212010989601214,0.24268346789434334,0.0011724802520576803
4A,5.621739936727608,0.10529918791884295,0.17930513744737783,0.0018732889217554756
4A,7.114090489012481,0.11747406437411657,0.15242872354623563,0.0014039355897999253
4A,6.177024852867339,0.058082513836236235,0.16930476105030218,0.0008879591523840263
4A,8.722241813794335,0.11464592944231194,0.12346680132606225,0.0009051873469916123
4A,5.999130639075658,0.08273173910959285,0.1725085381475554,0.0013269427632043086
4A,2.5878937434075078,0.05047493754257948,0.1542791899192141,0.0016783960948943165
4A,2.7466216080639847,0.0523145796056256,0.14070276001297924,0.0014948041155196528
4A,2.11446573563217,0.03504170507905489,0.19477278678779655,0.001800406687118422
4A,2.442793194326901,0.03711175115316691,0.1666900381229146,0.0014125120223281722
4A,2.3632624780831146,0.048613009291224495,0.17349251856208153,0.0019905773540723794
4A,1.9772241361391083,0.02172512486684171,0.20651143746371664,0.0012656343363801848
4A,1.9868238530783646,0.02093363608329375,0.20569034732665994,0.0012088070302420512
4A,2.202064184761457,0.01900966194084753,0.18728025101235155,0.0009017666378664925
4A,2.8338654401455456,0.032079272816186076,0.13324055560690298,0.0008412779110921151
4A,2.6596021809763246,0.03486317822726141,0.1481457704440285,0.0010831717220893347
4A,2.227782168565092,0.020516890887490643,0.18508052127242597,0.0009507302235570745
4A,2.8732729613721695,0.03028587850194368,0.1298699221590858,0.0007635361977689392
4A,2.2082525084806126,0.04880216151306531,0.18675094670026976,0.002302029572979898
4A,2.5491194111148885,0.04106558965905234,0.15759566497966485,0.001416086919489993
4A,2.22927276498363,0.047512975966926455,0.18495302646967934,0.0021987113898288154
4A,2.044412262780508,0.03543646563129758,0.20076465258853204,0.0019410062549862102
4A,1.9975729709858672,0.01828454063121502,0.2047709457701601,0.0010454601852164151
4A,2.20005744547151,0.04400211636279273,0.18745189293148792,0.002091159386834308
4A,2.574388437070339,0.02253204046624821,0.1554343358366976,0.000758806721445597
4A,2.750724724443746,0.028660147528458243,0.14035180920766532,0.0008156560592867715
4A,2.6291685092645287,0.04835582693424767,0.15074884591334686,0.001546472314889736
4A,2.043076033008674,0.025173969723783548,0.2008789439883136,0.0013805729311939122
4A,2.3025951940190375,0.02306075754501087,0.17868155787461898,0.0009981446128306684
4A,2.2124682207732977,0.016879084516803117,0.1863903652574943,0.0007931458693306482
4A,2.574809924754755,0.03261625868166065,0.15539828483824059,0.0010979762609475056
4A,2.5958184510461146,0.02411903753825876,0.15360136792484785,0.0007960466200871362
4A,2.5793576272501455,0.03157758510861888,0.15500930736225235,0.0010584805688790557
4A,2.092205941679502,0.04514790553081937,0.19667672805847183,0.0023672488386656584
4A,2.800490176284052,0.040984562106427064,0.1360952335262356,0.001110930580741839
4A,1.9482311915576738,0.03462795190226007,0.20899128358737667,0.0020719164938815655
4A,2.7737546032245906,0.044374124088143146,0.136388279621468,0.0012170167898905176
4A,2.5868840041297476,0.024867953797162314,0.1512456575366118,0.0008109681008131171
4A,2.411765899256604,0.024303209169625896,0.16516863887496339,0.0009283544538390418
4A,2.861044844926952,0.026591857795906896,0.12944816108191107,0.0006710851995583363
4A,2.6887028660486103,0.028471816180200588,0.143150423092318,0.0008455178058698594
4A,2.267980845013036,0.03092869286822604,0.1766004473017235,0.0013432960690249827
4A,2.289153143667529,0.02307094823387603,0.17491711753253683,0.0009832878432064845
4A,2.244752210811275,0.03936430773604186,0.1784472685698088,0.0017454277485974639
4A,2.3034924917082207,0.036187676277010083,0.17377704994603974,0.0015227341122213112
4A,2.688467683772937,0.04388631680620674,0.14316912154978292,0.0013035612276081658
4A,2.5978638352109042,0.022944726454021222,0.15037269249766314,0.0007407868036982687
4A,2.7733619019596585,0.03245409123769768,0.13641950182083543,0.0008904245544394516
4A,2.0630776719685517,0.04277428501913172,0.19289152729333264,0.0022306842086175097
4A,2.5551127201248796,0.055095861529990985,0.1537716727342733,0.0018494517862295324
4A,2.442837120634061,0.04225787024551042,0.1626982830216294,0.0015698343407465963
4A,2.385707880436221,0.03392900339836595,0.16724041386369698,0.0013266392209099218
4A,2.7424453692361315,0.05321366997113609,0.13887755896157494,0.0015030556557700811
4A,2.320647274281001,0.046190911270873505,0.17241313775776357,0.0019141479905021954
4A,2.4419049464676736,0.04758911619424795,0.162772396680706,0.0017693648843906467
4A,2.631060809796025,0.04361432038068575,0.1477333260085546,0.0013659489233503485
4A,2.413308311584765,0.01876170586096215,0.16504600747670456,0.0007156856317904138
4A,2.7134473122032117,0.04352290019003589,0.1411830853216864,0.0012630974649500593
4A,2.070574790676904,0.03107827753118821,0.19229545960550898,0.0016098774214410613
4A,2.7808808570565873,0.022442537408266947,0.13582169800395266,0.0006113874107119877
4A,2.1921744803029917,0.03819762758477785,0.1826275260092666,0.0017749465087637238
4A,2.5111855410363444,0.024318231818772237,0.15726415739277938,0.0008494556422638529
4A,2.59386424873717,0.05319095331355999,0.150690684562934,0.0017235929041498484
4A,2.0786632383584425,0.03723849112328892,0.19165237757690964,0.001915049094708581
4A,2.7330745401230825,0.059477653669749206,0.13962259831064952,0.001694789746777454
4A,2.410708566949384,0.03920058184470173,0.16525270338669687,0.0014988360693064104
4B,1.5724244196807582,0.01626492988206834,0.2482800754054689,0.0014066463109916809
4B,1.555446075209163,0.020973967038476492,0.2525985846253494,0.001865594109649374
4B,1.57400616913092,0.010076133247746885,0.2478857857504437,0.0008691599842549888
4B,1.5423189836399662,0.015209999609825112,0.2560491743853751,0.0013830535825231443
4B,1.5576732752725826,0.015959335321848057,0.25202294804233016,0.0014142921984836643
4B,1.5539967348733723,0.02131325670347443,0.25297468743499446,0.0019003666887734121
4B,1.5515620503808205,0.008952323313959778,0.2536091825148388,0.000801479117345504
4B,1.5590385453306705,0.018087254574185044,0.2516714665129706,0.0015992280760896934
4B,1.557792724925677,0.014439398885354034,0.2519921545076949,0.0012793432722833778
4B,1.5512393395075579,0.016076092618156644,0.25369353791486,0.0014400306042196551
4B,1.5619372565309104,0.012479218983266092,0.25092867068854535,0.0010980819045942121
4B,1.5663414284111756,0.0182039024350961,0.24980903081277492,0.0015901819745167203
4B,1.5601376633396222,0.011269858835042772,0.2513892644663907,0.000994633103772509
4B,1.5593424312015318,0.010328618080868934,0.2515933751522878,0.0009127683043714472
4B,1.5540424146185545,0.01910327274555083,0.25296281533741444,0.0017031865620331682
4B,1.554685567742504,0.008858693191041033,0.2527957868939303,0.0007889646644660209
4B,1.5464142217218075,0.017533969209302912,0.25496197225330514,0.0015833992752670569
4B,1.5484255160508482,0.01836431207092046,0.25443160200692094,0.001652783713803446
4B,1.562882873300269,0.01917013231224047,0.25068736894658994,0.0016841926123613484
4B,1.5496581647721601,0.017062516097448015,0.25410771674132326,0.0015324476467702055
4B,1.6102083974666925,0.018993114209587054,0.23921618789408125,0.0015454867467949247
4B,1.6093581080609363,0.0088400068830438,0.23941229529157426,0.0007202893417613238
4B,1.6165704114648822,0.022722272866084327,0.2377598848414951,0.001830443610886516
4B,1.6171172794602005,0.022068238988104748,0.23763560305583883,0.0017762262999512846
4B,1.6199440651418646,0.016474474575950127,0.23699543422659583,0.0013201161981908909
4B,1.6189513102612136,0.01840916129354544,0.23721983026575275,0.0014774467377540602
4B,1.602541498611669,0.015684849512283747,0.2409971589656667,0.0012919437991832227
4B,1.6186253589766768,0.01444433698410146,0.23729360724146364,0.0011598396127795584
4B,1.6263605689978768,0.008367041501530536,0.23555617773102586,0.0006637586790330844
4B,1.616359582442671,0.024077485241136176,0.23780783587188592,0.001940260003146982
4B,1.6795708201811956,0.01376229392955602,0.22432008861221323,0.0010067492237801309
4B,1.6771884119299305,0.014748958762027595,0.2247978761203978,0.0010827603388272023
4B,1.6979142223506647,0.012696048304583176,0.22071564115125236,0.0009039544730178117
4B,1.6721200675041492,0.01914349344688358,0.22582187786836538,0.0014160558317004664
4B,1.6799942684389348,0.02433929631516953,0.22423540283782345,0.001779364928966668
4B,1.672822157022934,0.010366036741491195,0.22567941151551463,0.0007659766655828371
4B,1.7015520532386772,0.012046513290148442,0.22001609552641432,0.0008531614139651658
4B,1.6762623588813483,0.016611422014167813,0.2249842049269837,0.0012211737930390377
4B,1.6983687547399187,0.01572098503512209,0.2206279639098213,0.0011185848868608614
4B,1.6903871317091763,0.013161718895894932,0.22217898416483736,0.0009475236032151289
4B,9.132152601080232,0.1628464762490726,0.1133304820432673,0.0011272226387757012
4B,6.136121401078053,0.06279878597374997,0.16602415984339408,0.0009477337720580987
4B,2.5775346222721747,0.04615288022134981,0.23571576352130005,0.0023541855474366927
4B,2.6305528092665775,0.024757346262107086,0.22640813448277414,0.0011885209824446111
4B,7.5346352544479425,0.09342568713134884,0.14518510383207572,0.0010041160011178868
4B,2.866145381576607,0.036271259597911165,0.233937449316577,0.0016512846101284966
4B,5.238378172902235,0.06680338816644953,0.18249602027724462,0.0012981139014042247
4B,7.061837335434273,0.055797116936756756,0.15331949542715181,0.0006756926455088494
4B,3.0863890376892025,0.0459700086665331,0.22961968330451962,0.0019076152798225747
4B,7.131069624146185,0.09190679622087944,0.14939256715668656,0.001073939216983113
4B,2.5614793445957798,0.03767101384674968,0.23414481703764128,0.00192069656741806
4B,7.401164583050288,0.1265084724729635,0.1486911486150582,0.001417628472397375
4B,6.869599720647079,0.0941734075132764,0.16410248435198765,0.001254786303557526
4B,7.605252797271189,0.0759857978474963,0.14464966801647597,0.0008061093816709952
4B,4.59136477577609,0.08026995658856845,0.19627990749828556,0.0019140127904158082
4B,4.629748033807201,0.040214026477889034,0.19478039018887225,0.0009436766215465661
4B,2.3848967670045296,0.024312267316232143,0.23268205988481055,0.0013230508562246189
4B,5.012136876344363,0.04940227017347174,0.18109941107799735,0.0009956318538127634
4B,8.878592936957237,0.15438953832596974,0.1114777809276605,0.0010812342630209916
4B,4.094236271323934,0.0764193453347734,0.20959425636341406,0.0021820643282296835
4B,5.841783640399427,0.07963933347071753,0.17560476042207204,0.0013352918377742956
4B,2.955691925566301,0.04654489731635446,0.2280014085489916,0.002002664513326012
4B,6.050492563880866,0.11730144377973993,0.18248581988427842,0.001973329053626472
4B,7.49215065384206,0.13910727115971586,0.14495208730289444,0.0015011550930754682
4B,8.282661201630248,0.18019010372125263,0.13033044752906417,0.0015814835745730663
4B,2.099478808295392,0.018316150142159874,0.24198615221976574,0.001177527272396575
4B,6.53280520039215,0.06245980258197494,0.15967625882275366,0.000851528147993784
4B,2.7299705582723925,0.04469551509215313,0.23591165019730462,0.0021543344819052734
4B,7.648136689489333,0.12590488009322856,0.14202083260413817,0.0013040574901261569
4B,5.757741247522747,0.061050735126282674,0.17684945852830244,0.0010459242909385386
4B,3.2321533604863117,0.047172264297326905,0.2256688064368816,0.0018370630281440924
4B,2.2954805941507135,0.047335843868628893,0.2422050073583096,0.00278584774136002
4B,1.731042290190157,0.030909859110221746,0.24957159076485894,0.0024856630453310375
4B,2.9071596040695353,0.022879727420495544,0.22738464880781709,0.000998161633975708
4B,5.402712591153484,0.04344271669201732,0.18453526370230988,0.0008276414670497557
4B,7.560074557467062,0.07028043691107692,0.14547925560198421,0.0007543401178376202
4B,3.4191661597691416,0.07187790247331224,0.2175353278830076,0.002550719758179941
4B,7.559517634526824,0.14894426632780464,0.14272103231746708,0.0015684672117032288
4B,4.9614493007247376,0.06739681101120788,0.1970797276819677,0.00149324305769369
4B,4.87960890269568,0.09129995191501308,0.19002833945500822,0.0019831778724370163
4B,4.7270321082193485,0.06876403025507573,0.20177082038049005,0.001637151578728023
4B,7.295683057411929,0.08549668134899006,0.16086536787238892,0.001051486293643434
4B,2.685869640121287,0.02086152074793113,0.2288365414210876,0.000991389169772429
4B,4.929158372007462,0.0950780331004819,0.19108117574752131,0.0020558105126573527
4B,6.887988897671292,0.08215228698701409,0.15939164115916243,0.00106035313035266
4B,5.4027183278159585,0.09507423546968523,0.17248706667057573,0.0016930306217712895
4B,6.54346529264879,0.1184055314602323,0.16285162405215647,0.0016436677845177283
4B,5.841378099184985,0.12380168333646553,0.18149402787448368,0.002145513896179703
4B,5.669416498412031,0.06787303756877756,0.17505032222090924,0.0011689060277273837
4B,2.2039666910507307,0.03413369641039605,0.24093381176262155,0.0020812957976936585
4B,5.928259032309704,0.06944760284692891,0.16528320058076854,0.0010799821137283203
4B,9.020026625649093,0.08677330011456912,0.12032859587231141,0.0006456615211470607
4B,4.379336325338282,0.09675980048414437,0.20993493857794965,0.002587194909119804
4B,6.473408412844242,0.04941283986331251,0.1654899839201473,0.0007045896855484741
4B,6.966509230780492,0.0991412357215799,0.15341054298761608,0.0012177330099119935
4B,6.797771682762016,0.11732631765286289,0.16632491472957306,0.001601193936910923
4B,4.583705004820642,0.09685043482547455,0.207495067245338,0.002445403068230538
4B,5.300532756634913,0.04160037438930183,0.17898989786441716,0.0007835450973690433
4B,2.2128107225009654,0.0319452612235515,0.240289000550389,0.0019348790779938837
4B,3.80107482809923,0.03483303827101135,0.21569842984476545,0.0011025281388019233
4B,2.2147653724591123,0.04716254511312068,0.18125816106539877,0.0021529048663107985
4B,2.766321392665473,0.028842236665670623,0.1374502606901952,0.0007993364726523359
4B,2.4621733360402462,0.026452542641915166,0.15887409033713643,0.0009520497365749178
4B,2.109834212051654,0.04172779648715887,0.19397025569457724,0.0021397844172072653
4B,2.5719943925848323,0.023819891615388222,0.16206814747674972,0.0008371922367932697
4B,2.2394815434509034,0.036949850260016806,0.19213429168376184,0.0017681855608713886
4B,2.287835403428006,0.035010588472235205,0.17622673200547662,0.0015041951462010682
4B,2.306666401871992,0.03283861874837497,0.18390682445489623,0.0014603457736618716
4B,2.2617481670381485,0.045841834751831824,0.1725061225674259,0.0019502038920850395
4B,2.478380704243374,0.05421994908024412,0.16702755399096902,0.0020381538722854526
4B,2.0338872910562533,0.037652989986799994,0.19656561786674137,0.00202972828116558
4B,2.24068356718851,0.03781997162832689,0.1883064043588453,0.0017728154229579953
4B,2.102863567716051,0.03708943529862249,0.18817092648216086,0.0018511832344086706
4B,1.777563121378361,0.016340435903606773,0.231746378329842,0.001188254104269685
4B,2.1297938239967524,0.045186541361487795,0.19983377893288948,0.0023648205999603077
4B,2.2775265644952323,0.0466606872738127,0.18578149395546195,0.0021229897238421876
4B,2.556452721709299,0.02395168032149127,0.1478817067564166,0.0007728059130850372
4B,1.9164173065915409,0.018977633556785292,0.21165869719407773,0.0011690843635415774
4B,2.838593677844817,0.02283036517740071,0.13014485226731454,0.0005838407215299535
4B,2.2396973391257116,0.04989079944377692,0.18380745128152623,0.0022837681035584576
4B,2.3628285505716597,0.026414663743893934,0.17527171367063235,0.0010929051450011369
4B,2.0651849764044248,0.02640171391090055,0.20213382553272516,0.0014413515520054062
4B,2.122000666591724,0.040585483785866495,0.20078148793346381,0.0021419367413440167
4B,2.6929589191302137,0.05692936789419901,0.14759673779436333,0.001740368255388767
4B,2.082501519539101,0.03032680823486952,0.20389011652590092,0.0016561333896518305
4B,2.174407279178422,0.039299921321005314,0.184822752581565,0.001863219336004662
4B,2.6938058497755017,0.036041120304530716,0.14640796384711735,0.0010925830335936986
4B,2.266095435632291,0.02212140326375151,0.1771371555819638,0.0009644992724189475
4B,2.6105352820076653,0.022100209714361444,0.16264432669975787,0.0007680040452847558
4B,2.665101958393132,0.054209493946902054,0.14957052629051296,0.0016969353913943385
4B,2.2616603190310824,0.04369722676946639,0.17482150988955927,0.0018839923060682596
4B,2.215569742357953,0.044659405234967926,0.18539787219746268,0.002084442962814556
4B,2.4686556378181055,0.04727461557506564,0.1566153551948562,0.0016728599888888023
4B,2.416224488192801,0.04073263905409803,0.1584875476714114,0.0014902467167407383
4B,2.4340702116771724,0.04878334611658301,0.16305730892943038,0.0018227894901698184
4B,2.022828106087779,0.03636240645223516,0.19945889523417454,0.0019998840092774126
4B,2.1459250669694994,0.02508539558852804,0.18814700013711363,0.00122676523576549
4B,2.318374744030519,0.04180575624333791,0.17169790848734667,0.001726931903666374
4B,2.7624878052645707,0.04960840674729732,0.14580282870798597,0.0014604228534063422
4B,1.9844688689081416,0.029121814310725448,0.20293389597677408,0.001661064482525946
4B,2.3996202024834234,0.040655550602172456,0.1664292498310962,0.0015727683252110313
4B,2.3346569701542528,0.042091371360872556,0.17158695409856048,0.001725488314768659
4B,2.549681823914797,0.03448392958883743,0.14757112541305642,0.0011132428435089217
4B,2.663801532405137,0.042698515008337275,0.14382373141946864,0.0012858763824811397
4B,2.7745093103801666,0.052934534089998216,0.14282156580756739,0.0015198630593054696
4B,2.4457423654714714,0.039000015274028306,0.15763512685563288,0.0014020542949396294
4B,2.422090962385446,0.047268087662964996,0.16490649182013462,0.0017950357266614107
4B,2.5807844084500493,0.042071725181287274,0.15502427789958306,0.0014096005894357092
4B,2.0708698108055854,0.03635509898396615,0.1958440882483573,0.0019177004133196886
4B,2.5412222878718067,0.05551564294204082,0.15347868824308122,0.0018701591129592291
4B,2.5440124035266325,0.04084686603519022,0.15428685605494424,0.0013817396079704007
4B,1.996822678950682,0.02247283927321147,0.19962688001597476,0.0012531273978488475
4B,1.9445071865716133,0.017086353959104985,0.20135594308946494,0.000986874801019777
4B,2.469593303318265,0.03858064216885141,0.1597799600336819,0.001392271978621147
4B,2.058013496940429,0.029086325776051705,0.20021779430419814,0.001578341875303151
4B,2.400723407049244,0.03691387693711835,0.16146068470727898,0.0013847522644253373
4B,2.7512348665234136,0.03787318778051507,0.13626159397662405,0.0010462498781042546
4B,2.643961076602003,0.024587078376124654,0.14415145546412647,0.000747702204237965
4B,2.8085790023063604,0.05158197770971034,0.13491214672730575,0.0013820385544512299
4B,2.6544278878450616,0.03551759495820706,0.1492135381407755,0.0011136240672234756
4C,1.562141878677116,0.02255396624264063,0.2508764132543591,0.00198391431042206
4C,1.5563223204360737,0.01599956380749766,0.2523717778153851,0.0014210521339882024
4C,1.5312332548237897,0.01326669889418881,0.2590422341972819,0.0012292854023604703
4C,1.5468750435858687,0.018484002200883056,0.254840247651127,0.0016678977565398483
4C,1.5544892139828466,0.011416453289211835,0.2528467554894005,0.0010170949631726986
4C,1.5646466799018026,0.014673003690384111,0.2502386062656097,0.0012853389957488115
4C,1.5558642421806892,0.017041797326886585,0.2524902922765912,0.0015147780690830915
4C,1.5475578421922798,0.010336886792486667,0.2546601158327125,0.00093167497256035
4C,1.5496705346359556,0.022465973967746414,0.2541044709413811,0.0020177102939937307
4C,1.5725637156148753,0.020202965392018938,0.24824529843895776,0.0017468214996210032
4C,1.5703228503975195,0.011380717632847074,0.2488060299690948,0.0009876480867476918
4C,1.5699594139629443,0.02275290311545958,0.24889722883686413,0.0019757367627212825
4C,1.5518831740288483,0.020004157954992996,0.2535253013341945,0.001789959421717537
4C,1.5698522473293486,0.011482478934464663,0.24892413436816724,0.0009972510705759047
4C,1.565013372624913,0.01791629895689095,0.25014552497678194,0.0015684967134471494
4C,1.5576394736031234,0.016685731197316967,0.25203166340594463,0.0014787475277392536
4C,1.545936757277399,0.017166752284698425,0.2550882235155059,0.0015514845444759102
4C,1.5514342103677412,0.018991169519384107,0.2536425922585263,0.0017005960151021018
4C,1.5587212803352548,0.021740630878114547,0.2517530512706474,0.001923264645087589
4C,1.5487979768709816,0.021117723094527797,0.25433364320762647,0.0018994014183603867
4C,1.5996856569734816,0.014855432918708389,0.2416679284945638,0.0012292219549500526
4C,1.619495159525263,0.01133980718528065,0.2370968446929044,0.0009093109430453715
4C,1.6323046374550805,0.022031539147563978,0.2342398120065526,0.0017316693183736826
4C,1.629034271733004,0.010801287865087182,0.2349620666216111,0.0008533038404194841
4C,1.629118402202961,0.015079648470515272,0.23494342551239725,0.0011911391306442505
4C,1.6271670815495718,0.023287517731831804,0.23537662080739702,0.001845079144358169
4C,1.6232950700216187,0.013976191306620145,0.23624139952060705,0.0011140585116657324
4C,1.6172901368987027,0.012355647289798984,0.23759634871526808,0.000994209603567988
4C,1.6336541199647787,0.009410690056446163,0.2339431946693146,0.0007381292257497238
4C,1.632107206817495,0.023923255910269673,0.23428327646267968,0.0018809338398773072
4C,1.6818631832425925,0.023054348226259284,0.22386248425390767,0.0016807539137726174
4C,1.6934192297177144,0.024836505405112418,0.22158691535559402,0.0017800440138896238
4C,1.6968368322554002,0.01755161368192694,0.22092377621290438,0.0012516417872418437
4C,1.6904852983256322,0.010299573348913524,0.22215976018533745,0.0007413680434623489
4C,1.6743361139461022,0.020101174380623935,0.22537288008552755,0.0014819756520119609
4C,1.6803865464013694,0.015224798843254894,0.22415701420541548,0.0011123855224323257
4C,1.6811578395599966,0.008872883704294102,0.22400306469559905,0.000647546390197843
4C,1.6703853095962558,0.01319446889100586,0.22617474718742528,0.0009785431756815178
4C,1.6846819252603773,0.00851587164396802,0.223302640431081,0.0006182522082618167
4C,1.669244331887637,0.022755261852410176,0.22640750177620458,0.0016904929628799577
4C,2.329621255745742,0.01950031879720499,0.2221863578831444,0.0010373648830363767
4C,5.780756254551413,0.062456575518525785,0.17391579489610767,0.0010480700184724318
4C,2.1262450649338,0.020000726104050633,0.23665487572752458,0.0012416684936867746
4C,7.333365647029234,0.09946576390792598,0.13899531727726042,0.001051545847686705
4C,8.136224998470063,0.07154584363615281,0.1355758235206925,0.0006649691095977728
4C,8.025880497416331,0.10488708566723444,0.1251709926008999,0.0009124115761221125
4C,6.19274136980132,0.13375205001219853,0.17814226154313792,0.0021460618130631714
4C,3.872592260726181,0.06330266556262268,0.20017630291938432,0.001825116744215411
4C,1.787760384041639,0.023698946197846352,0.24915753386155787,0.0018422624929979323
4C,5.9739895011318485,0.12493696221514183,0.17916328327136863,0.002089937316629671
4C,7.965169353012608,0.06215035483505209,0.12345801696903537,0.0005373109066990909
4C,6.179896737523005,0.12815781075051585,0.18518669544367297,0.002142058881204521
4C,1.9182419924202034,0.021582563359773235,0.24029110162715916,0.001507978258299173
4C,6.549146926544274,0.12001025805576893,0.14585471995860796,0.0014907742568241592
4C,5.746326989539026,0.10285929918925164,0.1720304663797198,0.0017175775432202631
4C,7.780942873203366,0.11868986442533211,0.11415822288463913,0.0009712842968403214
4C,6.464731837084991,0.07144810784312164,0.16199760490095946,0.000998634514219278
4C,2.531702485642509,0.019658032109885135,0.21523680018374577,0.0009321840335409836
4C,3.7936702695006375,0.06762734705478929,0.22769791905114622,0.002264016524497863
4C,7.146074601774527,0.10084183624869424,0.1364806655007687,0.001074241910558356
4C,7.443692262948298,0.16379119516914797,0.15176731911036995,0.00186267963022513
4C,2.937096359213825,0.058144025968491705,0.22698506360345647,0.0025063513134908643
4C,8.52254775263494,0.18019068322821993,0.1335480467101152,0.0015749188825120953
4C,5.388219332668655,0.09778815343754065,0.19092815651701575,0.0019327190163045827
4C,7.016347486454617,0.14213790979381183,0.16134623812301335,0.001823120775794135
4C,8.943336461225014,0.09525580939330978,0.12189815376449961,0.0007241804404253364
4C,5.799005997644277,0.06559411489522574,0.18072062738118083,0.0011401888897827712
4C,6.878068193997442,0.11958898198390883,0.1746705524333013,0.0016939560810827867
4C,6.2578110313362965,0.05255977192907663,0.1677530080946479,0.0007858851908075698
4C,8.621333830127103,0.08614913374566567,0.12148122369836997,0.0006770852794408041
4C,8.61963401827361,0.11089304836888782,0.11377047042682947,0.0008163996510203585
4C,7.879403286040126,0.07359081149561152,0.1542985954961548,0.0008038036919125928
4C,6.52024740251082,0.12457856731809788,0.13951301298708407,0.0014867972059293174
4C,1.9029269296878946,0.0398947358826325,0.24754651553184265,0.002894729990408869
4C,5.729301952038922,0.12211696889144244,0.18694034413228097,0.0022224658850003355
4C,3.307678229689724,0.059962044224989276,0.24975538668234076,0.002525374554772215
4C,5.765936216626445,0.09807891900838389,0.19072747837593695,0.0018095761539253805
4C,8.361782824586426,0.11449853802662528,0.1130355137498566,0.0008633238349074847
4C,2.424922950434815,0.01966922334226294,0.2471452823236051,0.0011181481602896568
4C,2.3290037810477386,0.03523350024233658,0.24814622862850158,0.002093876372922265
4C,2.174148453926871,0.025808659430885457,0.2408719864435464,0.0015948517046153103
4C,3.7709209864698625,0.04125420854078868,0.20947695837550995,0.0012782471917867169
4C,7.561759675169611,0.08405705420298502,0.1524192471818734,0.0009450371223711463
4C,6.405784929839775,0.09478684198746527,0.15680911257339594,0.0012942100224143042
4C,6.764162478984477,0.08477563834429272,0.17096044875854677,0.001195117064896675
4C,5.0873473993230265,0.03892377403922748,0.1894142218136073,0.0008083396695513022
4C,4.469848999403512,0.03983041828354741,0.21033511098349592,0.0010454217976171715
4C,9.064657171668308,0.182261658595624,0.12643885037366948,0.0014180196003930451
4C,6.205962099090702,0.07771695866639756,0.18608496693838578,0.0012997975931771956
4C,3.8316406118340223,0.054413915840657315,0.222774658077834,0.001764610095639368
4C,3.952069768839265,0.07180344210000883,0.19040926973378536,0.0019295965293602876
4C,3.141742546194566,0.06971586964634327,0.2263425856429866,0.0028014642810163777
4C,2.9656143297488415,0.029434760995664805,0.2247489109686795,0.0012442315203902263
4C,8.722482685212238,0.1602858250561741,0.12573261690765072,0.0012887263745837304
4C,2.902121665747019,0.027390549230443175,0.2108289181092992,0.0011098724377829917
4C,8.6368921428421,0.1621151622868618,0.11254966368778221,0.001178333166091971
4C,7.119740412113631,0.10923013162269266,0.13764020950423517,0.0011778266686746407
4C,5.678956153617014,0.08273804820148724,0.1634200351228974,0.0013280053251705137
4C,6.441510174150113,0.050560651558378925,0.16441624340382816,0.0007198258636356369
4C,6.8407594939557255,0.09112736651932335,0.15830904612940136,0.0011762726279548506
4C,2.6217772886871256,0.0224291916222576,0.14757458607999743,0.0007041856310275204
4C,2.423894684446539,0.0220198885747365,0.1543164971306292,0.0007819365040393249
4C,2.3697779136607386,0.0442758782152903,0.17072623236348816,0.001779170438123642
4C,2.402996759507932,0.026149445735748327,0.1665611359592467,0.0010109757487709924
4C,1.8763572657280483,0.037418513569164744,0.2215085314540507,0.0024638780973254594
4C,1.8951779464971559,0.032236482065040394,0.21494225985482449,0.0020392816867065354
4C,2.8039732987897117,0.030811274138744012,0.13653031350460876,0.0008368018521934137
4C,2.9399309287346544,0.03459797439883313,0.12740622479655295,0.0008362997250677806
4C,2.138535024265327,0.0334457154469617,0.19282060951548854,0.0016820361890543603
4C,2.2702746569596055,0.021341697492209613,0.1744908929988221,0.0009149157096715996
4C,1.906402563390493,0.0252545591118261,0.23106703817903979,0.0017073436212418857
4C,2.8311382228293547,0.030166213565151104,0.13835753131433556,0.000822281072257581
4C,2.632391886037019,0.0324399139872311,0.16262131714552427,0.0011178007220036246
4C,1.875608857378468,0.025800263972559023,0.2190274343890958,0.0016804985860862617
4C,2.54325440380649,0.03247791403288837,0.17546110660058467,0.001249789718950953
4C,2.1266188230781884,0.02062178459538278,0.1997873392735392,0.0010805934147692902
4C,2.4140755072122557,0.05092060585900928,0.17689084271017458,0.0020811616975143677
4C,2.751816302177542,0.05726746876039077,0.14834833893145705,0.0017219835455908655
4C,2.5188814465550444,0.020577270432560333,0.15284355336496014,0.000696441952577033
4C,1.8270610469935287,0.03969970335501548,0.2397426841403247,0.0029056100393041245
4C,2.566566743776845,0.03546669063100979,0.1530119759443377,0.0011793732919864136
4C,2.1568245895717446,0.03895318283207038,0.18065297378779,0.001819830749885044
4C,2.406097819945574,0.047023578084083265,0.17729868733302098,0.0019327054603167212
4C,2.0559605905677074,0.024656429571175097,0.19840474743200043,0.0013271659256521278
4C,2.201752463313194,0.04657236636493127,0.18135327401863524,0.002139651170643824
4C,2.0930224465933898,0.027498784288455994,0.1999713424965326,0.0014654301801570596
4C,2.245523058818096,0.04030210825932352,0.20421165051367945,0.002044318329638011
4C,2.770279718429008,0.05170068069069521,0.13949616612834137,0.0014520871132901942
4C,2.549247059596859,0.04248168851404614,0.1638881110273667,0.0015233337135927298
4C,2.3909210979192728,0.043151673897018086,0.19377110618045282,0.001950649237248599
4C,2.4053784262108344,0.026551625993311415,0.163325573260941,0.0010055870286987075
4C,2.36278933190264,0.03492063569456472,0.162809773789707,0.0013421324396851655
4C,2.56154905361004,0.022174744208858812,0.16104737286132273,0.0007776198666206045
4C,2.0397330879720794,0.02249333467129085,0.20710648374308474,0.0012738900934911783
4C,2.0896547516193094,0.01635561926845732,0.19844025024665354,0.0008663232710801186
4C,2.761159033934434,0.02663884557653617,0.16369260056909982,0.0008808679086090257
4C,2.008124146673339,0.03454018799524625,0.2038126413333114,0.0019553432970140835
4C,2.323122833132626,0.04974120427069554,0.18225044953062564,0.0021765592373885123
4C,2.1026702204329846,0.02553710673422145,0.1892121502731122,0.0012817617574779525
4C,2.0027687437853556,0.01836891229511028,0.1997472037014651,0.001021859307021368
4C,2.7298320173739814,0.03205572906779533,0.14047839679281332,0.0009201042544190064
4C,2.370816864977085,0.032752858209475585,0.1739937878659282,0.0013407342409606797
4C,2.145578762547848,0.017247810370072694,0.1974747567074701,0.0008854394247776718
4C,2.8144039534357566,0.058903601478324734,0.1510577254715819,0.001763421449485284
4C,2.714798174551585,0.02746664239435085,0.14374782028747837,0.000811198340720973
4C,2.255703460479673,0.04077212009259962,0.1787211328235673,0.001801834750102504
4C,2.0738258212624667,0.023492235889493507,0.19587986834986124,0.0012376551115964687
4C,2.0491687928274063,0.017422148760299558,0.19241228954267567,0.0009124615075590147
4C,2.364152056299159,0.019566213737185326,0.18099232535338308,0.0008355054906601468
4C,2.730345941610103,0.02332015123584677,0.13904252521199542,0.0006623981234010008
4C,2.9719227140846094,0.041847275295290816,0.1284354122375167,0.001008723688458999
4C,2.8796001304204406,0.05490872802643363,0.1328422903102137,0.001412873612996201
4C,2.228319537210824,0.04198316568033969,0.18710251963312136,0.001966233593038116
4C,2.485478472254675,0.04782229976159534,0.16361367988522624,0.001755892100659235
4C,1.9725888606828192,0.03412975368613247,0.21136007909458293,0.0020397516890505087
4C,2.511598368278205,0.052596710186347026,0.1713256128821528,0.002001190550955512
4C,2.2957370037234868,0.04117233750879673,0.1744669024807303,0.0017452361546554348
4C,2.414953928421693,0.045976011760560105,0.1704074889688448,0.0018095428983875622
4C,2.4105475914992334,0.024385669008984874,0.16237760905503934,0.0009162265403025095
4C,2.2711929628793435,0.02594056299628845,0.18559055820516118,0.0011823307982015772
