age_ma,run_0,run_1,run_2,run_3,run_4,run_5,run_6,run_7,run_8,run_9,run_10,run_11,run_12,run_13,run_14,run_15,run_16,run_17,run_18,run_19,run_20,run_21,run_22,run_23,run_24,run_25,run_26,run_27,run_28,run_29,run_30,run_31,run_32,run_33,run_34,run_35,run_36,run_37,run_38,run_39,run_40,run_41,run_42,run_43,run_44,run_45,run_46,run_47,run_48,run_49,run_50,run_51,run_52,run_53,run_54,run_55,run_56,run_57,run_58,run_59,run_60,run_61,run_62,run_63,run_64,run_65,run_66,run_67,run_68,run_69,run_70,run_71,run_72,run_73,run_74,run_75,run_76,run_77,run_78,run_79,run_80,run_81,run_82,run_83,run_84,run_85,run_86,run_87,run_88,run_89,run_90,run_91,run_92,run_93,run_94,run_95,run_96,run_97,run_98,run_99,run_100,run_101,run_102,run_103,run_104,run_105,run_106,run_107,run_108,run_109,run_110,run_111,run_112,run_113,run_114,run_115,run_116,run_117,run_118,run_119,run_120,run_121,run_122,run_123,run_124,run_125,run_126,run_127,run_128,run_129,run_130,run_131,run_132,run_133,run_134,run_135,run_136,run_137,run_138,run_139,run_140,run_141,run_142,run_143,run_144,run_145,run_146,run_147,run_148,run_149,run_150,run_151,run_152,run_153,run_154,run_155,run_156,run_157,run_158,run_159,run_160,run_161,run_162,run_163,run_164,run_165,run_166,run_167,run_168,run_169,run_170,run_171,run_172,run_173,run_174,run_175,run_176,run_177,run_178,run_179,run_180,run_181,run_182,run_183,run_184,run_185,run_186,run_187,run_188,run_189,run_190,run_191,run_192,run_193,run_194,run_195,run_196,run_197,run_198,run_199
1.000000,0.54201681,0.48319328,0.50840336,0.48739496,0.48319328,0.54201681,0.49579832,0.55462185,0.49579832,0.53361345,0.48319328,0.48319328,0.54201681,0.48319328,0.48319328,0.43697479,0.50840336,0.48319328,0.43697479,0.48319328,0.54201681,0.57983193,0.54201681,0.50840336,0.49579832,0.48319328,0.43697479,0.48319328,0.49579832,0.48319328,0.44957983,0.48319328,0.48319328,0.48319328,0.49579832,0.48319328,0.43697479,0.49579832,0.48319328,0.48319328,0.48319328,0.48319328,0.49579832,0.48319328,0.48319328,0.48319328,0.48319328,0.49579832,0.49579832,0.50840336,0.54201681,0.48319328,0.48319328,0.54201681,0.50840336,0.50840336,0.43697479,0.48319328,0.54201681,0.47478992,0.43697479,0.48319328,0.49579832,0.42436975,0.43697479,0.54201681,0.48319328,0.50840336,0.48319328,0.48319328,0.48319328,0.48319328,0.48319328,0.43697479,0.49579832,0.48319328,0.54201681,0.48319328,0.54201681,0.55462185,0.48319328,0.54201681,0.43697479,0.44957983,0.54201681,0.43697479,0.48319328,0.48319328,0.48319328,0.50840336,0.48319328,0.48319328,0.48319328,0.48319328,0.50840336,0.48319328,0.54201681,0.48319328,0.55462185,0.48319328,0.48319328,0.43697479,0.48319328,0.49579832,0.54201681,0.43697479,0.43697479,0.48319328,0.48319328,0.48319328,0.49579832,0.43697479,0.49579832,0.48319328,0.48319328,0.48319328,0.47478992,0.47899160,0.50840336,0.48319328,0.43697479,0.48319328,0.50840336,0.48319328,0.48319328,0.55462185,0.48319328,0.54201681,0.49579832,0.49579832,0.48319328,0.43697479,0.48319328,0.48319328,0.48319328,0.48319328,0.54201681,0.54201681,0.54201681,0.49579832,0.48319328,0.48319328,0.48319328,0.43697479,0.48319328,0.54201681,0.50840336,0.43697479,0.48319328,0.49579832,0.48319328,0.48319328,0.48319328,0.48319328,0.48319328,0.48319328,0.48319328,0.46218487,0.48319328,0.54201681,0.43697479,0.50840336,0.48319328,0.48319328,0.48319328,0.48319328,0.48319328,0.43697479,0.54201681,0.48319328,0.55462185,0.54201681,0.48319328,0.43697479,0.55462185,0.48319328,0.48319328,0.54201681,0.48319328,0.54201681,0.50840336,0.48319328,0.49579832,0.48319328,0.48319328,0.48319328,0.54201681,0.49579832,0.48319328,0.43697479,0.54201681,0.48319328,0.43697479,0.43697479,0.48319328,0.50840336,0.48319328,0.48319328,0.48319328,0.48319328
11.060403,0.54201681,0.48319328,0.50840336,0.48739496,0.48319328,0.54201681,0.49579832,0.55462185,0.49579832,0.54201681,0.48319328,0.48319328,0.54201681,0.48319328,0.48319328,0.43697479,0.50840336,0.48319328,0.43697479,0.48319328,0.54201681,0.57983193,0.54201681,0.50840336,0.49579832,0.48319328,0.43697479,0.48319328,0.49579832,0.48319328,0.44957983,0.48319328,0.48319328,0.48319328,0.49579832,0.48319328,0.43697479,0.49579832,0.48319328,0.48319328,0.48319328,0.48319328,0.49579832,0.48319328,0.48319328,0.48319328,0.48319328,0.49579832,0.49579832,0.50840336,0.54201681,0.48319328,0.48319328,0.54201681,0.50840336,0.50840336,0.43697479,0.48319328,0.54201681,0.47478992,0.43697479,0.48319328,0.49579832,0.42436975,0.43697479,0.54201681,0.48319328,0.50840336,0.48319328,0.48319328,0.48319328,0.48319328,0.48319328,0.43697479,0.49579832,0.48319328,0.54201681,0.48319328,0.54201681,0.55462185,0.48319328,0.54201681,0.43697479,0.44957983,0.54201681,0.43697479,0.48319328,0.48319328,0.48319328,0.50840336,0.48319328,0.48319328,0.48319328,0.48319328,0.50840336,0.48319328,0.54201681,0.48319328,0.55462185,0.48319328,0.48319328,0.43697479,0.48319328,0.49579832,0.54201681,0.43697479,0.43697479,0.48319328,0.48319328,0.48319328,0.49579832,0.43697479,0.49579832,0.48319328,0.48319328,0.48319328,0.47478992,0.47899160,0.50840336,0.48319328,0.43697479,0.48319328,0.50840336,0.48319328,0.48319328,0.55462185,0.48319328,0.54201681,0.49579832,0.49579832,0.48319328,0.43697479,0.48319328,0.48319328,0.48319328,0.48319328,0.54201681,0.54201681,0.54201681,0.49579832,0.48319328,0.48319328,0.48319328,0.43697479,0.48319328,0.54201681,0.50840336,0.43697479,0.48319328,0.49579832,0.48319328,0.48319328,0.48319328,0.48319328,0.54201681,0.48319328,0.48319328,0.46218487,0.48319328,0.54201681,0.43697479,0.50840336,0.48319328,0.48319328,0.48319328,0.48319328,0.48319328,0.43697479,0.54201681,0.48319328,0.55462185,0.54201681,0.49579832,0.43697479,0.55462185,0.48319328,0.48319328,0.54201681,0.48319328,0.54201681,0.50840336,0.54201681,0.49579832,0.48319328,0.48319328,0.48319328,0.54201681,0.49579832,0.48319328,0.43697479,0.54201681,0.48319328,0.43697479,0.43697479,0.48319328,0.50840336,0.48319328,0.48319328,0.48319328,0.48319328
21.120805,0.54201681,0.48319328,0.50840336,0.48739496,0.48319328,0.54201681,0.49579832,0.55462185,0.49579832,0.54201681,0.48319328,0.48319328,0.54201681,0.48319328,0.48319328,0.43697479,0.50840336,0.48319328,0.43697479,0.48319328,0.54201681,0.57983193,0.54201681,0.50840336,0.49579832,0.48319328,0.43697479,0.48319328,0.49579832,0.48319328,0.44957983,0.48319328,0.48319328,0.48319328,0.49579832,0.48319328,0.43697479,0.49579832,0.48319328,0.48319328,0.48319328,0.48319328,0.49579832,0.48319328,0.48319328,0.48319328,0.48319328,0.49579832,0.49579832,0.50840336,0.54201681,0.48319328,0.48319328,0.54201681,0.50840336,0.50840336,0.43697479,0.48319328,0.54201681,0.47478992,0.43697479,0.48319328,0.49579832,0.42436975,0.43697479,0.54201681,0.48319328,0.50840336,0.48319328,0.48319328,0.48319328,0.48319328,0.48319328,0.48319328,0.49579832,0.48319328,0.54201681,0.48319328,0.54201681,0.55462185,0.48319328,0.54201681,0.43697479,0.44957983,0.54201681,0.43697479,0.48319328,0.48319328,0.48319328,0.50840336,0.48319328,0.48319328,0.48319328,0.48319328,0.50840336,0.48319328,0.54201681,0.48319328,0.55462185,0.48319328,0.48319328,0.43697479,0.48319328,0.49579832,0.54201681,0.43697479,0.43697479,0.48319328,0.48319328,0.48319328,0.49579832,0.43697479,0.49579832,0.48319328,0.48319328,0.48319328,0.47478992,0.47899160,0.50840336,0.48319328,0.43697479,0.48319328,0.50840336,0.48319328,0.48319328,0.55462185,0.48319328,0.54201681,0.49579832,0.49579832,0.48319328,0.43697479,0.48319328,0.48319328,0.48319328,0.48319328,0.54201681,0.54201681,0.54201681,0.49579832,0.48319328,0.48319328,0.48319328,0.43697479,0.48319328,0.54201681,0.50840336,0.49579832,0.48319328,0.49579832,0.48319328,0.48319328,0.48319328,0.48319328,0.54201681,0.48319328,0.48319328,0.46218487,0.48319328,0.54201681,0.43697479,0.50840336,0.48319328,0.48319328,0.48319328,0.48319328,0.48319328,0.43697479,0.54201681,0.48319328,0.55462185,0.54201681,0.49579832,0.43697479,0.55462185,0.48319328,0.48319328,0.54201681,0.48319328,0.54201681,0.50840336,0.54201681,0.49579832,0.48319328,0.48319328,0.48319328,0.54201681,0.49579832,0.48319328,0.43697479,0.54201681,0.48319328,0.43697479,0.43697479,0.48319328,0.50840336,0.48319328,0.48319328,0.48319328,0.48319328
31.181208,0.54201681,0.48319328,0.50840336,0.48739496,0.48319328,0.54201681,0.49579832,0.55462185,0.49579832,0.54201681,0.48319328,0.48319328,0.54201681,0.48319328,0.48319328,0.43697479,0.50840336,0.48319328,0.43697479,0.48319328,0.54201681,0.57983193,0.54201681,0.50840336,0.49579832,0.48319328,0.43697479,0.48319328,0.49579832,0.48319328,0.44957983,0.48319328,0.48319328,0.48319328,0.49579832,0.54201681,0.43697479,0.49579832,0.48319328,0.48319328,0.48319328,0.48319328,0.49579832,0.48319328,0.48319328,0.48319328,0.48319328,0.49579832,0.49579832,0.50840336,0.54201681,0.48319328,0.48319328,0.54201681,0.50840336,0.50840336,0.43697479,0.48319328,0.54201681,0.47478992,0.43697479,0.48319328,0.49579832,0.42436975,0.43697479,0.54201681,0.48319328,0.50840336,0.48319328,0.48319328,0.48319328,0.49579832,0.48319328,0.48319328,0.49579832,0.48319328,0.54201681,0.48319328,0.54201681,0.55462185,0.48319328,0.54201681,0.43697479,0.44957983,0.54201681,0.43697479,0.48319328,0.48319328,0.48319328,0.50840336,0.48319328,0.48319328,0.48319328,0.48319328,0.50840336,0.48319328,0.54201681,0.48319328,0.55462185,0.48319328,0.48319328,0.43697479,0.48319328,0.49579832,0.54201681,0.43697479,0.43697479,0.48319328,0.48319328,0.48319328,0.49579832,0.43697479,0.49579832,0.48319328,0.48319328,0.48319328,0.47478992,0.47899160,0.50840336,0.48319328,0.43697479,0.48319328,0.50840336,0.48319328,0.48319328,0.55462185,0.48319328,0.54201681,0.49579832,0.54201681,0.48319328,0.43697479,0.48319328,0.48319328,0.48319328,0.48319328,0.54201681,0.54201681,0.54201681,0.49579832,0.48319328,0.48319328,0.48319328,0.43697479,0.48319328,0.54201681,0.50840336,0.49579832,0.48319328,0.49579832,0.48319328,0.48319328,0.48319328,0.48319328,0.54201681,0.48319328,0.48319328,0.46218487,0.48319328,0.54201681,0.43697479,0.50840336,0.48319328,0.48319328,0.48319328,0.48319328,0.48319328,0.43697479,0.54201681,0.48319328,0.55462185,0.54201681,0.49579832,0.43697479,0.57983193,0.48319328,0.48319328,0.54201681,0.48319328,0.54201681,0.50840336,0.54201681,0.49579832,0.48319328,0.48319328,0.48319328,0.54201681,0.49579832,0.48319328,0.43697479,0.54201681,0.48319328,0.43697479,0.43697479,0.48319328,0.50840336,0.48319328,0.48319328,0.48319328,0.48319328
41.241611,0.54201681,0.48319328,0.50840336,0.48739496,0.48319328,0.54201681,0.49579832,0.55462185,0.49579832,0.54201681,0.48319328,0.48319328,0.54201681,0.48319328,0.48319328,0.43697479,0.54201681,0.48319328,0.43697479,0.55462185,0.54201681,0.57983193,0.54201681,0.50840336,0.49579832,0.48319328,0.43697479,0.48319328,0.49579832,0.48319328,0.44957983,0.48319328,0.48319328,0.48319328,0.49579832,0.54201681,0.43697479,0.49579832,0.48319328,0.48319328,0.48319328,0.48319328,0.49579832,0.48319328,0.48319328,0.48319328,0.48319328,0.49579832,0.49579832,0.50840336,0.54201681,0.48319328,0.48319328,0.54201681,0.50840336,0.50840336,0.43697479,0.48319328,0.54201681,0.47478992,0.43697479,0.48319328,0.49579832,0.42436975,0.43697479,0.54201681,0.48319328,0.50840336,0.48319328,0.48319328,0.48319328,0.49579832,0.54201681,0.48319328,0.49579832,0.48319328,0.54201681,0.48319328,0.54201681,0.55462185,0.48319328,0.54201681,0.43697479,0.44957983,0.54201681,0.43697479,0.48319328,0.48319328,0.48319328,0.50840336,0.48319328,0.48319328,0.48319328,0.48319328,0.50840336,0.48319328,0.54201681,0.48319328,0.57983193,0.48319328,0.48319328,0.48319328,0.50840336,0.49579832,0.54201681,0.43697479,0.43697479,0.48319328,0.48319328,0.48319328,0.49579832,0.43697479,0.49579832,0.48319328,0.48319328,0.48319328,0.47478992,0.47899160,0.50840336,0.48319328,0.43697479,0.48319328,0.50840336,0.48319328,0.48319328,0.55462185,0.48319328,0.54201681,0.49579832,0.54201681,0.48319328,0.43697479,0.48319328,0.48319328,0.48319328,0.48319328,0.54201681,0.54201681,0.54201681,0.49579832,0.48319328,0.54201681,0.48319328,0.43697479,0.48319328,0.54201681,0.50840336,0.49579832,0.48319328,0.49579832,0.48319328,0.48319328,0.48319328,0.48319328,0.54201681,0.48319328,0.49579832,0.46218487,0.48319328,0.54201681,0.43697479,0.50840336,0.48319328,0.48319328,0.48319328,0.48319328,0.48319328,0.43697479,0.54201681,0.48319328,0.55462185,0.54201681,0.49579832,0.43697479,0.57983193,0.48319328,0.48319328,0.54201681,0.48319328,0.54201681,0.50840336,0.54201681,0.49579832,0.48319328,0.54201681,0.50840336,0.54201681,0.49579832,0.48319328,0.43697479,0.54201681,0.48319328,0.43697479,0.43697479,0.48319328,0.50840336,0.48319328,0.48319328,0.48319328,0.48319328
51.302013,0.54201681,0.48319328,0.50840336,0.48739496,0.48319328,0.54201681,0.49579832,0.55462185,0.49579832,0.54201681,0.48319328,0.48319328,0.54201681,0.48319328,0.48319328,0.43697479,0.54201681,0.48319328,0.43697479,0.55462185,0.54201681,0.57983193,0.54201681,0.50840336,0.49579832,0.48319328,0.43697479,0.48319328,0.49579832,0.48319328,0.44957983,0.48319328,0.48319328,0.48319328,0.49579832,0.54201681,0.43697479,0.49579832,0.48319328,0.48319328,0.49579832,0.48319328,0.49579832,0.48319328,0.48319328,0.48319328,0.48319328,0.49579832,0.49579832,0.50840336,0.54201681,0.48319328,0.48319328,0.54201681,0.50840336,0.50840336,0.43697479,0.48319328,0.54201681,0.47478992,0.43697479,0.48319328,0.49579832,0.42436975,0.43697479,0.54201681,0.48319328,0.50840336,0.48319328,0.48319328,0.48319328,0.49579832,0.54201681,0.48319328,0.49579832,0.48319328,0.54201681,0.48319328,0.54201681,0.55462185,0.48319328,0.54201681,0.43697479,0.44957983,0.54201681,0.43697479,0.48319328,0.48319328,0.48319328,0.50840336,0.48319328,0.48319328,0.48319328,0.48319328,0.50840336,0.48319328,0.54201681,0.48319328,0.57983193,0.49579832,0.48319328,0.48319328,0.50840336,0.49579832,0.54201681,0.43697479,0.43697479,0.48319328,0.48319328,0.48319328,0.49579832,0.43697479,0.49579832,0.54201681,0.48319328,0.48319328,0.47478992,0.47899160,0.50840336,0.48319328,0.43697479,0.48319328,0.50840336,0.48319328,0.48319328,0.55462185,0.48319328,0.54201681,0.49579832,0.54201681,0.48319328,0.43697479,0.48319328,0.48319328,0.48319328,0.48319328,0.54201681,0.54201681,0.54201681,0.49579832,0.48319328,0.54201681,0.48319328,0.43697479,0.48319328,0.56722689,0.50840336,0.49579832,0.48319328,0.49579832,0.48319328,0.48319328,0.48319328,0.48319328,0.54201681,0.48319328,0.49579832,0.46218487,0.48319328,0.54201681,0.43697479,0.50840336,0.48319328,0.48319328,0.48319328,0.48319328,0.48319328,0.43697479,0.54201681,0.48319328,0.55462185,0.54201681,0.49579832,0.43697479,0.57983193,0.48319328,0.54201681,0.54201681,0.48319328,0.54201681,0.50840336,0.54201681,0.49579832,0.48319328,0.54201681,0.50840336,0.54201681,0.54201681,0.48319328,0.43697479,0.54201681,0.48319328,0.43697479,0.43697479,0.48319328,0.50840336,0.48319328,0.48319328,0.48319328,0.48319328
61.362416,0.54201681,0.48319328,0.54201681,0.48739496,0.48319328,0.54201681,0.49579832,0.60084034,0.49579832,0.54201681,0.48319328,0.48319328,0.54201681,0.48319328,0.48319328,0.43697479,0.54201681,0.48319328,0.43697479,0.55462185,0.54201681,0.57983193,0.54201681,0.50840336,0.49579832,0.48319328,0.43697479,0.48319328,0.49579832,0.48319328,0.44957983,0.48319328,0.48319328,0.48319328,0.49579832,0.54201681,0.43697479,0.49579832,0.48319328,0.48319328,0.49579832,0.48319328,0.49579832,0.48319328,0.50840336,0.48319328,0.48319328,0.49579832,0.49579832,0.55462185,0.54201681,0.48319328,0.48319328,0.54201681,0.50840336,0.50840336,0.43697479,0.48319328,0.54201681,0.47478992,0.43697479,0.48319328,0.49579832,0.48319328,0.43697479,0.54201681,0.48319328,0.50840336,0.48319328,0.48319328,0.54201681,0.49579832,0.54201681,0.48319328,0.49579832,0.48319328,0.54201681,0.48319328,0.54201681,0.55462185,0.48319328,0.54201681,0.43697479,0.50840336,0.54201681,0.43697479,0.48319328,0.48319328,0.48319328,0.50840336,0.48319328,0.48319328,0.48319328,0.48319328,0.50840336,0.48319328,0.54201681,0.48319328,0.57983193,0.49579832,0.48319328,0.48319328,0.50840336,0.49579832,0.54201681,0.43697479,0.43697479,0.48319328,0.48319328,0.48319328,0.49579832,0.43697479,0.49579832,0.54201681,0.48319328,0.48319328,0.47478992,0.47899160,0.50840336,0.54201681,0.43697479,0.48319328,0.50840336,0.48319328,0.48319328,0.55462185,0.48319328,0.54201681,0.49579832,0.54201681,0.48319328,0.43697479,0.48319328,0.48319328,0.48319328,0.48319328,0.54201681,0.60084034,0.54201681,0.49579832,0.48319328,0.54201681,0.48319328,0.43697479,0.48319328,0.56722689,0.50840336,0.49579832,0.48319328,0.49579832,0.54201681,0.48319328,0.48319328,0.54201681,0.54201681,0.48319328,0.49579832,0.46218487,0.48319328,0.54201681,0.43697479,0.50840336,0.48319328,0.48319328,0.48319328,0.48319328,0.48319328,0.43697479,0.54201681,0.48319328,0.55462185,0.54201681,0.49579832,0.43697479,0.57983193,0.48319328,0.54201681,0.54201681,0.48319328,0.54201681,0.50840336,0.54201681,0.49579832,0.48319328,0.54201681,0.50840336,0.54201681,0.54201681,0.48319328,0.43697479,0.54201681,0.48319328,0.43697479,0.43697479,0.48319328,0.50840336,0.48319328,0.48319328,0.48319328,0.50840336
71.422819,0.54201681,0.48319328,0.54201681,0.48739496,0.48319328,0.54201681,0.49579832,0.60084034,0.49579832,0.54201681,0.48319328,0.48319328,0.54201681,0.48319328,0.48319328,0.43697479,0.54201681,0.48319328,0.43697479,0.55462185,0.54201681,0.57983193,0.54201681,0.50840336,0.49579832,0.48319328,0.43697479,0.48319328,0.53361345,0.48319328,0.44957983,0.48319328,0.48319328,0.48319328,0.49579832,0.54201681,0.43697479,0.49579832,0.48319328,0.48319328,0.49579832,0.48319328,0.54201681,0.48319328,0.50840336,0.48319328,0.48319328,0.49579832,0.49579832,0.55462185,0.54201681,0.48319328,0.48319328,0.54201681,0.50840336,0.50840336,0.43697479,0.48319328,0.54201681,0.47478992,0.43697479,0.48319328,0.49579832,0.48319328,0.43697479,0.54201681,0.48319328,0.50840336,0.48319328,0.48319328,0.54201681,0.49579832,0.54201681,0.48319328,0.49579832,0.48319328,0.54201681,0.48319328,0.54201681,0.55462185,0.48319328,0.54201681,0.43697479,0.50840336,0.54201681,0.43697479,0.48319328,0.48319328,0.48319328,0.50840336,0.48319328,0.54201681,0.48319328,0.49579832,0.50840336,0.48319328,0.54201681,0.48319328,0.57983193,0.49579832,0.48319328,0.49579832,0.50840336,0.49579832,0.54201681,0.43697479,0.43697479,0.48319328,0.48319328,0.48319328,0.49579832,0.43697479,0.49579832,0.54201681,0.48319328,0.48319328,0.47478992,0.47899160,0.50840336,0.54201681,0.43697479,0.48319328,0.50840336,0.48319328,0.48319328,0.55462185,0.48319328,0.54201681,0.49579832,0.54201681,0.48319328,0.43697479,0.48319328,0.48319328,0.48319328,0.48319328,0.54201681,0.60084034,0.54201681,0.49579832,0.48319328,0.54201681,0.48319328,0.43697479,0.48319328,0.56722689,0.50840336,0.49579832,0.48319328,0.49579832,0.54201681,0.48319328,0.48319328,0.54201681,0.54201681,0.48319328,0.49579832,0.46218487,0.48319328,0.54201681,0.43697479,0.50840336,0.48319328,0.48319328,0.48319328,0.48319328,0.48319328,0.43697479,0.54201681,0.48319328,0.55462185,0.54201681,0.49579832,0.43697479,0.57983193,0.48319328,0.54201681,0.54201681,0.48319328,0.54201681,0.50840336,0.54201681,0.49579832,0.48319328,0.54201681,0.50840336,0.54201681,0.54201681,0.48319328,0.49579832,0.54201681,0.54201681,0.43697479,0.43697479,0.48319328,0.50840336,0.48319328,0.48319328,0.48319328,0.50840336
81.483221,0.54201681,0.48319328,0.54201681,0.53781513,0.48319328,0.54201681,0.49579832,0.60084034,0.49579832,0.54201681,0.48319328,0.48319328,0.54201681,0.48319328,0.48319328,0.43697479,0.54201681,0.54201681,0.43697479,0.55462185,0.54201681,0.57983193,0.54201681,0.50840336,0.49579832,0.48319328,0.43697479,0.48319328,0.53361345,0.48319328,0.44957983,0.48319328,0.48319328,0.48319328,0.49579832,0.54201681,0.43697479,0.49579832,0.48319328,0.48319328,0.49579832,0.48319328,0.54201681,0.48319328,0.50840336,0.48319328,0.48319328,0.49579832,0.49579832,0.55462185,0.54201681,0.48319328,0.48319328,0.54201681,0.50840336,0.50840336,0.43697479,0.48319328,0.54201681,0.47478992,0.43697479,0.48319328,0.49579832,0.48319328,0.43697479,0.54201681,0.48319328,0.50840336,0.48319328,0.48319328,0.54201681,0.49579832,0.54201681,0.48319328,0.49579832,0.48319328,0.54201681,0.48319328,0.54201681,0.55462185,0.48319328,0.54201681,0.43697479,0.50840336,0.54201681,0.43697479,0.48319328,0.48319328,0.48319328,0.50840336,0.48319328,0.54201681,0.48319328,0.49579832,0.50840336,0.48319328,0.54201681,0.48319328,0.57983193,0.49579832,0.48319328,0.49579832,0.50840336,0.49579832,0.54201681,0.43697479,0.43697479,0.48319328,0.48319328,0.48319328,0.49579832,0.43697479,0.49579832,0.54201681,0.48319328,0.48319328,0.47478992,0.47899160,0.50840336,0.54201681,0.43697479,0.48319328,0.50840336,0.48319328,0.48319328,0.55462185,0.48319328,0.54201681,0.49579832,0.54201681,0.48319328,0.43697479,0.48319328,0.48319328,0.48319328,0.48319328,0.54201681,0.60084034,0.54201681,0.49579832,0.48319328,0.54201681,0.48319328,0.43697479,0.48319328,0.56722689,0.50840336,0.49579832,0.54201681,0.49579832,0.54201681,0.48319328,0.48319328,0.54201681,0.54201681,0.48319328,0.49579832,0.46218487,0.48319328,0.54201681,0.43697479,0.50840336,0.48319328,0.48319328,0.48319328,0.48319328,0.48319328,0.43697479,0.54201681,0.48319328,0.55462185,0.54201681,0.49579832,0.48319328,0.57983193,0.48319328,0.54201681,0.54201681,0.48319328,0.54201681,0.50840336,0.54201681,0.49579832,0.48319328,0.54201681,0.50840336,0.54201681,0.54201681,0.48319328,0.49579832,0.54201681,0.54201681,0.43697479,0.43697479,0.48319328,0.50840336,0.48319328,0.48319328,0.48319328,0.50840336
91.543624,0.54201681,0.48319328,0.54201681,0.53781513,0.48319328,0.54201681,0.49579832,0.60084034,0.49579832,0.54201681,0.48319328,0.48319328,0.54201681,0.48319328,0.48319328,0.43697479,0.54201681,0.54201681,0.43697479,0.55462185,0.54201681,0.57983193,0.54201681,0.54201681,0.49579832,0.48319328,0.43697479,0.48319328,0.53361345,0.48319328,0.44957983,0.48319328,0.48319328,0.48319328,0.49579832,0.54201681,0.43697479,0.49579832,0.48319328,0.48319328,0.49579832,0.48319328,0.54201681,0.48319328,0.50840336,0.48319328,0.48319328,0.49579832,0.49579832,0.55462185,0.54201681,0.48319328,0.48319328,0.54201681,0.50840336,0.50840336,0.43697479,0.48319328,0.54201681,0.47478992,0.43697479,0.48319328,0.49579832,0.48319328,0.43697479,0.54201681,0.48319328,0.50840336,0.48319328,0.48319328,0.54201681,0.49579832,0.54201681,0.48319328,0.49579832,0.48319328,0.54201681,0.48319328,0.54201681,0.55462185,0.48319328,0.54201681,0.43697479,0.50840336,0.54201681,0.43697479,0.48319328,0.48319328,0.48319328,0.50840336,0.48319328,0.54201681,0.48319328,0.49579832,0.50840336,0.48319328,0.54201681,0.48319328,0.57983193,0.49579832,0.48319328,0.49579832,0.50840336,0.49579832,0.54201681,0.43697479,0.43697479,0.48319328,0.50840336,0.48319328,0.49579832,0.43697479,0.49579832,0.54201681,0.48319328,0.48319328,0.47478992,0.47899160,0.50840336,0.54201681,0.43697479,0.48319328,0.50840336,0.48319328,0.48319328,0.55462185,0.48319328,0.54201681,0.49579832,0.54201681,0.48319328,0.43697479,0.48319328,0.48319328,0.48319328,0.48319328,0.54201681,0.60084034,0.54201681,0.49579832,0.48319328,0.54201681,0.48319328,0.43697479,0.48319328,0.57983193,0.50840336,0.49579832,0.54201681,0.49579832,0.54201681,0.49579832,0.48319328,0.54201681,0.54201681,0.48319328,0.49579832,0.46218487,0.48319328,0.54201681,0.43697479,0.50840336,0.48319328,0.48319328,0.48319328,0.48319328,0.48319328,0.43697479,0.54201681,0.48319328,0.55462185,0.54201681,0.49579832,0.48319328,0.57983193,0.48319328,0.54201681,0.54201681,0.48319328,0.54201681,0.50840336,0.54201681,0.49579832,0.48319328,0.54201681,0.50840336,0.54201681,0.54201681,0.48319328,0.49579832,0.54201681,0.54201681,0.43697479,0.43697479,0.48319328,0.50840336,0.48319328,0.48319328,0.48319328,0.54201681
101.604027,0.54201681,0.48319328,0.54201681,0.53781513,0.48319328,0.54201681,0.49579832,0.60084034,0.49579832,0.54201681,0.48319328,0.48319328,0.54201681,0.48319328,0.48319328,0.43697479,0.54201681,0.54201681,0.43697479,0.55462185,0.54201681,0.57983193,0.54201681,0.54201681,0.49579832,0.48319328,0.43697479,0.48319328,0.53361345,0.48319328,0.44957983,0.48319328,0.48319328,0.48319328,0.49579832,0.54201681,0.43697479,0.49579832,0.48319328,0.48319328,0.49579832,0.48319328,0.54201681,0.48319328,0.50840336,0.48319328,0.48319328,0.49579832,0.49579832,0.55462185,0.54201681,0.48319328,0.48319328,0.54201681,0.50840336,0.50840336,0.43697479,0.48319328,0.54201681,0.47478992,0.43697479,0.48319328,0.49579832,0.48319328,0.43697479,0.54201681,0.48319328,0.50840336,0.48319328,0.48319328,0.54201681,0.49579832,0.54201681,0.48319328,0.49579832,0.48319328,0.54201681,0.48319328,0.54201681,0.55462185,0.48319328,0.54201681,0.43697479,0.50840336,0.54201681,0.43697479,0.48319328,0.48319328,0.48319328,0.50840336,0.48319328,0.54201681,0.48319328,0.49579832,0.50840336,0.48319328,0.54201681,0.48319328,0.57983193,0.49579832,0.48319328,0.49579832,0.50840336,0.49579832,0.54201681,0.43697479,0.43697479,0.48319328,0.50840336,0.48319328,0.49579832,0.43697479,0.49579832,0.54201681,0.48319328,0.48319328,0.48319328,0.47899160,0.50840336,0.54201681,0.43697479,0.48319328,0.50840336,0.48319328,0.48319328,0.55462185,0.48319328,0.54201681,0.49579832,0.54201681,0.48319328,0.43697479,0.48319328,0.48319328,0.48319328,0.48319328,0.54201681,0.60084034,0.54201681,0.49579832,0.48319328,0.54201681,0.48319328,0.43697479,0.48319328,0.57983193,0.50840336,0.49579832,0.54201681,0.49579832,0.54201681,0.49579832,0.48319328,0.54201681,0.54201681,0.48319328,0.49579832,0.46218487,0.48319328,0.54201681,0.43697479,0.50840336,0.48319328,0.48319328,0.48319328,0.48319328,0.48319328,0.43697479,0.54201681,0.48319328,0.55462185,0.54201681,0.49579832,0.48319328,0.60084034,0.48319328,0.54201681,0.54201681,0.48319328,0.54201681,0.50840336,0.54201681,0.50840336,0.48319328,0.54201681,0.50840336,0.54201681,0.54201681,0.48319328,0.49579832,0.54201681,0.54201681,0.43697479,0.43697479,0.54201681,0.50840336,0.48319328,0.48319328,0.48319328,0.54201681
111.664430,0.54201681,0.48319328,0.54201681,0.53781513,0.48319328,0.54201681,0.49579832,0.60084034,0.49579832,0.54201681,0.48319328,0.48319328,0.54201681,0.48319328,0.48319328,0.43697479,0.54201681,0.54201681,0.43697479,0.55462185,0.54201681,0.57983193,0.54201681,0.54201681,0.49579832,0.48319328,0.43697479,0.48319328,0.53361345,0.48319328,0.44957983,0.48319328,0.52100840,0.48319328,0.49579832,0.54201681,0.43697479,0.49579832,0.54201681,0.48319328,0.49579832,0.48319328,0.54201681,0.48319328,0.50840336,0.48319328,0.48319328,0.49579832,0.49579832,0.56722689,0.54201681,0.48319328,0.48319328,0.54201681,0.50840336,0.50840336,0.43697479,0.48319328,0.54201681,0.47478992,0.48319328,0.48319328,0.49579832,0.48319328,0.43697479,0.54201681,0.48319328,0.50840336,0.48319328,0.48319328,0.54201681,0.49579832,0.54201681,0.48319328,0.49579832,0.48319328,0.54201681,0.48319328,0.54201681,0.55462185,0.48319328,0.54201681,0.43697479,0.50840336,0.54201681,0.43697479,0.48319328,0.48319328,0.48319328,0.50840336,0.48319328,0.54201681,0.48319328,0.49579832,0.50840336,0.48319328,0.54201681,0.50840336,0.57983193,0.49579832,0.48319328,0.49579832,0.50840336,0.49579832,0.54201681,0.43697479,0.43697479,0.48319328,0.50840336,0.48319328,0.49579832,0.43697479,0.49579832,0.54201681,0.48319328,0.48319328,0.48319328,0.47899160,0.50840336,0.54201681,0.43697479,0.48319328,0.50840336,0.48319328,0.48319328,0.55462185,0.48319328,0.55462185,0.49579832,0.54201681,0.50840336,0.43697479,0.48319328,0.48319328,0.48319328,0.48319328,0.54201681,0.60084034,0.54201681,0.49579832,0.48319328,0.54201681,0.48319328,0.43697479,0.48319328,0.57983193,0.50840336,0.49579832,0.54201681,0.49579832,0.54201681,0.49579832,0.48319328,0.54201681,0.54201681,0.48319328,0.49579832,0.46218487,0.48319328,0.54201681,0.43697479,0.50840336,0.48319328,0.48319328,0.48319328,0.48319328,0.48319328,0.43697479,0.54201681,0.48319328,0.55462185,0.54201681,0.49579832,0.48319328,0.60084034,0.48319328,0.54201681,0.54201681,0.48319328,0.54201681,0.50840336,0.54201681,0.50840336,0.48319328,0.54201681,0.50840336,0.54201681,0.54201681,0.48319328,0.49579832,0.54201681,0.54201681,0.43697479,0.43697479,0.54201681,0.50840336,0.48319328,0.48319328,0.48319328,0.54201681
121.724832,0.54201681,0.48319328,0.54201681,0.53781513,0.48319328,0.54201681,0.49579832,0.60084034,0.49579832,0.54201681,0.48319328,0.48319328,0.54201681,0.48319328,0.48319328,0.43697479,0.56722689,0.54201681,0.43697479,0.55462185,0.54201681,0.57983193,0.54201681,0.54201681,0.49579832,0.48319328,0.43697479,0.48319328,0.53361345,0.48319328,0.44957983,0.48319328,0.52100840,0.48319328,0.49579832,0.54201681,0.43697479,0.49579832,0.54201681,0.48319328,0.49579832,0.48319328,0.54201681,0.48319328,0.50840336,0.48319328,0.48319328,0.49579832,0.54201681,0.56722689,0.54201681,0.48319328,0.48319328,0.54201681,0.50840336,0.50840336,0.43697479,0.48319328,0.54201681,0.47478992,0.48319328,0.48319328,0.49579832,0.48319328,0.43697479,0.54201681,0.48319328,0.50840336,0.48319328,0.48319328,0.54201681,0.49579832,0.54201681,0.48319328,0.49579832,0.48319328,0.54201681,0.48319328,0.54201681,0.55462185,0.48319328,0.54201681,0.43697479,0.50840336,0.54201681,0.43697479,0.50840336,0.48319328,0.48319328,0.50840336,0.48319328,0.54201681,0.48319328,0.49579832,0.50840336,0.48319328,0.54201681,0.50840336,0.57983193,0.49579832,0.48319328,0.49579832,0.50840336,0.49579832,0.54201681,0.43697479,0.43697479,0.54201681,0.50840336,0.48319328,0.49579832,0.43697479,0.49579832,0.54201681,0.48319328,0.48319328,0.48319328,0.47899160,0.50840336,0.54201681,0.43697479,0.48319328,0.50840336,0.48319328,0.48319328,0.55462185,0.48319328,0.55462185,0.49579832,0.54201681,0.50840336,0.43697479,0.48319328,0.48319328,0.48319328,0.48319328,0.54201681,0.60084034,0.54201681,0.49579832,0.48319328,0.54201681,0.48319328,0.43697479,0.48319328,0.57983193,0.50840336,0.49579832,0.54201681,0.49579832,0.54201681,0.49579832,0.48319328,0.54201681,0.54201681,0.48319328,0.49579832,0.46218487,0.48319328,0.54201681,0.43697479,0.50840336,0.48319328,0.48319328,0.48319328,0.48319328,0.48319328,0.43697479,0.54201681,0.48319328,0.55462185,0.54201681,0.49579832,0.48319328,0.60084034,0.48319328,0.54201681,0.54201681,0.48319328,0.54201681,0.50840336,0.54201681,0.50840336,0.48319328,0.54201681,0.50840336,0.54201681,0.54201681,0.54201681,0.49579832,0.54201681,0.54201681,0.43697479,0.43697479,0.54201681,0.50840336,0.48319328,0.48319328,0.48319328,0.54201681
131.785235,0.54201681,0.48319328,0.54201681,0.53781513,0.48319328,0.54201681,0.49579832,0.60084034,0.49579832,0.54201681,0.48319328,0.48319328,0.54201681,0.48319328,0.48319328,0.43697479,0.56722689,0.54201681,0.43697479,0.55462185,0.54201681,0.57983193,0.54201681,0.54201681,0.49579832,0.48319328,0.43697479,0.48319328,0.53361345,0.52100840,0.44957983,0.48319328,0.52100840,0.48319328,0.49579832,0.54201681,0.43697479,0.49579832,0.54201681,0.48319328,0.49579832,0.48319328,0.54201681,0.48319328,0.50840336,0.48319328,0.48319328,0.49579832,0.54201681,0.56722689,0.54201681,0.48319328,0.48319328,0.54201681,0.50840336,0.50840336,0.43697479,0.48319328,0.54201681,0.47478992,0.48319328,0.48319328,0.49579832,0.48319328,0.43697479,0.54201681,0.48319328,0.50840336,0.48319328,0.48319328,0.54201681,0.49579832,0.54201681,0.48319328,0.49579832,0.48319328,0.54201681,0.48319328,0.54201681,0.55462185,0.48319328,0.54201681,0.43697479,0.50840336,0.54201681,0.43697479,0.50840336,0.48319328,0.48319328,0.50840336,0.48319328,0.54201681,0.48319328,0.49579832,0.50840336,0.48319328,0.54201681,0.50840336,0.57983193,0.49579832,0.54201681,0.49579832,0.50840336,0.49579832,0.54201681,0.43697479,0.43697479,0.54201681,0.50840336,0.48319328,0.49579832,0.43697479,0.49579832,0.54201681,0.48319328,0.48319328,0.48319328,0.47899160,0.50840336,0.54201681,0.43697479,0.48319328,0.50840336,0.48319328,0.48319328,0.55462185,0.48319328,0.55462185,0.49579832,0.54201681,0.50840336,0.43697479,0.48319328,0.48319328,0.48319328,0.48319328,0.54201681,0.60084034,0.54201681,0.49579832,0.48319328,0.54201681,0.48319328,0.43697479,0.48319328,0.57983193,0.54201681,0.49579832,0.54201681,0.49579832,0.54201681,0.49579832,0.48319328,0.54201681,0.54201681,0.48319328,0.49579832,0.46218487,0.48319328,0.54201681,0.43697479,0.50840336,0.48319328,0.48319328,0.48319328,0.48319328,0.48319328,0.43697479,0.54201681,0.48319328,0.55462185,0.54201681,0.49579832,0.48319328,0.60084034,0.48319328,0.54201681,0.54201681,0.48319328,0.54201681,0.50840336,0.54201681,0.50840336,0.48319328,0.54201681,0.50840336,0.54201681,0.54201681,0.54201681,0.49579832,0.54201681,0.54201681,0.43697479,0.49579832,0.54201681,0.50840336,0.48319328,0.48319328,0.48319328,0.54201681
141.845638,0.54201681,0.48319328,0.54201681,0.53781513,0.48319328,0.54201681,0.49579832,0.60084034,0.49579832,0.54201681,0.48319328,0.48319328,0.54201681,0.48319328,0.48319328,0.43697479,0.56722689,0.54201681,0.43697479,0.55462185,0.54201681,0.57983193,0.54201681,0.54201681,0.49579832,0.48319328,0.43697479,0.48319328,0.53361345,0.52100840,0.44957983,0.48319328,0.52100840,0.48319328,0.49579832,0.54201681,0.43697479,0.49579832,0.54201681,0.48319328,0.49579832,0.48319328,0.54201681,0.48319328,0.50840336,0.48319328,0.48319328,0.49579832,0.54201681,0.56722689,0.54201681,0.48319328,0.48319328,0.54201681,0.50840336,0.50840336,0.43697479,0.48319328,0.54201681,0.47478992,0.48319328,0.48319328,0.49579832,0.48319328,0.43697479,0.54201681,0.48319328,0.50840336,0.48319328,0.48319328,0.54201681,0.49579832,0.54201681,0.48319328,0.49579832,0.48319328,0.54201681,0.48319328,0.57983193,0.55462185,0.48319328,0.54201681,0.43697479,0.50840336,0.54201681,0.43697479,0.50840336,0.48319328,0.48319328,0.50840336,0.48319328,0.54201681,0.48319328,0.49579832,0.54201681,0.48319328,0.54201681,0.50840336,0.57983193,0.49579832,0.54201681,0.49579832,0.50840336,0.49579832,0.54201681,0.43697479,0.43697479,0.54201681,0.50840336,0.48319328,0.49579832,0.43697479,0.49579832,0.54201681,0.48319328,0.54201681,0.48319328,0.47899160,0.50840336,0.54201681,0.43697479,0.48319328,0.50840336,0.48319328,0.48319328,0.55462185,0.48319328,0.55462185,0.49579832,0.54201681,0.50840336,0.43697479,0.48319328,0.48319328,0.48319328,0.48319328,0.54201681,0.60084034,0.54201681,0.49579832,0.48319328,0.54201681,0.48319328,0.43697479,0.48319328,0.57983193,0.54201681,0.49579832,0.54201681,0.49579832,0.54201681,0.49579832,0.48319328,0.54201681,0.54201681,0.48319328,0.49579832,0.46218487,0.48319328,0.54201681,0.48319328,0.50840336,0.48319328,0.48319328,0.48319328,0.48319328,0.48319328,0.43697479,0.54201681,0.54201681,0.55462185,0.54201681,0.49579832,0.48319328,0.60084034,0.48319328,0.54201681,0.55462185,0.48319328,0.54201681,0.50840336,0.54201681,0.50840336,0.48319328,0.54201681,0.50840336,0.54201681,0.54201681,0.54201681,0.49579832,0.54201681,0.54201681,0.43697479,0.49579832,0.54201681,0.50840336,0.48319328,0.48319328,0.48319328,0.54201681
151.906040,0.54201681,0.48319328,0.54201681,0.53781513,0.48319328,0.54201681,0.49579832,0.60084034,0.50840336,0.54201681,0.48319328,0.48319328,0.54201681,0.48319328,0.48319328,0.43697479,0.56722689,0.54201681,0.43697479,0.55462185,0.54201681,0.57983193,0.54201681,0.54201681,0.49579832,0.48319328,0.48319328,0.48319328,0.53361345,0.52100840,0.44957983,0.48319328,0.52100840,0.48319328,0.49579832,0.54201681,0.43697479,0.49579832,0.54201681,0.48319328,0.49579832,0.48319328,0.54201681,0.48319328,0.50840336,0.48319328,0.48319328,0.49579832,0.54201681,0.56722689,0.54201681,0.48319328,0.48319328,0.54201681,0.50840336,0.50840336,0.43697479,0.48319328,0.54201681,0.47478992,0.48319328,0.48319328,0.49579832,0.48319328,0.43697479,0.54201681,0.48319328,0.50840336,0.48319328,0.48319328,0.54201681,0.49579832,0.54201681,0.48319328,0.49579832,0.48319328,0.54201681,0.48319328,0.57983193,0.55462185,0.48319328,0.54201681,0.43697479,0.50840336,0.54201681,0.43697479,0.50840336,0.48319328,0.48319328,0.50840336,0.48319328,0.54201681,0.48319328,0.49579832,0.54201681,0.48319328,0.54201681,0.50840336,0.57983193,0.49579832,0.54201681,0.49579832,0.50840336,0.49579832,0.54201681,0.43697479,0.43697479,0.54201681,0.54201681,0.48319328,0.49579832,0.43697479,0.49579832,0.54201681,0.48319328,0.54201681,0.48319328,0.47899160,0.50840336,0.54201681,0.43697479,0.48319328,0.50840336,0.48319328,0.48319328,0.55462185,0.48319328,0.55462185,0.49579832,0.54201681,0.50840336,0.43697479,0.48319328,0.48319328,0.48319328,0.48319328,0.54201681,0.60084034,0.54201681,0.49579832,0.48319328,0.54201681,0.48319328,0.48319328,0.48319328,0.60084034,0.54201681,0.49579832,0.54201681,0.49579832,0.54201681,0.49579832,0.48319328,0.54201681,0.54201681,0.48319328,0.49579832,0.46218487,0.48319328,0.54201681,0.48319328,0.50840336,0.48319328,0.48319328,0.48319328,0.48319328,0.48319328,0.43697479,0.54201681,0.54201681,0.55462185,0.54201681,0.49579832,0.48319328,0.60084034,0.48319328,0.54201681,0.55462185,0.48319328,0.54201681,0.54201681,0.54201681,0.50840336,0.48319328,0.54201681,0.50840336,0.54201681,0.54201681,0.54201681,0.49579832,0.54201681,0.54201681,0.43697479,0.49579832,0.54201681,0.50840336,0.48319328,0.48319328,0.48319328,0.54201681
161.966443,0.54201681,0.48319328,0.54201681,0.53781513,0.48319328,0.54201681,0.49579832,0.60084034,0.50840336,0.54201681,0.48319328,0.48319328,0.54201681,0.48319328,0.48319328,0.43697479,0.60084034,0.54201681,0.43697479,0.55462185,0.54201681,0.57983193,0.54201681,0.54201681,0.49579832,0.48319328,0.48319328,0.48319328,0.53361345,0.52100840,0.44957983,0.48319328,0.52100840,0.48319328,0.49579832,0.54201681,0.43697479,0.49579832,0.54201681,0.48319328,0.49579832,0.48319328,0.54201681,0.48319328,0.50840336,0.48319328,0.48319328,0.49579832,0.54201681,0.56722689,0.54201681,0.48319328,0.48319328,0.54201681,0.50840336,0.50840336,0.43697479,0.48319328,0.54201681,0.47478992,0.48319328,0.48319328,0.49579832,0.48319328,0.43697479,0.54201681,0.48319328,0.50840336,0.48319328,0.48319328,0.54201681,0.49579832,0.54201681,0.48319328,0.49579832,0.48319328,0.54201681,0.48319328,0.60084034,0.55462185,0.48319328,0.54201681,0.43697479,0.50840336,0.54201681,0.43697479,0.50840336,0.54201681,0.48319328,0.50840336,0.48319328,0.54201681,0.48319328,0.49579832,0.54201681,0.48319328,0.54201681,0.50840336,0.60084034,0.49579832,0.54201681,0.49579832,0.50840336,0.49579832,0.54201681,0.43697479,0.43697479,0.54201681,0.54201681,0.48319328,0.49579832,0.43697479,0.49579832,0.54201681,0.48319328,0.54201681,0.48319328,0.47899160,0.50840336,0.54201681,0.43697479,0.48319328,0.50840336,0.48319328,0.48319328,0.55462185,0.48319328,0.55462185,0.49579832,0.54201681,0.50840336,0.43697479,0.48319328,0.48319328,0.48319328,0.48319328,0.54201681,0.60084034,0.54201681,0.49579832,0.48319328,0.54201681,0.48319328,0.48319328,0.48319328,0.60084034,0.54201681,0.49579832,0.54201681,0.49579832,0.54201681,0.49579832,0.48319328,0.54201681,0.54201681,0.48319328,0.49579832,0.46218487,0.48319328,0.54201681,0.48319328,0.50840336,0.48319328,0.48319328,0.48319328,0.48319328,0.48319328,0.43697479,0.54201681,0.54201681,0.60084034,0.54201681,0.49579832,0.48319328,0.60084034,0.48319328,0.54201681,0.55462185,0.48319328,0.54201681,0.54201681,0.54201681,0.50840336,0.48319328,0.54201681,0.50840336,0.54201681,0.54201681,0.54201681,0.49579832,0.54201681,0.54201681,0.43697479,0.49579832,0.54201681,0.50840336,0.48319328,0.48319328,0.48319328,0.54201681
172.026846,0.54201681,0.54201681,0.54201681,0.53781513,0.48319328,0.54201681,0.49579832,0.60084034,0.50840336,0.54201681,0.48319328,0.48319328,0.54201681,0.48319328,0.48319328,0.43697479,0.60084034,0.54201681,0.43697479,0.55462185,0.54201681,0.57983193,0.55462185,0.54201681,0.49579832,0.48319328,0.48319328,0.48319328,0.53361345,0.52100840,0.44957983,0.48319328,0.52100840,0.48319328,0.49579832,0.54201681,0.43697479,0.49579832,0.54201681,0.48319328,0.49579832,0.48319328,0.54201681,0.48319328,0.50840336,0.48319328,0.48319328,0.49579832,0.54201681,0.56722689,0.54201681,0.48319328,0.48319328,0.54201681,0.50840336,0.50840336,0.43697479,0.48319328,0.54201681,0.47478992,0.48319328,0.48319328,0.54201681,0.48319328,0.43697479,0.54201681,0.48319328,0.50840336,0.48319328,0.48319328,0.54201681,0.49579832,0.54201681,0.48319328,0.50840336,0.48319328,0.54201681,0.48319328,0.60084034,0.55462185,0.48319328,0.54201681,0.43697479,0.50840336,0.54201681,0.43697479,0.50840336,0.54201681,0.48319328,0.50840336,0.48319328,0.54201681,0.48319328,0.49579832,0.54201681,0.48319328,0.54201681,0.54201681,0.60084034,0.49579832,0.54201681,0.49579832,0.50840336,0.49579832,0.54201681,0.43697479,0.43697479,0.54201681,0.54201681,0.48319328,0.49579832,0.43697479,0.49579832,0.54201681,0.48319328,0.54201681,0.48319328,0.47899160,0.50840336,0.54201681,0.49579832,0.48319328,0.50840336,0.48319328,0.48319328,0.55462185,0.48319328,0.55462185,0.49579832,0.54201681,0.50840336,0.43697479,0.48319328,0.48319328,0.48319328,0.48319328,0.54201681,0.60084034,0.54201681,0.49579832,0.48319328,0.54201681,0.48319328,0.48319328,0.48319328,0.60084034,0.54201681,0.49579832,0.54201681,0.49579832,0.54201681,0.49579832,0.48319328,0.54201681,0.54201681,0.48319328,0.49579832,0.46218487,0.48319328,0.54201681,0.48319328,0.50840336,0.48319328,0.48319328,0.48319328,0.48319328,0.48319328,0.43697479,0.54201681,0.54201681,0.60084034,0.54201681,0.49579832,0.49579832,0.60084034,0.48319328,0.54201681,0.55462185,0.48319328,0.54201681,0.54201681,0.54201681,0.50840336,0.48319328,0.54201681,0.50840336,0.54201681,0.54201681,0.54201681,0.49579832,0.54201681,0.54201681,0.43697479,0.49579832,0.54201681,0.50840336,0.48319328,0.50840336,0.48319328,0.54201681
182.087248,0.54201681,0.54201681,0.54201681,0.53781513,0.48319328,0.54201681,0.49579832,0.60084034,0.50840336,0.54201681,0.48319328,0.54201681,0.54201681,0.48319328,0.48319328,0.43697479,0.60084034,0.54201681,0.43697479,0.55462185,0.54201681,0.57983193,0.55462185,0.54201681,0.49579832,0.48319328,0.48319328,0.48319328,0.53361345,0.52100840,0.44957983,0.48319328,0.52100840,0.48319328,0.49579832,0.54201681,0.43697479,0.49579832,0.54201681,0.48319328,0.49579832,0.48319328,0.54201681,0.48319328,0.54201681,0.48319328,0.48319328,0.49579832,0.54201681,0.56722689,0.54201681,0.48319328,0.48319328,0.54201681,0.50840336,0.50840336,0.43697479,0.48319328,0.54201681,0.47478992,0.48319328,0.48319328,0.54201681,0.48319328,0.43697479,0.54201681,0.48319328,0.50840336,0.48319328,0.48319328,0.54201681,0.49579832,0.54201681,0.48319328,0.50840336,0.54201681,0.54201681,0.48319328,0.60084034,0.55462185,0.48319328,0.54201681,0.43697479,0.50840336,0.54201681,0.43697479,0.50840336,0.54201681,0.48319328,0.50840336,0.48319328,0.54201681,0.48319328,0.49579832,0.54201681,0.48319328,0.54201681,0.54201681,0.60084034,0.49579832,0.54201681,0.49579832,0.50840336,0.54201681,0.54201681,0.43697479,0.43697479,0.54201681,0.54201681,0.48319328,0.49579832,0.43697479,0.49579832,0.54201681,0.48319328,0.54201681,0.48319328,0.47899160,0.50840336,0.54201681,0.49579832,0.48319328,0.50840336,0.48319328,0.48319328,0.55462185,0.48319328,0.55462185,0.49579832,0.54201681,0.50840336,0.43697479,0.48319328,0.48319328,0.48319328,0.48319328,0.54201681,0.60084034,0.54201681,0.49579832,0.48319328,0.54201681,0.48319328,0.49579832,0.48319328,0.60084034,0.54201681,0.49579832,0.54201681,0.49579832,0.54201681,0.49579832,0.48319328,0.54201681,0.54201681,0.48319328,0.49579832,0.46218487,0.48319328,0.54201681,0.48319328,0.50840336,0.48319328,0.48319328,0.48319328,0.48319328,0.48319328,0.43697479,0.54201681,0.54201681,0.60084034,0.54201681,0.49579832,0.49579832,0.60084034,0.48319328,0.54201681,0.55462185,0.48319328,0.54201681,0.54201681,0.54201681,0.50840336,0.48319328,0.55462185,0.50840336,0.54201681,0.54201681,0.54201681,0.49579832,0.54201681,0.54201681,0.43697479,0.49579832,0.54201681,0.50840336,0.48319328,0.50840336,0.48319328,0.54201681
192.147651,0.54201681,0.54201681,0.54201681,0.53781513,0.48319328,0.54201681,0.49579832,0.60084034,0.50840336,0.54201681,0.50840336,0.54201681,0.54201681,0.48319328,0.48319328,0.43697479,0.60084034,0.54201681,0.43697479,0.60084034,0.54201681,0.57983193,0.55462185,0.54201681,0.49579832,0.48319328,0.48319328,0.48319328,0.53361345,0.52100840,0.44957983,0.48319328,0.52100840,0.48319328,0.49579832,0.54201681,0.43697479,0.49579832,0.54201681,0.48319328,0.49579832,0.48319328,0.54201681,0.48319328,0.54201681,0.48319328,0.48319328,0.49579832,0.54201681,0.56722689,0.54201681,0.48319328,0.48319328,0.54201681,0.50840336,0.50840336,0.43697479,0.48319328,0.54201681,0.47478992,0.48319328,0.48319328,0.54201681,0.48319328,0.43697479,0.54201681,0.48319328,0.50840336,0.48319328,0.48319328,0.54201681,0.49579832,0.54201681,0.48319328,0.50840336,0.54201681,0.54201681,0.48319328,0.60084034,0.55462185,0.48319328,0.54201681,0.43697479,0.50840336,0.54201681,0.43697479,0.50840336,0.54201681,0.48319328,0.50840336,0.48319328,0.54201681,0.48319328,0.49579832,0.54201681,0.48319328,0.54201681,0.54201681,0.60084034,0.49579832,0.54201681,0.49579832,0.55462185,0.54201681,0.54201681,0.49579832,0.43697479,0.54201681,0.54201681,0.48319328,0.49579832,0.43697479,0.49579832,0.54201681,0.48319328,0.54201681,0.48319328,0.47899160,0.50840336,0.54201681,0.49579832,0.48319328,0.50840336,0.48319328,0.48319328,0.55462185,0.48319328,0.60084034,0.49579832,0.54201681,0.50840336,0.43697479,0.48319328,0.48319328,0.48319328,0.48319328,0.54201681,0.60084034,0.54201681,0.54201681,0.48319328,0.54201681,0.54201681,0.49579832,0.48319328,0.60084034,0.54201681,0.49579832,0.54201681,0.49579832,0.54201681,0.49579832,0.48319328,0.54201681,0.54201681,0.48319328,0.49579832,0.46218487,0.48319328,0.54201681,0.48319328,0.50840336,0.48319328,0.48319328,0.48319328,0.54201681,0.48319328,0.43697479,0.54201681,0.54201681,0.60084034,0.54201681,0.49579832,0.49579832,0.60084034,0.54201681,0.54201681,0.55462185,0.48319328,0.54201681,0.54201681,0.54201681,0.50840336,0.48319328,0.55462185,0.50840336,0.54201681,0.54201681,0.54201681,0.49579832,0.54201681,0.54201681,0.43697479,0.49579832,0.54201681,0.50840336,0.48319328,0.50840336,0.48319328,0.54201681
202.208054,0.54201681,0.54201681,0.54201681,0.53781513,0.48319328,0.54201681,0.49579832,0.60084034,0.50840336,0.54201681,0.50840336,0.54201681,0.54201681,0.48319328,0.48319328,0.43697479,0.60084034,0.54201681,0.43697479,0.60084034,0.54201681,0.57983193,0.55462185,0.54201681,0.49579832,0.48319328,0.48319328,0.48319328,0.53361345,0.52100840,0.44957983,0.48319328,0.52100840,0.48319328,0.49579832,0.54201681,0.43697479,0.49579832,0.54201681,0.48319328,0.49579832,0.48319328,0.54201681,0.48319328,0.54201681,0.48319328,0.48319328,0.49579832,0.54201681,0.56722689,0.54201681,0.48319328,0.48319328,0.54201681,0.50840336,0.50840336,0.43697479,0.48319328,0.54201681,0.47478992,0.48319328,0.48319328,0.54201681,0.48319328,0.43697479,0.54201681,0.48319328,0.50840336,0.48319328,0.48319328,0.54201681,0.49579832,0.54201681,0.48319328,0.50840336,0.54201681,0.54201681,0.48319328,0.60084034,0.55462185,0.48319328,0.54201681,0.43697479,0.50840336,0.54201681,0.49579832,0.50840336,0.54201681,0.48319328,0.50840336,0.48319328,0.54201681,0.48319328,0.49579832,0.54201681,0.48319328,0.54201681,0.54201681,0.60084034,0.49579832,0.54201681,0.49579832,0.55462185,0.54201681,0.54201681,0.49579832,0.43697479,0.54201681,0.54201681,0.48319328,0.49579832,0.43697479,0.55462185,0.54201681,0.48319328,0.54201681,0.48319328,0.47899160,0.50840336,0.54201681,0.50840336,0.54201681,0.50840336,0.48319328,0.48319328,0.55462185,0.48319328,0.60084034,0.49579832,0.54201681,0.50840336,0.43697479,0.48319328,0.54201681,0.48319328,0.48319328,0.54201681,0.60084034,0.54201681,0.54201681,0.48319328,0.54201681,0.54201681,0.49579832,0.48319328,0.60084034,0.54201681,0.49579832,0.54201681,0.49579832,0.54201681,0.49579832,0.48319328,0.54201681,0.54201681,0.48319328,0.49579832,0.46218487,0.48319328,0.54201681,0.48319328,0.50840336,0.54201681,0.54201681,0.48319328,0.54201681,0.48319328,0.48319328,0.54201681,0.54201681,0.60084034,0.54201681,0.49579832,0.49579832,0.60084034,0.54201681,0.54201681,0.55462185,0.48319328,0.54201681,0.54201681,0.54201681,0.50840336,0.48319328,0.55462185,0.50840336,0.54201681,0.54201681,0.54201681,0.49579832,0.54201681,0.54201681,0.43697479,0.49579832,0.54201681,0.50840336,0.48319328,0.50840336,0.48319328,0.54201681
212.268456,0.54201681,0.54201681,0.54201681,0.53781513,0.48319328,0.54201681,0.49579832,0.60084034,0.50840336,0.54201681,0.50840336,0.54201681,0.54201681,0.48319328,0.48319328,0.43697479,0.60084034,0.54201681,0.49579832,0.60084034,0.54201681,0.57983193,0.55462185,0.54201681,0.49579832,0.48319328,0.48319328,0.48319328,0.53361345,0.52100840,0.44957983,0.48319328,0.52100840,0.48319328,0.49579832,0.55462185,0.43697479,0.49579832,0.54201681,0.48319328,0.49579832,0.54201681,0.54201681,0.48319328,0.54201681,0.48319328,0.48319328,0.49579832,0.54201681,0.56722689,0.54201681,0.48319328,0.48319328,0.54201681,0.50840336,0.56722689,0.43697479,0.48319328,0.54201681,0.47478992,0.48319328,0.48319328,0.54201681,0.48319328,0.43697479,0.54201681,0.48319328,0.50840336,0.48319328,0.48319328,0.54201681,0.54201681,0.54201681,0.49579832,0.50840336,0.54201681,0.54201681,0.48319328,0.60084034,0.55462185,0.48319328,0.54201681,0.49579832,0.50840336,0.54201681,0.49579832,0.50840336,0.54201681,0.48319328,0.50840336,0.48319328,0.54201681,0.48319328,0.49579832,0.54201681,0.54201681,0.54201681,0.54201681,0.60084034,0.49579832,0.54201681,0.49579832,0.55462185,0.54201681,0.54201681,0.50840336,0.43697479,0.54201681,0.54201681,0.48319328,0.49579832,0.43697479,0.55462185,0.54201681,0.48319328,0.54201681,0.48319328,0.47899160,0.50840336,0.54201681,0.50840336,0.54201681,0.50840336,0.48319328,0.48319328,0.55462185,0.48319328,0.60084034,0.49579832,0.54201681,0.50840336,0.43697479,0.48319328,0.54201681,0.48319328,0.48319328,0.54201681,0.60084034,0.54201681,0.54201681,0.48319328,0.54201681,0.54201681,0.49579832,0.48319328,0.60084034,0.54201681,0.49579832,0.54201681,0.49579832,0.54201681,0.49579832,0.48319328,0.54201681,0.54201681,0.49579832,0.49579832,0.46218487,0.48319328,0.54201681,0.48319328,0.50840336,0.54201681,0.54201681,0.48319328,0.54201681,0.48319328,0.48319328,0.54201681,0.54201681,0.60084034,0.54201681,0.49579832,0.49579832,0.60084034,0.54201681,0.54201681,0.55462185,0.48319328,0.54201681,0.54201681,0.54201681,0.50840336,0.48319328,0.55462185,0.50840336,0.54201681,0.54201681,0.54201681,0.49579832,0.54201681,0.54201681,0.43697479,0.49579832,0.54201681,0.50840336,0.48319328,0.50840336,0.48319328,0.54201681
222.328859,0.54201681,0.54201681,0.54201681,0.53781513,0.48319328,0.54201681,0.54201681,0.60084034,0.50840336,0.54201681,0.50840336,0.54201681,0.54201681,0.48319328,0.48319328,0.43697479,0.60084034,0.54201681,0.49579832,0.60084034,0.54201681,0.57983193,0.55462185,0.54201681,0.49579832,0.54201681,0.48319328,0.48319328,0.53361345,0.52100840,0.44957983,0.48319328,0.52100840,0.48319328,0.49579832,0.55462185,0.43697479,0.49579832,0.54201681,0.48319328,0.49579832,0.54201681,0.54201681,0.48319328,0.54201681,0.48319328,0.48319328,0.49579832,0.54201681,0.56722689,0.54201681,0.48319328,0.48319328,0.54201681,0.50840336,0.56722689,0.49579832,0.48319328,0.54201681,0.47478992,0.48319328,0.48319328,0.54201681,0.48319328,0.43697479,0.54201681,0.48319328,0.50840336,0.48319328,0.54201681,0.54201681,0.54201681,0.54201681,0.49579832,0.50840336,0.54201681,0.54201681,0.54201681,0.60084034,0.55462185,0.48319328,0.54201681,0.49579832,0.50840336,0.54201681,0.49579832,0.50840336,0.54201681,0.48319328,0.50840336,0.48319328,0.54201681,0.48319328,0.49579832,0.54201681,0.54201681,0.54201681,0.54201681,0.60084034,0.49579832,0.54201681,0.49579832,0.55462185,0.54201681,0.54201681,0.54201681,0.43697479,0.54201681,0.54201681,0.48319328,0.49579832,0.43697479,0.55462185,0.54201681,0.48319328,0.54201681,0.48319328,0.47899160,0.50840336,0.54201681,0.50840336,0.54201681,0.50840336,0.54201681,0.48319328,0.55462185,0.48319328,0.60084034,0.49579832,0.54201681,0.50840336,0.43697479,0.48319328,0.54201681,0.48319328,0.48319328,0.54201681,0.60084034,0.54201681,0.54201681,0.48319328,0.54201681,0.54201681,0.49579832,0.48319328,0.60084034,0.54201681,0.49579832,0.54201681,0.49579832,0.54201681,0.49579832,0.48319328,0.54201681,0.54201681,0.49579832,0.49579832,0.46218487,0.48319328,0.54201681,0.48319328,0.50840336,0.54201681,0.54201681,0.48319328,0.54201681,0.48319328,0.48319328,0.55462185,0.54201681,0.60084034,0.54201681,0.49579832,0.49579832,0.60084034,0.54201681,0.54201681,0.55462185,0.48319328,0.54201681,0.54201681,0.54201681,0.50840336,0.48319328,0.55462185,0.54201681,0.60084034,0.54201681,0.54201681,0.49579832,0.54201681,0.54201681,0.43697479,0.49579832,0.54201681,0.50840336,0.54201681,0.50840336,0.48319328,0.54201681
232.389262,0.54201681,0.54201681,0.54201681,0.53781513,0.48319328,0.54201681,0.54201681,0.60084034,0.50840336,0.54201681,0.50840336,0.54201681,0.54201681,0.48319328,0.48319328,0.43697479,0.60084034,0.54201681,0.49579832,0.60084034,0.54201681,0.57983193,0.55462185,0.54201681,0.49579832,0.54201681,0.48319328,0.48319328,0.53361345,0.52100840,0.44957983,0.48319328,0.52100840,0.48319328,0.49579832,0.55462185,0.43697479,0.49579832,0.54201681,0.48319328,0.49579832,0.54201681,0.54201681,0.48319328,0.54201681,0.48319328,0.48319328,0.49579832,0.54201681,0.56722689,0.54201681,0.48319328,0.48319328,0.54201681,0.50840336,0.56722689,0.49579832,0.48319328,0.54201681,0.47478992,0.48319328,0.48319328,0.54201681,0.48319328,0.43697479,0.54201681,0.48319328,0.50840336,0.54201681,0.54201681,0.54201681,0.54201681,0.54201681,0.49579832,0.50840336,0.54201681,0.54201681,0.54201681,0.60084034,0.55462185,0.48319328,0.54201681,0.49579832,0.50840336,0.54201681,0.49579832,0.50840336,0.54201681,0.48319328,0.50840336,0.48319328,0.54201681,0.48319328,0.49579832,0.54201681,0.54201681,0.54201681,0.54201681,0.60084034,0.49579832,0.54201681,0.49579832,0.55462185,0.54201681,0.54201681,0.54201681,0.43697479,0.54201681,0.54201681,0.48319328,0.49579832,0.43697479,0.55462185,0.54201681,0.48319328,0.54201681,0.48319328,0.47899160,0.50840336,0.54201681,0.50840336,0.54201681,0.50840336,0.54201681,0.48319328,0.55462185,0.48319328,0.60084034,0.49579832,0.54201681,0.50840336,0.43697479,0.48319328,0.54201681,0.48319328,0.48319328,0.54201681,0.60084034,0.54201681,0.54201681,0.48319328,0.54201681,0.54201681,0.49579832,0.48319328,0.60084034,0.55462185,0.49579832,0.54201681,0.49579832,0.54201681,0.49579832,0.48319328,0.54201681,0.54201681,0.49579832,0.49579832,0.52100840,0.54201681,0.54201681,0.48319328,0.50840336,0.54201681,0.54201681,0.48319328,0.54201681,0.48319328,0.48319328,0.55462185,0.54201681,0.60084034,0.54201681,0.49579832,0.49579832,0.60084034,0.54201681,0.54201681,0.55462185,0.48319328,0.54201681,0.54201681,0.54201681,0.50840336,0.48319328,0.55462185,0.54201681,0.60084034,0.54201681,0.54201681,0.49579832,0.54201681,0.54201681,0.43697479,0.49579832,0.54201681,0.50840336,0.54201681,0.50840336,0.48319328,0.54201681
242.449664,0.60084034,0.54201681,0.54201681,0.53781513,0.48319328,0.54201681,0.54201681,0.60084034,0.50840336,0.54201681,0.50840336,0.54201681,0.54201681,0.48319328,0.48319328,0.43697479,0.60084034,0.54201681,0.49579832,0.60084034,0.54201681,0.57983193,0.55462185,0.54201681,0.49579832,0.54201681,0.48319328,0.48319328,0.53361345,0.52100840,0.44957983,0.48319328,0.52100840,0.48319328,0.49579832,0.55462185,0.43697479,0.49579832,0.54201681,0.48319328,0.49579832,0.54201681,0.54201681,0.48319328,0.54201681,0.48319328,0.48319328,0.49579832,0.54201681,0.56722689,0.54201681,0.48319328,0.48319328,0.54201681,0.50840336,0.56722689,0.49579832,0.48319328,0.54201681,0.47478992,0.48319328,0.48319328,0.54201681,0.48319328,0.43697479,0.54201681,0.48319328,0.50840336,0.54201681,0.54201681,0.54201681,0.54201681,0.54201681,0.49579832,0.50840336,0.54201681,0.54201681,0.54201681,0.60084034,0.56722689,0.48319328,0.54201681,0.49579832,0.50840336,0.54201681,0.49579832,0.50840336,0.54201681,0.48319328,0.50840336,0.48319328,0.54201681,0.48319328,0.49579832,0.54201681,0.54201681,0.54201681,0.55462185,0.60084034,0.49579832,0.54201681,0.49579832,0.55462185,0.54201681,0.54201681,0.54201681,0.43697479,0.54201681,0.54201681,0.54201681,0.49579832,0.43697479,0.55462185,0.54201681,0.48319328,0.54201681,0.49579832,0.47899160,0.50840336,0.54201681,0.50840336,0.54201681,0.50840336,0.54201681,0.48319328,0.55462185,0.48319328,0.60084034,0.49579832,0.54201681,0.50840336,0.43697479,0.48319328,0.54201681,0.48319328,0.48319328,0.54201681,0.60084034,0.54201681,0.54201681,0.48319328,0.54201681,0.54201681,0.49579832,0.48319328,0.60084034,0.55462185,0.49579832,0.54201681,0.49579832,0.54201681,0.49579832,0.48319328,0.54201681,0.54201681,0.49579832,0.49579832,0.52100840,0.54201681,0.54201681,0.48319328,0.50840336,0.54201681,0.54201681,0.48319328,0.54201681,0.48319328,0.48319328,0.57983193,0.54201681,0.60084034,0.54201681,0.49579832,0.49579832,0.60084034,0.54201681,0.54201681,0.55462185,0.48319328,0.54201681,0.54201681,0.54201681,0.50840336,0.48319328,0.56722689,0.54201681,0.60084034,0.54201681,0.54201681,0.49579832,0.54201681,0.54201681,0.43697479,0.49579832,0.54201681,0.50840336,0.54201681,0.50840336,0.48319328,0.54201681
252.510067,0.60084034,0.54201681,0.54201681,0.53781513,0.48319328,0.54201681,0.54201681,0.60084034,0.50840336,0.54201681,0.50840336,0.54201681,0.54201681,0.48319328,0.48319328,0.43697479,0.60084034,0.54201681,0.49579832,0.60084034,0.54201681,0.57983193,0.55462185,0.54201681,0.49579832,0.54201681,0.48319328,0.48319328,0.53361345,0.54201681,0.44957983,0.48319328,0.52100840,0.48319328,0.49579832,0.55462185,0.43697479,0.49579832,0.54201681,0.48319328,0.49579832,0.54201681,0.54201681,0.48319328,0.54201681,0.48319328,0.48319328,0.49579832,0.54201681,0.56722689,0.54201681,0.48319328,0.50840336,0.54201681,0.50840336,0.56722689,0.49579832,0.48319328,0.54201681,0.47478992,0.48319328,0.48319328,0.54201681,0.48319328,0.43697479,0.54201681,0.48319328,0.50840336,0.54201681,0.54201681,0.54201681,0.54201681,0.54201681,0.49579832,0.50840336,0.54201681,0.54201681,0.54201681,0.60084034,0.56722689,0.48319328,0.54201681,0.49579832,0.50840336,0.54201681,0.49579832,0.50840336,0.54201681,0.48319328,0.50840336,0.48319328,0.54201681,0.48319328,0.49579832,0.54201681,0.54201681,0.54201681,0.55462185,0.60084034,0.49579832,0.54201681,0.49579832,0.55462185,0.54201681,0.54201681,0.54201681,0.43697479,0.54201681,0.54201681,0.54201681,0.49579832,0.43697479,0.55462185,0.54201681,0.48319328,0.54201681,0.49579832,0.47899160,0.50840336,0.54201681,0.50840336,0.54201681,0.50840336,0.54201681,0.50840336,0.56722689,0.48319328,0.60084034,0.49579832,0.54201681,0.50840336,0.43697479,0.48319328,0.54201681,0.54201681,0.48319328,0.54201681,0.60084034,0.54201681,0.54201681,0.48319328,0.54201681,0.54201681,0.49579832,0.48319328,0.60084034,0.55462185,0.49579832,0.54201681,0.49579832,0.54201681,0.49579832,0.48319328,0.54201681,0.54201681,0.49579832,0.49579832,0.52100840,0.54201681,0.54201681,0.48319328,0.50840336,0.54201681,0.54201681,0.48319328,0.54201681,0.48319328,0.48319328,0.57983193,0.54201681,0.60084034,0.54201681,0.49579832,0.49579832,0.60084034,0.54201681,0.54201681,0.55462185,0.48319328,0.54201681,0.54201681,0.54201681,0.50840336,0.48319328,0.56722689,0.54201681,0.60084034,0.54201681,0.54201681,0.49579832,0.54201681,0.54201681,0.43697479,0.49579832,0.54201681,0.50840336,0.54201681,0.50840336,0.48319328,0.54201681
262.570470,0.60084034,0.54201681,0.54201681,0.53781513,0.48319328,0.54201681,0.54201681,0.60084034,0.50840336,0.54201681,0.50840336,0.54201681,0.54201681,0.54201681,0.48319328,0.43697479,0.60084034,0.54201681,0.49579832,0.60084034,0.54201681,0.57983193,0.55462185,0.54201681,0.49579832,0.54201681,0.48319328,0.48319328,0.53361345,0.54201681,0.44957983,0.48319328,0.52100840,0.48319328,0.49579832,0.55462185,0.49579832,0.49579832,0.54201681,0.48319328,0.49579832,0.54201681,0.54201681,0.54201681,0.54201681,0.54201681,0.48319328,0.49579832,0.54201681,0.56722689,0.54201681,0.48319328,0.50840336,0.54201681,0.50840336,0.56722689,0.49579832,0.48319328,0.54201681,0.47478992,0.48319328,0.48319328,0.54201681,0.48319328,0.43697479,0.54201681,0.48319328,0.50840336,0.54201681,0.54201681,0.54201681,0.54201681,0.54201681,0.50840336,0.54201681,0.54201681,0.54201681,0.54201681,0.60084034,0.56722689,0.48319328,0.54201681,0.49579832,0.52100840,0.54201681,0.49579832,0.50840336,0.54201681,0.48319328,0.50840336,0.48319328,0.54201681,0.48319328,0.49579832,0.54201681,0.54201681,0.54201681,0.55462185,0.60084034,0.49579832,0.54201681,0.49579832,0.55462185,0.54201681,0.54201681,0.54201681,0.49579832,0.54201681,0.54201681,0.54201681,0.49579832,0.43697479,0.55462185,0.54201681,0.48319328,0.54201681,0.49579832,0.47899160,0.50840336,0.54201681,0.50840336,0.54201681,0.50840336,0.54201681,0.50840336,0.56722689,0.48319328,0.60084034,0.49579832,0.54201681,0.50840336,0.43697479,0.48319328,0.54201681,0.54201681,0.48319328,0.54201681,0.60084034,0.54201681,0.54201681,0.48319328,0.54201681,0.54201681,0.49579832,0.48319328,0.60084034,0.55462185,0.49579832,0.54201681,0.49579832,0.54201681,0.49579832,0.54201681,0.54201681,0.57983193,0.49579832,0.49579832,0.52100840,0.54201681,0.54201681,0.48319328,0.50840336,0.54201681,0.54201681,0.48319328,0.54201681,0.48319328,0.48319328,0.57983193,0.54201681,0.60084034,0.54201681,0.49579832,0.49579832,0.60084034,0.54201681,0.54201681,0.55462185,0.48319328,0.54201681,0.54201681,0.54201681,0.50840336,0.48319328,0.56722689,0.56722689,0.60084034,0.54201681,0.54201681,0.49579832,0.54201681,0.54201681,0.43697479,0.49579832,0.54201681,0.54201681,0.54201681,0.50840336,0.48319328,0.54201681
272.630872,0.60084034,0.54201681,0.54201681,0.53781513,0.48319328,0.54201681,0.54201681,0.60084034,0.50840336,0.54201681,0.50840336,0.54201681,0.54201681,0.54201681,0.48319328,0.43697479,0.60084034,0.54201681,0.49579832,0.60084034,0.54201681,0.57983193,0.55462185,0.54201681,0.49579832,0.54201681,0.48319328,0.48319328,0.53361345,0.54201681,0.44957983,0.48319328,0.52100840,0.48319328,0.49579832,0.55462185,0.49579832,0.49579832,0.54201681,0.48319328,0.49579832,0.54201681,0.54201681,0.54201681,0.54201681,0.54201681,0.48319328,0.49579832,0.54201681,0.56722689,0.54201681,0.48319328,0.50840336,0.54201681,0.50840336,0.56722689,0.49579832,0.48319328,0.54201681,0.47478992,0.48319328,0.48319328,0.54201681,0.48319328,0.43697479,0.54201681,0.49579832,0.50840336,0.54201681,0.54201681,0.54201681,0.54201681,0.54201681,0.50840336,0.54201681,0.54201681,0.54201681,0.54201681,0.60084034,0.56722689,0.48319328,0.54201681,0.49579832,0.52100840,0.54201681,0.49579832,0.50840336,0.54201681,0.48319328,0.50840336,0.48319328,0.54201681,0.48319328,0.49579832,0.54201681,0.54201681,0.54201681,0.55462185,0.60084034,0.49579832,0.54201681,0.49579832,0.55462185,0.54201681,0.54201681,0.54201681,0.49579832,0.55462185,0.54201681,0.54201681,0.49579832,0.43697479,0.55462185,0.54201681,0.54201681,0.54201681,0.49579832,0.47899160,0.50840336,0.54201681,0.50840336,0.54201681,0.50840336,0.54201681,0.50840336,0.57983193,0.48319328,0.60084034,0.49579832,0.54201681,0.50840336,0.43697479,0.48319328,0.54201681,0.54201681,0.48319328,0.54201681,0.60084034,0.54201681,0.54201681,0.48319328,0.54201681,0.54201681,0.49579832,0.48319328,0.60084034,0.55462185,0.49579832,0.54201681,0.49579832,0.54201681,0.49579832,0.54201681,0.54201681,0.57983193,0.49579832,0.49579832,0.53361345,0.54201681,0.54201681,0.48319328,0.50840336,0.54201681,0.54201681,0.54201681,0.54201681,0.48319328,0.48319328,0.60084034,0.54201681,0.60084034,0.54201681,0.49579832,0.49579832,0.60084034,0.54201681,0.54201681,0.55462185,0.48319328,0.54201681,0.54201681,0.54201681,0.50840336,0.48319328,0.56722689,0.56722689,0.60084034,0.54201681,0.54201681,0.49579832,0.54201681,0.54201681,0.43697479,0.49579832,0.54201681,0.54201681,0.54201681,0.50840336,0.54201681,0.54201681
282.691275,0.60084034,0.54201681,0.54201681,0.53781513,0.48319328,0.54201681,0.54201681,0.60084034,0.50840336,0.54201681,0.50840336,0.54201681,0.54201681,0.54201681,0.48319328,0.43697479,0.60084034,0.54201681,0.49579832,0.60084034,0.54201681,0.57983193,0.55462185,0.54201681,0.49579832,0.54201681,0.48319328,0.48319328,0.53361345,0.54201681,0.44957983,0.48319328,0.52100840,0.48319328,0.49579832,0.55462185,0.49579832,0.49579832,0.54201681,0.48319328,0.49579832,0.54201681,0.54201681,0.54201681,0.54201681,0.54201681,0.48319328,0.49579832,0.54201681,0.56722689,0.54201681,0.48319328,0.50840336,0.54201681,0.50840336,0.57983193,0.49579832,0.48319328,0.54201681,0.47478992,0.48319328,0.54201681,0.54201681,0.48319328,0.49579832,0.54201681,0.49579832,0.50840336,0.54201681,0.54201681,0.54201681,0.54201681,0.54201681,0.50840336,0.54201681,0.54201681,0.54201681,0.54201681,0.60084034,0.56722689,0.48319328,0.54201681,0.49579832,0.52100840,0.54201681,0.49579832,0.55462185,0.54201681,0.48319328,0.50840336,0.48319328,0.54201681,0.48319328,0.54201681,0.54201681,0.54201681,0.54201681,0.55462185,0.60084034,0.49579832,0.54201681,0.49579832,0.55462185,0.54201681,0.54201681,0.54201681,0.49579832,0.55462185,0.54201681,0.54201681,0.49579832,0.43697479,0.55462185,0.54201681,0.54201681,0.54201681,0.49579832,0.47899160,0.50840336,0.54201681,0.50840336,0.54201681,0.50840336,0.54201681,0.50840336,0.57983193,0.48319328,0.60084034,0.49579832,0.54201681,0.50840336,0.43697479,0.48319328,0.54201681,0.54201681,0.48319328,0.54201681,0.60084034,0.54201681,0.54201681,0.48319328,0.54201681,0.54201681,0.49579832,0.48319328,0.60084034,0.55462185,0.49579832,0.54201681,0.49579832,0.54201681,0.49579832,0.54201681,0.54201681,0.57983193,0.49579832,0.49579832,0.53361345,0.54201681,0.54201681,0.48319328,0.50840336,0.54201681,0.54201681,0.54201681,0.54201681,0.48319328,0.48319328,0.60084034,0.54201681,0.60084034,0.54201681,0.49579832,0.49579832,0.60084034,0.54201681,0.54201681,0.55462185,0.48319328,0.54201681,0.54201681,0.54201681,0.50840336,0.48319328,0.56722689,0.56722689,0.60084034,0.54201681,0.54201681,0.49579832,0.54201681,0.54201681,0.43697479,0.49579832,0.54201681,0.54201681,0.54201681,0.50840336,0.54201681,0.54201681
292.751678,0.60084034,0.54201681,0.54201681,0.53781513,0.48319328,0.54201681,0.54201681,0.60084034,0.50840336,0.54201681,0.50840336,0.54201681,0.54201681,0.54201681,0.48319328,0.43697479,0.60084034,0.54201681,0.49579832,0.60084034,0.54201681,0.57983193,0.55462185,0.54201681,0.49579832,0.54201681,0.48319328,0.48319328,0.53361345,0.54201681,0.44957983,0.48319328,0.52100840,0.48319328,0.49579832,0.55462185,0.49579832,0.49579832,0.54201681,0.48319328,0.49579832,0.54201681,0.54201681,0.54201681,0.54201681,0.54201681,0.48319328,0.49579832,0.54201681,0.57983193,0.54201681,0.48319328,0.50840336,0.54201681,0.50840336,0.57983193,0.49579832,0.48319328,0.54201681,0.47478992,0.48319328,0.54201681,0.54201681,0.48319328,0.49579832,0.54201681,0.49579832,0.50840336,0.54201681,0.54201681,0.54201681,0.54201681,0.54201681,0.50840336,0.54201681,0.54201681,0.54201681,0.54201681,0.60084034,0.56722689,0.48319328,0.54201681,0.49579832,0.52100840,0.54201681,0.49579832,0.55462185,0.54201681,0.48319328,0.50840336,0.48319328,0.54201681,0.48319328,0.54201681,0.54201681,0.54201681,0.54201681,0.55462185,0.60084034,0.49579832,0.54201681,0.49579832,0.55462185,0.54201681,0.54201681,0.54201681,0.49579832,0.55462185,0.54201681,0.54201681,0.49579832,0.43697479,0.55462185,0.54201681,0.54201681,0.54201681,0.49579832,0.47899160,0.50840336,0.54201681,0.50840336,0.54201681,0.50840336,0.54201681,0.50840336,0.57983193,0.48319328,0.60084034,0.49579832,0.54201681,0.50840336,0.43697479,0.54201681,0.54201681,0.54201681,0.48319328,0.54201681,0.60084034,0.54201681,0.54201681,0.48319328,0.60084034,0.54201681,0.49579832,0.48319328,0.60084034,0.55462185,0.49579832,0.54201681,0.49579832,0.54201681,0.49579832,0.54201681,0.54201681,0.60084034,0.49579832,0.49579832,0.53361345,0.54201681,0.54201681,0.48319328,0.50840336,0.54201681,0.54201681,0.54201681,0.54201681,0.48319328,0.48319328,0.60084034,0.54201681,0.60084034,0.54201681,0.49579832,0.49579832,0.60084034,0.54201681,0.54201681,0.55462185,0.48319328,0.54201681,0.54201681,0.54201681,0.50840336,0.48319328,0.60084034,0.56722689,0.60084034,0.54201681,0.54201681,0.49579832,0.54201681,0.54201681,0.49579832,0.49579832,0.54201681,0.54201681,0.54201681,0.50840336,0.54201681,0.54201681
302.812081,0.60084034,0.54201681,0.54201681,0.53781513,0.48319328,0.54201681,0.54201681,0.60084034,0.50840336,0.54201681,0.50840336,0.60084034,0.54201681,0.54201681,0.48319328,0.43697479,0.60084034,0.54201681,0.49579832,0.60084034,0.54201681,0.57983193,0.55462185,0.54201681,0.49579832,0.54201681,0.48319328,0.48319328,0.53361345,0.54201681,0.44957983,0.48319328,0.52100840,0.48319328,0.49579832,0.55462185,0.49579832,0.49579832,0.54201681,0.48319328,0.49579832,0.54201681,0.54201681,0.54201681,0.54201681,0.54201681,0.48319328,0.49579832,0.54201681,0.57983193,0.54201681,0.48319328,0.50840336,0.54201681,0.50840336,0.57983193,0.49579832,0.48319328,0.54201681,0.47478992,0.48319328,0.54201681,0.54201681,0.48319328,0.49579832,0.54201681,0.49579832,0.50840336,0.54201681,0.54201681,0.54201681,0.54201681,0.54201681,0.50840336,0.54201681,0.54201681,0.54201681,0.54201681,0.60084034,0.56722689,0.48319328,0.54201681,0.49579832,0.56722689,0.54201681,0.49579832,0.55462185,0.54201681,0.48319328,0.50840336,0.48319328,0.54201681,0.48319328,0.54201681,0.54201681,0.54201681,0.54201681,0.55462185,0.60084034,0.49579832,0.54201681,0.49579832,0.55462185,0.54201681,0.54201681,0.54201681,0.49579832,0.55462185,0.54201681,0.54201681,0.49579832,0.43697479,0.55462185,0.54201681,0.54201681,0.54201681,0.49579832,0.47899160,0.50840336,0.54201681,0.56722689,0.54201681,0.50840336,0.54201681,0.50840336,0.57983193,0.54201681,0.60084034,0.49579832,0.54201681,0.50840336,0.43697479,0.54201681,0.54201681,0.54201681,0.49579832,0.54201681,0.60084034,0.54201681,0.54201681,0.48319328,0.60084034,0.54201681,0.49579832,0.48319328,0.60084034,0.55462185,0.49579832,0.54201681,0.49579832,0.54201681,0.49579832,0.54201681,0.54201681,0.60084034,0.49579832,0.49579832,0.53361345,0.54201681,0.54201681,0.49579832,0.55462185,0.54201681,0.54201681,0.54201681,0.54201681,0.48319328,0.48319328,0.60084034,0.54201681,0.60084034,0.54201681,0.49579832,0.49579832,0.60084034,0.54201681,0.54201681,0.55462185,0.48319328,0.54201681,0.54201681,0.54201681,0.50840336,0.48319328,0.60084034,0.56722689,0.60084034,0.54201681,0.54201681,0.49579832,0.54201681,0.54201681,0.49579832,0.54201681,0.54201681,0.54201681,0.54201681,0.50840336,0.54201681,0.54201681
312.872483,0.60084034,0.54201681,0.54201681,0.53781513,0.48319328,0.54201681,0.55462185,0.60084034,0.50840336,0.54201681,0.50840336,0.60084034,0.54201681,0.54201681,0.48319328,0.43697479,0.60084034,0.54201681,0.49579832,0.60084034,0.54201681,0.57983193,0.55462185,0.54201681,0.49579832,0.54201681,0.48319328,0.48319328,0.53361345,0.54201681,0.44957983,0.48319328,0.52100840,0.48319328,0.49579832,0.55462185,0.49579832,0.49579832,0.54201681,0.48319328,0.49579832,0.54201681,0.54201681,0.54201681,0.54201681,0.54201681,0.48319328,0.49579832,0.54201681,0.57983193,0.54201681,0.48319328,0.50840336,0.54201681,0.50840336,0.57983193,0.55462185,0.48319328,0.54201681,0.47478992,0.48319328,0.54201681,0.54201681,0.48319328,0.49579832,0.54201681,0.49579832,0.50840336,0.54201681,0.54201681,0.54201681,0.54201681,0.54201681,0.50840336,0.54201681,0.54201681,0.54201681,0.54201681,0.60084034,0.56722689,0.48319328,0.54201681,0.49579832,0.56722689,0.54201681,0.49579832,0.55462185,0.54201681,0.48319328,0.50840336,0.48319328,0.54201681,0.48319328,0.54201681,0.54201681,0.54201681,0.60084034,0.55462185,0.60084034,0.49579832,0.54201681,0.49579832,0.55462185,0.54201681,0.54201681,0.54201681,0.49579832,0.55462185,0.54201681,0.54201681,0.49579832,0.43697479,0.55462185,0.54201681,0.54201681,0.54201681,0.50840336,0.47899160,0.50840336,0.54201681,0.56722689,0.54201681,0.50840336,0.54201681,0.50840336,0.57983193,0.54201681,0.60084034,0.49579832,0.54201681,0.50840336,0.49579832,0.54201681,0.54201681,0.54201681,0.49579832,0.54201681,0.60084034,0.54201681,0.54201681,0.48319328,0.60084034,0.54201681,0.49579832,0.48319328,0.60084034,0.55462185,0.49579832,0.54201681,0.49579832,0.54201681,0.49579832,0.54201681,0.54201681,0.60084034,0.49579832,0.49579832,0.53361345,0.54201681,0.54201681,0.49579832,0.55462185,0.54201681,0.54201681,0.54201681,0.54201681,0.48319328,0.48319328,0.60084034,0.54201681,0.60084034,0.54201681,0.49579832,0.49579832,0.60084034,0.54201681,0.54201681,0.55462185,0.48319328,0.54201681,0.54201681,0.54201681,0.50840336,0.48319328,0.60084034,0.56722689,0.60084034,0.54201681,0.54201681,0.49579832,0.54201681,0.54201681,0.49579832,0.54201681,0.54201681,0.54201681,0.54201681,0.50840336,0.54201681,0.54201681
322.932886,0.60084034,0.54201681,0.54201681,0.53781513,0.48319328,0.54201681,0.55462185,0.60084034,0.54201681,0.54201681,0.50840336,0.60084034,0.54201681,0.54201681,0.54201681,0.43697479,0.60084034,0.54201681,0.49579832,0.60084034,0.54201681,0.60084034,0.55462185,0.54201681,0.49579832,0.54201681,0.48319328,0.48319328,0.53361345,0.54201681,0.44957983,0.54201681,0.52100840,0.48319328,0.49579832,0.55462185,0.49579832,0.49579832,0.54201681,0.48319328,0.49579832,0.54201681,0.54201681,0.54201681,0.54201681,0.54201681,0.48319328,0.49579832,0.54201681,0.57983193,0.54201681,0.48319328,0.50840336,0.54201681,0.50840336,0.57983193,0.55462185,0.48319328,0.54201681,0.47478992,0.48319328,0.54201681,0.54201681,0.48319328,0.55462185,0.54201681,0.49579832,0.50840336,0.54201681,0.54201681,0.54201681,0.54201681,0.54201681,0.50840336,0.54201681,0.54201681,0.54201681,0.54201681,0.60084034,0.56722689,0.48319328,0.54201681,0.49579832,0.56722689,0.54201681,0.49579832,0.55462185,0.54201681,0.48319328,0.50840336,0.48319328,0.54201681,0.48319328,0.54201681,0.54201681,0.54201681,0.60084034,0.55462185,0.60084034,0.49579832,0.54201681,0.49579832,0.55462185,0.54201681,0.54201681,0.54201681,0.49579832,0.55462185,0.54201681,0.54201681,0.49579832,0.43697479,0.55462185,0.54201681,0.54201681,0.54201681,0.50840336,0.47899160,0.50840336,0.54201681,0.56722689,0.54201681,0.50840336,0.54201681,0.50840336,0.57983193,0.54201681,0.60084034,0.55462185,0.54201681,0.50840336,0.49579832,0.54201681,0.54201681,0.54201681,0.49579832,0.54201681,0.60084034,0.54201681,0.54201681,0.48319328,0.60084034,0.54201681,0.49579832,0.48319328,0.60084034,0.60084034,0.49579832,0.54201681,0.49579832,0.54201681,0.49579832,0.54201681,0.54201681,0.60084034,0.49579832,0.49579832,0.53361345,0.54201681,0.54201681,0.49579832,0.55462185,0.54201681,0.54201681,0.54201681,0.54201681,0.48319328,0.48319328,0.60084034,0.54201681,0.60084034,0.54201681,0.49579832,0.49579832,0.60084034,0.54201681,0.54201681,0.55462185,0.50840336,0.54201681,0.54201681,0.54201681,0.50840336,0.48319328,0.60084034,0.56722689,0.60084034,0.55462185,0.54201681,0.49579832,0.54201681,0.54201681,0.49579832,0.54201681,0.54201681,0.54201681,0.54201681,0.50840336,0.54201681,0.54201681
332.993289,0.60084034,0.54201681,0.54201681,0.53781513,0.48319328,0.54201681,0.55462185,0.60084034,0.54201681,0.54201681,0.50840336,0.60084034,0.54201681,0.54201681,0.54201681,0.49579832,0.60084034,0.54201681,0.49579832,0.60084034,0.54201681,0.60084034,0.55462185,0.54201681,0.49579832,0.54201681,0.48319328,0.48319328,0.53361345,0.54201681,0.44957983,0.54201681,0.52100840,0.48319328,0.49579832,0.55462185,0.49579832,0.49579832,0.54201681,0.48319328,0.49579832,0.54201681,0.54201681,0.54201681,0.54201681,0.54201681,0.48319328,0.49579832,0.54201681,0.57983193,0.54201681,0.48319328,0.50840336,0.54201681,0.56722689,0.60084034,0.55462185,0.48319328,0.54201681,0.53361345,0.48319328,0.54201681,0.54201681,0.48319328,0.55462185,0.54201681,0.49579832,0.50840336,0.54201681,0.54201681,0.54201681,0.54201681,0.54201681,0.50840336,0.54201681,0.54201681,0.54201681,0.54201681,0.60084034,0.57983193,0.48319328,0.54201681,0.49579832,0.56722689,0.54201681,0.49579832,0.55462185,0.54201681,0.48319328,0.50840336,0.48319328,0.54201681,0.48319328,0.54201681,0.54201681,0.54201681,0.60084034,0.55462185,0.60084034,0.49579832,0.54201681,0.49579832,0.55462185,0.54201681,0.54201681,0.54201681,0.49579832,0.55462185,0.54201681,0.54201681,0.49579832,0.49579832,0.55462185,0.54201681,0.54201681,0.54201681,0.50840336,0.47899160,0.50840336,0.54201681,0.56722689,0.54201681,0.50840336,0.54201681,0.50840336,0.57983193,0.54201681,0.60084034,0.55462185,0.54201681,0.50840336,0.49579832,0.54201681,0.54201681,0.54201681,0.49579832,0.54201681,0.60084034,0.54201681,0.54201681,0.48319328,0.60084034,0.54201681,0.49579832,0.48319328,0.60084034,0.60084034,0.49579832,0.54201681,0.49579832,0.54201681,0.49579832,0.54201681,0.54201681,0.60084034,0.49579832,0.49579832,0.53361345,0.54201681,0.54201681,0.49579832,0.55462185,0.54201681,0.54201681,0.54201681,0.54201681,0.48319328,0.48319328,0.60084034,0.54201681,0.60084034,0.54201681,0.49579832,0.49579832,0.60084034,0.54201681,0.54201681,0.55462185,0.50840336,0.54201681,0.54201681,0.54201681,0.50840336,0.48319328,0.60084034,0.56722689,0.60084034,0.55462185,0.54201681,0.49579832,0.54201681,0.54201681,0.49579832,0.54201681,0.54201681,0.54201681,0.54201681,0.50840336,0.54201681,0.54201681
343.053691,0.60084034,0.54201681,0.54201681,0.53781513,0.48319328,0.54201681,0.55462185,0.60084034,0.54201681,0.54201681,0.50840336,0.60084034,0.54201681,0.54201681,0.54201681,0.49579832,0.60084034,0.54201681,0.49579832,0.60084034,0.54201681,0.60084034,0.60084034,0.54201681,0.49579832,0.54201681,0.48319328,0.48319328,0.53361345,0.54201681,0.44957983,0.54201681,0.52100840,0.48319328,0.49579832,0.55462185,0.49579832,0.49579832,0.54201681,0.48319328,0.49579832,0.54201681,0.54201681,0.54201681,0.54201681,0.54201681,0.48319328,0.49579832,0.54201681,0.60084034,0.54201681,0.48319328,0.50840336,0.60084034,0.56722689,0.60084034,0.55462185,0.48319328,0.54201681,0.53361345,0.49579832,0.54201681,0.54201681,0.48319328,0.55462185,0.54201681,0.49579832,0.50840336,0.54201681,0.54201681,0.54201681,0.54201681,0.54201681,0.50840336,0.54201681,0.54201681,0.54201681,0.54201681,0.60084034,0.57983193,0.48319328,0.54201681,0.49579832,0.56722689,0.54201681,0.49579832,0.55462185,0.54201681,0.48319328,0.50840336,0.48319328,0.54201681,0.48319328,0.54201681,0.54201681,0.54201681,0.60084034,0.55462185,0.60084034,0.49579832,0.54201681,0.49579832,0.55462185,0.54201681,0.54201681,0.54201681,0.49579832,0.55462185,0.54201681,0.54201681,0.49579832,0.49579832,0.55462185,0.54201681,0.54201681,0.54201681,0.50840336,0.47899160,0.50840336,0.54201681,0.56722689,0.54201681,0.50840336,0.54201681,0.50840336,0.57983193,0.54201681,0.60084034,0.55462185,0.56722689,0.50840336,0.49579832,0.54201681,0.54201681,0.54201681,0.49579832,0.54201681,0.60084034,0.54201681,0.54201681,0.48319328,0.60084034,0.54201681,0.49579832,0.48319328,0.60084034,0.60084034,0.49579832,0.54201681,0.49579832,0.57983193,0.49579832,0.54201681,0.54201681,0.60084034,0.49579832,0.49579832,0.53361345,0.54201681,0.54201681,0.49579832,0.56722689,0.54201681,0.54201681,0.54201681,0.54201681,0.48319328,0.48319328,0.60084034,0.54201681,0.60084034,0.54201681,0.49579832,0.49579832,0.60084034,0.54201681,0.54201681,0.55462185,0.50840336,0.54201681,0.54201681,0.54201681,0.50840336,0.54201681,0.60084034,0.56722689,0.60084034,0.55462185,0.54201681,0.55462185,0.54201681,0.54201681,0.49579832,0.54201681,0.54201681,0.54201681,0.54201681,0.50840336,0.54201681,0.54201681
353.114094,0.60084034,0.54201681,0.54201681,0.53781513,0.48319328,0.54201681,0.55462185,0.60084034,0.54201681,0.54201681,0.54201681,0.60084034,0.54201681,0.54201681,0.54201681,0.49579832,0.60084034,0.54201681,0.55462185,0.60084034,0.54201681,0.60084034,0.60084034,0.54201681,0.49579832,0.54201681,0.48319328,0.48319328,0.53361345,0.54201681,0.44957983,0.54201681,0.52100840,0.48319328,0.49579832,0.60084034,0.49579832,0.49579832,0.54201681,0.48319328,0.49579832,0.54201681,0.54201681,0.54201681,0.54201681,0.54201681,0.48319328,0.49579832,0.54201681,0.60084034,0.54201681,0.48319328,0.50840336,0.60084034,0.56722689,0.60084034,0.55462185,0.54201681,0.54201681,0.53361345,0.49579832,0.54201681,0.54201681,0.48319328,0.55462185,0.54201681,0.49579832,0.54201681,0.54201681,0.54201681,0.54201681,0.54201681,0.54201681,0.50840336,0.54201681,0.54201681,0.54201681,0.54201681,0.60084034,0.57983193,0.48319328,0.54201681,0.49579832,0.56722689,0.54201681,0.49579832,0.55462185,0.54201681,0.48319328,0.50840336,0.48319328,0.54201681,0.48319328,0.54201681,0.54201681,0.54201681,0.60084034,0.55462185,0.60084034,0.49579832,0.54201681,0.49579832,0.55462185,0.54201681,0.54201681,0.54201681,0.49579832,0.55462185,0.54201681,0.54201681,0.49579832,0.49579832,0.55462185,0.54201681,0.54201681,0.54201681,0.50840336,0.47899160,0.50840336,0.54201681,0.56722689,0.54201681,0.50840336,0.54201681,0.50840336,0.57983193,0.54201681,0.60084034,0.55462185,0.56722689,0.50840336,0.50840336,0.54201681,0.54201681,0.54201681,0.49579832,0.54201681,0.60084034,0.54201681,0.54201681,0.48319328,0.60084034,0.54201681,0.49579832,0.48319328,0.60084034,0.60084034,0.49579832,0.54201681,0.49579832,0.57983193,0.49579832,0.54201681,0.54201681,0.60084034,0.49579832,0.49579832,0.53361345,0.54201681,0.54201681,0.49579832,0.56722689,0.54201681,0.54201681,0.54201681,0.54201681,0.48319328,0.48319328,0.60084034,0.54201681,0.60084034,0.54201681,0.49579832,0.49579832,0.60084034,0.54201681,0.54201681,0.55462185,0.50840336,0.54201681,0.54201681,0.54201681,0.50840336,0.54201681,0.60084034,0.56722689,0.60084034,0.55462185,0.54201681,0.55462185,0.54201681,0.54201681,0.49579832,0.54201681,0.54201681,0.54201681,0.54201681,0.50840336,0.55462185,0.54201681
363.174497,0.60084034,0.54201681,0.54201681,0.53781513,0.48319328,0.54201681,0.55462185,0.60084034,0.54201681,0.54201681,0.54201681,0.60084034,0.54201681,0.54201681,0.54201681,0.49579832,0.60084034,0.54201681,0.55462185,0.60084034,0.54201681,0.60084034,0.60084034,0.54201681,0.49579832,0.54201681,0.48319328,0.48319328,0.53361345,0.54201681,0.44957983,0.54201681,0.52100840,0.48319328,0.49579832,0.60084034,0.49579832,0.49579832,0.54201681,0.48319328,0.49579832,0.54201681,0.54201681,0.54201681,0.54201681,0.54201681,0.48319328,0.49579832,0.60084034,0.60084034,0.54201681,0.48319328,0.50840336,0.60084034,0.60084034,0.60084034,0.55462185,0.54201681,0.54201681,0.53361345,0.49579832,0.54201681,0.54201681,0.48319328,0.55462185,0.54201681,0.49579832,0.54201681,0.54201681,0.54201681,0.54201681,0.54201681,0.54201681,0.50840336,0.54201681,0.54201681,0.54201681,0.54201681,0.60084034,0.57983193,0.48319328,0.54201681,0.49579832,0.57983193,0.54201681,0.49579832,0.55462185,0.54201681,0.48319328,0.50840336,0.48319328,0.54201681,0.54201681,0.54201681,0.54201681,0.54201681,0.60084034,0.55462185,0.60084034,0.49579832,0.54201681,0.49579832,0.55462185,0.54201681,0.54201681,0.54201681,0.49579832,0.55462185,0.54201681,0.54201681,0.49579832,0.49579832,0.55462185,0.54201681,0.54201681,0.54201681,0.54201681,0.47899160,0.50840336,0.54201681,0.56722689,0.54201681,0.50840336,0.54201681,0.50840336,0.57983193,0.54201681,0.60084034,0.55462185,0.56722689,0.50840336,0.50840336,0.54201681,0.54201681,0.54201681,0.49579832,0.54201681,0.60084034,0.54201681,0.54201681,0.48319328,0.60084034,0.54201681,0.49579832,0.48319328,0.60084034,0.60084034,0.54201681,0.54201681,0.49579832,0.57983193,0.49579832,0.54201681,0.54201681,0.60084034,0.49579832,0.49579832,0.53361345,0.54201681,0.54201681,0.49579832,0.56722689,0.54201681,0.54201681,0.54201681,0.54201681,0.54201681,0.48319328,0.60084034,0.54201681,0.60084034,0.54201681,0.54201681,0.49579832,0.60084034,0.54201681,0.54201681,0.60084034,0.50840336,0.54201681,0.54201681,0.54201681,0.56722689,0.54201681,0.60084034,0.56722689,0.60084034,0.55462185,0.54201681,0.55462185,0.54201681,0.54201681,0.49579832,0.54201681,0.54201681,0.60084034,0.54201681,0.50840336,0.55462185,0.54201681
373.234899,0.60084034,0.54201681,0.54201681,0.53781513,0.48319328,0.54201681,0.55462185,0.60084034,0.54201681,0.54201681,0.54201681,0.60084034,0.54201681,0.54201681,0.54201681,0.49579832,0.60084034,0.54201681,0.55462185,0.60084034,0.54201681,0.60084034,0.60084034,0.54201681,0.49579832,0.54201681,0.48319328,0.48319328,0.53361345,0.54201681,0.50840336,0.54201681,0.52100840,0.54201681,0.49579832,0.60084034,0.49579832,0.49579832,0.54201681,0.48319328,0.49579832,0.54201681,0.54201681,0.54201681,0.54201681,0.54201681,0.54201681,0.49579832,0.60084034,0.60084034,0.54201681,0.48319328,0.50840336,0.60084034,0.60084034,0.60084034,0.55462185,0.54201681,0.54201681,0.53361345,0.49579832,0.54201681,0.54201681,0.48319328,0.55462185,0.54201681,0.49579832,0.54201681,0.54201681,0.54201681,0.54201681,0.54201681,0.54201681,0.50840336,0.54201681,0.54201681,0.54201681,0.54201681,0.60084034,0.57983193,0.48319328,0.54201681,0.49579832,0.57983193,0.54201681,0.49579832,0.55462185,0.54201681,0.48319328,0.50840336,0.48319328,0.54201681,0.54201681,0.54201681,0.54201681,0.54201681,0.60084034,0.55462185,0.60084034,0.49579832,0.54201681,0.49579832,0.55462185,0.54201681,0.54201681,0.54201681,0.50840336,0.55462185,0.54201681,0.54201681,0.49579832,0.50840336,0.55462185,0.54201681,0.54201681,0.54201681,0.54201681,0.47899160,0.50840336,0.54201681,0.56722689,0.54201681,0.50840336,0.54201681,0.50840336,0.57983193,0.54201681,0.60084034,0.55462185,0.56722689,0.50840336,0.50840336,0.54201681,0.54201681,0.54201681,0.49579832,0.54201681,0.60084034,0.54201681,0.54201681,0.48319328,0.60084034,0.54201681,0.49579832,0.48319328,0.60084034,0.60084034,0.54201681,0.54201681,0.49579832,0.57983193,0.49579832,0.54201681,0.54201681,0.60084034,0.49579832,0.49579832,0.53361345,0.54201681,0.54201681,0.49579832,0.57983193,0.54201681,0.54201681,0.54201681,0.54201681,0.54201681,0.48319328,0.60084034,0.54201681,0.60084034,0.54201681,0.54201681,0.49579832,0.60084034,0.54201681,0.54201681,0.60084034,0.50840336,0.54201681,0.54201681,0.54201681,0.56722689,0.54201681,0.60084034,0.56722689,0.60084034,0.56722689,0.54201681,0.55462185,0.54201681,0.54201681,0.49579832,0.54201681,0.54201681,0.60084034,0.54201681,0.50840336,0.55462185,0.54201681
383.295302,0.60084034,0.54201681,0.54201681,0.53781513,0.54201681,0.54201681,0.55462185,0.60084034,0.54201681,0.54201681,0.54201681,0.60084034,0.54201681,0.54201681,0.54201681,0.49579832,0.60084034,0.54201681,0.55462185,0.60084034,0.54201681,0.60084034,0.60084034,0.54201681,0.56722689,0.54201681,0.48319328,0.48319328,0.55462185,0.54201681,0.50840336,0.54201681,0.55462185,0.54201681,0.49579832,0.60084034,0.49579832,0.49579832,0.54201681,0.54201681,0.49579832,0.54201681,0.54201681,0.54201681,0.54201681,0.54201681,0.54201681,0.49579832,0.60084034,0.60084034,0.54201681,0.48319328,0.50840336,0.60084034,0.60084034,0.60084034,0.55462185,0.54201681,0.54201681,0.53361345,0.49579832,0.54201681,0.54201681,0.48319328,0.55462185,0.54201681,0.52100840,0.54201681,0.54201681,0.54201681,0.54201681,0.54201681,0.54201681,0.50840336,0.54201681,0.54201681,0.54201681,0.54201681,0.60084034,0.57983193,0.48319328,0.54201681,0.49579832,0.60084034,0.54201681,0.49579832,0.55462185,0.54201681,0.48319328,0.50840336,0.48319328,0.54201681,0.54201681,0.54201681,0.54201681,0.54201681,0.60084034,0.55462185,0.60084034,0.49579832,0.54201681,0.49579832,0.56722689,0.54201681,0.54201681,0.54201681,0.50840336,0.55462185,0.54201681,0.54201681,0.49579832,0.50840336,0.55462185,0.54201681,0.54201681,0.54201681,0.54201681,0.47899160,0.50840336,0.54201681,0.56722689,0.54201681,0.56722689,0.54201681,0.50840336,0.57983193,0.54201681,0.60084034,0.55462185,0.56722689,0.50840336,0.50840336,0.54201681,0.54201681,0.54201681,0.49579832,0.54201681,0.60084034,0.54201681,0.54201681,0.48319328,0.60084034,0.54201681,0.49579832,0.48319328,0.60084034,0.60084034,0.54201681,0.54201681,0.55462185,0.57983193,0.49579832,0.54201681,0.54201681,0.60084034,0.49579832,0.49579832,0.53361345,0.54201681,0.54201681,0.49579832,0.60084034,0.54201681,0.54201681,0.54201681,0.54201681,0.54201681,0.48319328,0.60084034,0.54201681,0.60084034,0.54201681,0.54201681,0.49579832,0.60084034,0.54201681,0.54201681,0.60084034,0.50840336,0.54201681,0.54201681,0.54201681,0.56722689,0.54201681,0.60084034,0.56722689,0.60084034,0.56722689,0.54201681,0.55462185,0.54201681,0.54201681,0.49579832,0.54201681,0.54201681,0.60084034,0.54201681,0.50840336,0.55462185,0.54201681
393.355705,0.60084034,0.54201681,0.54201681,0.53781513,0.54201681,0.54201681,0.55462185,0.60084034,0.54201681,0.54201681,0.54201681,0.60084034,0.54201681,0.54201681,0.54201681,0.49579832,0.60084034,0.54201681,0.55462185,0.60084034,0.54201681,0.60084034,0.60084034,0.54201681,0.56722689,0.54201681,0.48319328,0.48319328,0.55462185,0.54201681,0.50840336,0.54201681,0.55462185,0.54201681,0.50840336,0.60084034,0.49579832,0.49579832,0.54201681,0.54201681,0.49579832,0.54201681,0.54201681,0.54201681,0.54201681,0.54201681,0.54201681,0.49579832,0.60084034,0.60084034,0.54201681,0.48319328,0.50840336,0.60084034,0.60084034,0.60084034,0.55462185,0.54201681,0.54201681,0.53361345,0.49579832,0.54201681,0.54201681,0.48319328,0.55462185,0.54201681,0.52100840,0.54201681,0.54201681,0.54201681,0.54201681,0.54201681,0.54201681,0.50840336,0.54201681,0.54201681,0.54201681,0.54201681,0.60084034,0.57983193,0.48319328,0.54201681,0.49579832,0.60084034,0.54201681,0.49579832,0.55462185,0.54201681,0.54201681,0.50840336,0.48319328,0.54201681,0.54201681,0.54201681,0.54201681,0.54201681,0.60084034,0.55462185,0.60084034,0.49579832,0.54201681,0.49579832,0.56722689,0.54201681,0.54201681,0.54201681,0.50840336,0.55462185,0.54201681,0.54201681,0.49579832,0.50840336,0.55462185,0.54201681,0.54201681,0.54201681,0.54201681,0.47899160,0.50840336,0.54201681,0.56722689,0.54201681,0.56722689,0.54201681,0.50840336,0.57983193,0.54201681,0.60084034,0.55462185,0.60084034,0.50840336,0.50840336,0.54201681,0.54201681,0.54201681,0.49579832,0.54201681,0.60084034,0.54201681,0.54201681,0.48319328,0.60084034,0.54201681,0.49579832,0.48319328,0.60084034,0.60084034,0.54201681,0.54201681,0.55462185,0.57983193,0.49579832,0.54201681,0.54201681,0.60084034,0.49579832,0.49579832,0.53361345,0.54201681,0.60084034,0.49579832,0.60084034,0.54201681,0.54201681,0.54201681,0.54201681,0.54201681,0.48319328,0.60084034,0.54201681,0.60084034,0.54201681,0.54201681,0.49579832,0.60084034,0.54201681,0.54201681,0.60084034,0.54201681,0.60084034,0.54201681,0.60084034,0.56722689,0.54201681,0.60084034,0.56722689,0.60084034,0.56722689,0.54201681,0.55462185,0.54201681,0.54201681,0.49579832,0.54201681,0.54201681,0.60084034,0.54201681,0.50840336,0.55462185,0.54201681
403.416107,0.60084034,0.54201681,0.60084034,0.53781513,0.54201681,0.54201681,0.55462185,0.60084034,0.54201681,0.54201681,0.54201681,0.60084034,0.54201681,0.54201681,0.54201681,0.49579832,0.60084034,0.54201681,0.55462185,0.60084034,0.54201681,0.60084034,0.60084034,0.54201681,0.60084034,0.54201681,0.48319328,0.48319328,0.55462185,0.54201681,0.50840336,0.54201681,0.55462185,0.54201681,0.50840336,0.60084034,0.49579832,0.55462185,0.54201681,0.54201681,0.49579832,0.54201681,0.54201681,0.54201681,0.54201681,0.54201681,0.54201681,0.49579832,0.60084034,0.60084034,0.54201681,0.48319328,0.50840336,0.60084034,0.60084034,0.60084034,0.55462185,0.54201681,0.54201681,0.53361345,0.49579832,0.54201681,0.54201681,0.48319328,0.55462185,0.54201681,0.52100840,0.54201681,0.54201681,0.54201681,0.54201681,0.54201681,0.54201681,0.50840336,0.54201681,0.54201681,0.54201681,0.54201681,0.60084034,0.57983193,0.48319328,0.54201681,0.49579832,0.60084034,0.54201681,0.49579832,0.55462185,0.54201681,0.54201681,0.50840336,0.48319328,0.54201681,0.54201681,0.54201681,0.54201681,0.54201681,0.60084034,0.55462185,0.60084034,0.49579832,0.54201681,0.49579832,0.56722689,0.54201681,0.54201681,0.54201681,0.50840336,0.55462185,0.54201681,0.54201681,0.55462185,0.54201681,0.60084034,0.54201681,0.54201681,0.54201681,0.54201681,0.47899160,0.50840336,0.54201681,0.56722689,0.54201681,0.56722689,0.54201681,0.50840336,0.57983193,0.54201681,0.60084034,0.55462185,0.60084034,0.50840336,0.50840336,0.54201681,0.54201681,0.54201681,0.49579832,0.54201681,0.60084034,0.54201681,0.54201681,0.48319328,0.60084034,0.54201681,0.49579832,0.48319328,0.60084034,0.60084034,0.54201681,0.54201681,0.55462185,0.57983193,0.49579832,0.54201681,0.54201681,0.60084034,0.54201681,0.49579832,0.53361345,0.54201681,0.60084034,0.49579832,0.60084034,0.54201681,0.54201681,0.54201681,0.54201681,0.54201681,0.48319328,0.60084034,0.54201681,0.60084034,0.54201681,0.54201681,0.49579832,0.60084034,0.54201681,0.54201681,0.60084034,0.54201681,0.60084034,0.54201681,0.60084034,0.56722689,0.54201681,0.60084034,0.56722689,0.60084034,0.60084034,0.54201681,0.55462185,0.54201681,0.54201681,0.55462185,0.54201681,0.54201681,0.60084034,0.54201681,0.50840336,0.55462185,0.54201681
413.476510,0.60084034,0.54201681,0.60084034,0.53781513,0.54201681,0.60084034,0.55462185,0.60084034,0.60084034,0.54201681,0.54201681,0.60084034,0.60084034,0.54201681,0.54201681,0.49579832,0.60084034,0.60084034,0.55462185,0.60084034,0.54201681,0.60084034,0.60084034,0.54201681,0.61344538,0.54201681,0.48319328,0.48319328,0.55462185,0.54201681,0.50840336,0.54201681,0.55462185,0.54201681,0.50840336,0.60084034,0.49579832,0.55462185,0.54201681,0.54201681,0.49579832,0.54201681,0.60084034,0.60084034,0.57983193,0.55462185,0.54201681,0.49579832,0.60084034,0.60084034,0.54201681,0.50840336,0.50840336,0.60084034,0.60084034,0.60084034,0.55462185,0.60084034,0.54201681,0.53361345,0.49579832,0.54201681,0.54201681,0.48319328,0.55462185,0.54201681,0.52100840,0.60084034,0.54201681,0.54201681,0.54201681,0.54201681,0.54201681,0.55462185,0.55462185,0.54201681,0.54201681,0.54201681,0.60084034,0.57983193,0.48319328,0.54201681,0.49579832,0.62605042,0.60084034,0.49579832,0.55462185,0.57983193,0.54201681,0.50840336,0.48319328,0.54201681,0.54201681,0.54201681,0.54201681,0.54201681,0.60084034,0.55462185,0.65966387,0.49579832,0.54201681,0.49579832,0.56722689,0.54201681,0.60084034,0.60084034,0.55462185,0.55462185,0.60084034,0.60084034,0.55462185,0.55462185,0.60084034,0.54201681,0.54201681,0.54201681,0.54621849,0.53781513,0.50840336,0.54201681,0.56722689,0.57983193,0.56722689,0.54201681,0.50840336,0.57983193,0.54201681,0.60084034,0.55462185,0.60084034,0.50840336,0.50840336,0.54201681,0.54201681,0.60084034,0.49579832,0.54201681,0.65966387,0.54201681,0.60084034,0.54201681,0.65126050,0.54201681,0.49579832,0.48319328,0.60084034,0.60084034,0.60084034,0.60084034,0.55462185,0.57983193,0.49579832,0.55462185,0.54201681,0.60084034,0.54201681,0.49579832,0.53361345,0.55462185,0.61344538,0.49579832,0.60084034,0.55462185,0.54201681,0.54201681,0.60084034,0.54201681,0.49579832,0.61344538,0.54201681,0.65966387,0.54201681,0.54201681,0.49579832,0.60084034,0.54201681,0.60084034,0.60084034,0.54201681,0.60084034,0.54201681,0.60084034,0.56722689,0.55462185,0.60084034,0.56722689,0.60084034,0.60084034,0.57983193,0.55462185,0.54201681,0.54201681,0.55462185,0.55462185,0.54201681,0.60084034,0.60084034,0.50840336,0.55462185,0.57983193
423.536913,0.65966387,0.60084034,0.61344538,0.59663866,0.57983193,0.60084034,0.61344538,0.65966387,0.60084034,0.60084034,0.55462185,0.65966387,0.60084034,0.60084034,0.60084034,0.55462185,0.65966387,0.60084034,0.60504202,0.60084034,0.60084034,0.65966387,0.65966387,0.54201681,0.65966387,0.54201681,0.48319328,0.54201681,0.61344538,0.54621849,0.56722689,0.60084034,0.61344538,0.54201681,0.50840336,0.60504202,0.50840336,0.61344538,0.60084034,0.60084034,0.55462185,0.60084034,0.60084034,0.60084034,0.60084034,0.60084034,0.60084034,0.55462185,0.63865546,0.65966387,0.60084034,0.50840336,0.50840336,0.65966387,0.65966387,0.62605042,0.61344538,0.60084034,0.60084034,0.53361345,0.55462185,0.60084034,0.60084034,0.54201681,0.61344538,0.60084034,0.57983193,0.60084034,0.54201681,0.60084034,0.57983193,0.60084034,0.60084034,0.61344538,0.60084034,0.60084034,0.60084034,0.60084034,0.65966387,0.63865546,0.54201681,0.54201681,0.50840336,0.65966387,0.60084034,0.55462185,0.55462185,0.60084034,0.60084034,0.50840336,0.49579832,0.60084034,0.60084034,0.60084034,0.60084034,0.60084034,0.60084034,0.61344538,0.65966387,0.55462185,0.57983193,0.49579832,0.62605042,0.54201681,0.60084034,0.60084034,0.60084034,0.61344538,0.60084034,0.60084034,0.61344538,0.61344538,0.62605042,0.60084034,0.60084034,0.60084034,0.60084034,0.53781513,0.56722689,0.60084034,0.56722689,0.60084034,0.62605042,0.60084034,0.56722689,0.63865546,0.60084034,0.65966387,0.61344538,0.65966387,0.56722689,0.56722689,0.55462185,0.60084034,0.60084034,0.55462185,0.60084034,0.65966387,0.60084034,0.60084034,0.60084034,0.65966387,0.60084034,0.49579832,0.60084034,0.65966387,0.61344538,0.60084034,0.60084034,0.61344538,0.63865546,0.55462185,0.60084034,0.54201681,0.65966387,0.60084034,0.52100840,0.53361345,0.60084034,0.65966387,0.55462185,0.62605042,0.60084034,0.60084034,0.60084034,0.60084034,0.60084034,0.54201681,0.65966387,0.60084034,0.65966387,0.54201681,0.55462185,0.55462185,0.65966387,0.60084034,0.60084034,0.61344538,0.60084034,0.61344538,0.60084034,0.65966387,0.56722689,0.60084034,0.65966387,0.62605042,0.65966387,0.62605042,0.60084034,0.61344538,0.60084034,0.60084034,0.55462185,0.60084034,0.60084034,0.65966387,0.60084034,0.56722689,0.55462185,0.60084034
433.597315,0.65966387,0.60084034,0.65966387,0.59663866,0.60084034,0.60084034,0.61344538,0.65966387,0.60084034,0.60084034,0.60084034,0.65966387,0.60084034,0.60084034,0.60084034,0.61344538,0.65966387,0.60084034,0.61344538,0.65966387,0.60084034,0.65966387,0.65966387,0.60084034,0.65966387,0.60084034,0.54201681,0.54201681,0.61344538,0.60084034,0.56722689,0.60084034,0.61344538,0.60084034,0.56722689,0.65966387,0.56722689,0.61344538,0.60084034,0.60084034,0.55462185,0.60084034,0.60084034,0.60084034,0.60084034,0.60084034,0.60084034,0.55462185,0.65966387,0.65966387,0.60084034,0.56722689,0.56722689,0.65966387,0.65966387,0.65966387,0.61344538,0.60084034,0.60084034,0.59243697,0.55462185,0.60084034,0.60084034,0.54201681,0.65966387,0.60084034,0.57983193,0.60084034,0.60084034,0.60084034,0.60084034,0.60084034,0.60084034,0.61344538,0.60084034,0.60084034,0.60084034,0.60084034,0.65966387,0.63865546,0.54201681,0.60084034,0.56722689,0.65966387,0.60084034,0.55462185,0.61344538,0.60084034,0.60084034,0.56722689,0.55462185,0.60084034,0.60084034,0.60084034,0.60084034,0.60084034,0.65966387,0.62605042,0.65966387,0.55462185,0.60084034,0.55462185,0.62605042,0.60084034,0.60084034,0.60084034,0.60084034,0.61344538,0.60084034,0.60084034,0.61344538,0.61344538,0.65966387,0.60084034,0.60084034,0.60084034,0.60084034,0.53781513,0.56722689,0.60084034,0.62605042,0.60084034,0.62605042,0.60084034,0.56722689,0.65966387,0.61344538,0.65966387,0.61344538,0.65966387,0.56722689,0.56722689,0.60084034,0.60084034,0.60084034,0.55462185,0.60084034,0.65966387,0.65966387,0.60084034,0.60084034,0.65966387,0.60084034,0.55462185,0.60084034,0.65966387,0.65966387,0.60084034,0.60084034,0.61344538,0.63865546,0.55462185,0.60084034,0.60084034,0.65966387,0.60084034,0.55462185,0.59243697,0.60084034,0.65966387,0.55462185,0.65966387,0.60084034,0.60084034,0.60084034,0.60084034,0.60084034,0.54201681,0.65966387,0.60084034,0.65966387,0.60084034,0.60084034,0.55462185,0.65966387,0.60084034,0.60084034,0.65966387,0.60084034,0.65966387,0.60084034,0.65966387,0.62605042,0.60084034,0.65966387,0.65966387,0.65966387,0.65966387,0.60084034,0.61344538,0.60084034,0.60084034,0.61344538,0.60084034,0.60084034,0.65966387,0.60084034,0.56722689,0.61344538,0.60084034
443.657718,0.65966387,0.60084034,0.65966387,0.59663866,0.60084034,0.60084034,0.61344538,0.65966387,0.60084034,0.60084034,0.60084034,0.65966387,0.60084034,0.60084034,0.60084034,0.61344538,0.65966387,0.60084034,0.61344538,0.65966387,0.60084034,0.65966387,0.65966387,0.60084034,0.65966387,0.60084034,0.54201681,0.54201681,0.61344538,0.60084034,0.56722689,0.60084034,0.61344538,0.60084034,0.61344538,0.65966387,0.56722689,0.61344538,0.60084034,0.60084034,0.55462185,0.60084034,0.60084034,0.60084034,0.60084034,0.60084034,0.60084034,0.55462185,0.65966387,0.65966387,0.60084034,0.56722689,0.56722689,0.65966387,0.65966387,0.65966387,0.61344538,0.60084034,0.60084034,0.59243697,0.55462185,0.60084034,0.60084034,0.54201681,0.65966387,0.60084034,0.57983193,0.60084034,0.60084034,0.60084034,0.60084034,0.60084034,0.60084034,0.61344538,0.60084034,0.60084034,0.60084034,0.60084034,0.65966387,0.63865546,0.54201681,0.60084034,0.56722689,0.65966387,0.60084034,0.55462185,0.61344538,0.60084034,0.60084034,0.56722689,0.55462185,0.60084034,0.60084034,0.60084034,0.60084034,0.60084034,0.65966387,0.62605042,0.65966387,0.55462185,0.60084034,0.62605042,0.62605042,0.60084034,0.60084034,0.60084034,0.60084034,0.61344538,0.60084034,0.60084034,0.61344538,0.61344538,0.65966387,0.60084034,0.60084034,0.60084034,0.60084034,0.53781513,0.56722689,0.60084034,0.62605042,0.60084034,0.63865546,0.60084034,0.60084034,0.65966387,0.61344538,0.65966387,0.61344538,0.65966387,0.62605042,0.60084034,0.60084034,0.60084034,0.60084034,0.55462185,0.60084034,0.65966387,0.65966387,0.60084034,0.60084034,0.65966387,0.60084034,0.60084034,0.60084034,0.65966387,0.65966387,0.60084034,0.60084034,0.61344538,0.63865546,0.55462185,0.60084034,0.60084034,0.65966387,0.60084034,0.55462185,0.59243697,0.60084034,0.65966387,0.55462185,0.65966387,0.60084034,0.60084034,0.60084034,0.60084034,0.60084034,0.55462185,0.65966387,0.60084034,0.65966387,0.60084034,0.60084034,0.55462185,0.65966387,0.60084034,0.60084034,0.65966387,0.60084034,0.65966387,0.60084034,0.65966387,0.62605042,0.60084034,0.65966387,0.65966387,0.65966387,0.65966387,0.60084034,0.61344538,0.60084034,0.60084034,0.61344538,0.60084034,0.65966387,0.65966387,0.60084034,0.56722689,0.61344538,0.60084034
453.718121,0.65966387,0.60084034,0.65966387,0.59663866,0.60084034,0.60084034,0.61344538,0.65966387,0.60084034,0.60084034,0.60084034,0.65966387,0.60084034,0.60084034,0.60084034,0.63865546,0.65966387,0.60084034,0.61344538,0.65966387,0.60084034,0.65966387,0.65966387,0.60084034,0.65966387,0.60084034,0.56722689,0.54201681,0.61344538,0.60084034,0.57983193,0.60084034,0.61344538,0.60084034,0.61344538,0.65966387,0.60084034,0.61344538,0.60084034,0.60084034,0.61344538,0.60084034,0.60084034,0.60084034,0.60084034,0.60084034,0.60084034,0.55462185,0.65966387,0.65966387,0.60084034,0.56722689,0.56722689,0.65966387,0.65966387,0.65966387,0.61344538,0.60084034,0.60084034,0.59243697,0.55462185,0.60084034,0.60084034,0.54201681,0.65966387,0.60084034,0.57983193,0.60084034,0.60084034,0.60084034,0.60084034,0.60084034,0.60084034,0.61344538,0.60084034,0.60084034,0.60084034,0.60084034,0.65966387,0.63865546,0.54201681,0.60084034,0.56722689,0.65966387,0.60084034,0.55462185,0.65966387,0.60084034,0.60084034,0.56722689,0.55462185,0.60084034,0.60084034,0.60084034,0.60084034,0.60084034,0.65966387,0.62605042,0.65966387,0.55462185,0.60084034,0.62605042,0.62605042,0.60084034,0.60084034,0.60084034,0.60084034,0.61344538,0.60084034,0.60084034,0.61344538,0.61344538,0.65966387,0.60084034,0.60084034,0.60084034,0.60084034,0.53781513,0.56722689,0.60084034,0.62605042,0.60084034,0.63865546,0.60084034,0.60084034,0.65966387,0.61344538,0.65966387,0.61344538,0.65966387,0.62605042,0.60084034,0.60084034,0.60084034,0.60084034,0.55462185,0.60084034,0.65966387,0.65966387,0.60084034,0.60084034,0.65966387,0.60084034,0.60084034,0.60084034,0.65966387,0.65966387,0.60084034,0.60084034,0.61344538,0.63865546,0.61344538,0.60084034,0.60084034,0.65966387,0.60084034,0.55462185,0.59243697,0.60084034,0.65966387,0.55462185,0.65966387,0.60084034,0.60084034,0.60084034,0.60084034,0.60084034,0.55462185,0.65966387,0.60084034,0.65966387,0.60084034,0.60084034,0.60084034,0.65966387,0.60084034,0.60084034,0.65966387,0.60084034,0.65966387,0.60084034,0.65966387,0.62605042,0.60084034,0.65966387,0.65966387,0.65966387,0.65966387,0.60084034,0.61344538,0.60084034,0.60084034,0.62605042,0.60084034,0.65966387,0.65966387,0.60084034,0.56722689,0.61344538,0.60084034
463.778523,0.65966387,0.60084034,0.65966387,0.59663866,0.60084034,0.60084034,0.65966387,0.65966387,0.60084034,0.60084034,0.60084034,0.65966387,0.60084034,0.60084034,0.60084034,0.63865546,0.65966387,0.60084034,0.61344538,0.65966387,0.60084034,0.65966387,0.65966387,0.60084034,0.65966387,0.65966387,0.56722689,0.54201681,0.61344538,0.60084034,0.62605042,0.60084034,0.62605042,0.60084034,0.61344538,0.65966387,0.60084034,0.61344538,0.60084034,0.60084034,0.61344538,0.60084034,0.60084034,0.60084034,0.60084034,0.60084034,0.60084034,0.55462185,0.65966387,0.65966387,0.60084034,0.56722689,0.62605042,0.65966387,0.65966387,0.65966387,0.61344538,0.60084034,0.65966387,0.59243697,0.61344538,0.60084034,0.60084034,0.54201681,0.65966387,0.60084034,0.57983193,0.60084034,0.60084034,0.60084034,0.60084034,0.60084034,0.60084034,0.61344538,0.60084034,0.60084034,0.60084034,0.60084034,0.65966387,0.65966387,0.54201681,0.60084034,0.56722689,0.65966387,0.60084034,0.55462185,0.65966387,0.60084034,0.60084034,0.56722689,0.55462185,0.60084034,0.60084034,0.60084034,0.60084034,0.60084034,0.65966387,0.62605042,0.65966387,0.55462185,0.60084034,0.62605042,0.62605042,0.60084034,0.60084034,0.60084034,0.60084034,0.61344538,0.60084034,0.60084034,0.61344538,0.61344538,0.65966387,0.60084034,0.60084034,0.60084034,0.60084034,0.53781513,0.56722689,0.60084034,0.62605042,0.60084034,0.63865546,0.60084034,0.60084034,0.65966387,0.61344538,0.65966387,0.65966387,0.65966387,0.62605042,0.60084034,0.60084034,0.60084034,0.60084034,0.55462185,0.60084034,0.65966387,0.65966387,0.60084034,0.60084034,0.65966387,0.60084034,0.60084034,0.60084034,0.65966387,0.65966387,0.60084034,0.60084034,0.65966387,0.65966387,0.61344538,0.60084034,0.60084034,0.65966387,0.60084034,0.55462185,0.60084034,0.60084034,0.65966387,0.55462185,0.65966387,0.60084034,0.60084034,0.60084034,0.60084034,0.60084034,0.55462185,0.65966387,0.60084034,0.65966387,0.60084034,0.60084034,0.60084034,0.65966387,0.60084034,0.60084034,0.65966387,0.60084034,0.65966387,0.60084034,0.65966387,0.62605042,0.60084034,0.65966387,0.65966387,0.65966387,0.65966387,0.60084034,0.61344538,0.60084034,0.60084034,0.62605042,0.60084034,0.65966387,0.65966387,0.60084034,0.56722689,0.61344538,0.60084034
473.838926,0.65966387,0.60084034,0.65966387,0.59663866,0.60084034,0.60084034,0.65966387,0.65966387,0.60084034,0.60084034,0.60084034,0.65966387,0.60084034,0.60084034,0.60084034,0.63865546,0.65966387,0.60084034,0.61344538,0.65966387,0.60084034,0.65966387,0.65966387,0.60084034,0.65966387,0.65966387,0.56722689,0.54201681,0.65966387,0.60084034,0.62605042,0.60084034,0.62605042,0.60084034,0.61344538,0.65966387,0.60084034,0.65966387,0.60084034,0.60084034,0.61344538,0.60084034,0.60084034,0.60084034,0.60084034,0.60084034,0.60084034,0.55462185,0.65966387,0.65966387,0.60084034,0.56722689,0.62605042,0.65966387,0.65966387,0.65966387,0.61344538,0.60084034,0.65966387,0.59243697,0.61344538,0.60084034,0.60084034,0.60084034,0.65966387,0.60084034,0.57983193,0.60084034,0.60084034,0.60084034,0.60084034,0.60084034,0.65966387,0.61344538,0.60084034,0.60084034,0.60084034,0.60084034,0.65966387,0.65966387,0.54201681,0.60084034,0.56722689,0.65966387,0.60084034,0.55462185,0.65966387,0.60084034,0.60084034,0.56722689,0.55462185,0.60084034,0.60084034,0.60084034,0.60084034,0.60084034,0.65966387,0.62605042,0.65966387,0.55462185,0.60084034,0.62605042,0.65966387,0.60084034,0.60084034,0.60084034,0.60084034,0.61344538,0.60084034,0.60084034,0.61344538,0.61344538,0.65966387,0.60084034,0.60084034,0.60084034,0.60084034,0.59663866,0.56722689,0.60084034,0.62605042,0.60084034,0.63865546,0.60084034,0.60084034,0.65966387,0.61344538,0.65966387,0.65966387,0.65966387,0.62605042,0.60084034,0.60084034,0.60084034,0.60084034,0.55462185,0.60084034,0.65966387,0.65966387,0.60084034,0.60084034,0.65966387,0.60084034,0.60084034,0.60084034,0.65966387,0.65966387,0.60084034,0.60084034,0.65966387,0.65966387,0.61344538,0.60084034,0.60084034,0.65966387,0.60084034,0.55462185,0.60084034,0.60084034,0.65966387,0.55462185,0.65966387,0.60084034,0.60084034,0.60084034,0.60084034,0.60084034,0.55462185,0.65966387,0.60084034,0.65966387,0.60084034,0.60084034,0.60084034,0.65966387,0.60084034,0.60084034,0.65966387,0.60084034,0.65966387,0.60084034,0.65966387,0.62605042,0.60084034,0.65966387,0.65966387,0.65966387,0.65966387,0.60084034,0.61344538,0.60084034,0.60084034,0.62605042,0.60084034,0.65966387,0.65966387,0.60084034,0.56722689,0.61344538,0.60084034
483.899329,0.65966387,0.60084034,0.65966387,0.59663866,0.60084034,0.60084034,0.65966387,0.65966387,0.60084034,0.60084034,0.60084034,0.65966387,0.60084034,0.60084034,0.60084034,0.65966387,0.65966387,0.60084034,0.61344538,0.65966387,0.60084034,0.65966387,0.65966387,0.60084034,0.65966387,0.65966387,0.56722689,0.60084034,0.65966387,0.60084034,0.62605042,0.60084034,0.62605042,0.60084034,0.61344538,0.65966387,0.60084034,0.65966387,0.60084034,0.60084034,0.62605042,0.60084034,0.60084034,0.60084034,0.60084034,0.60084034,0.60084034,0.55462185,0.65966387,0.65966387,0.60084034,0.56722689,0.62605042,0.65966387,0.65966387,0.65966387,0.61344538,0.60084034,0.65966387,0.59243697,0.61344538,0.60084034,0.60084034,0.60084034,0.65966387,0.60084034,0.57983193,0.60084034,0.60084034,0.60084034,0.60084034,0.60084034,0.65966387,0.61344538,0.60084034,0.60084034,0.65966387,0.60084034,0.65966387,0.65966387,0.54201681,0.60084034,0.56722689,0.65966387,0.60084034,0.55462185,0.65966387,0.60084034,0.60084034,0.56722689,0.55462185,0.60084034,0.60084034,0.60084034,0.60084034,0.60084034,0.65966387,0.62605042,0.65966387,0.55462185,0.60084034,0.62605042,0.65966387,0.60084034,0.60084034,0.60084034,0.60084034,0.61344538,0.60084034,0.60084034,0.61344538,0.61344538,0.65966387,0.60084034,0.60084034,0.60084034,0.60084034,0.59663866,0.62605042,0.60084034,0.62605042,0.60084034,0.65966387,0.60084034,0.60084034,0.65966387,0.61344538,0.65966387,0.65966387,0.65966387,0.62605042,0.60084034,0.60084034,0.60084034,0.60084034,0.55462185,0.60084034,0.65966387,0.65966387,0.60084034,0.60084034,0.65966387,0.60084034,0.60084034,0.60084034,0.65966387,0.65966387,0.60084034,0.60084034,0.65966387,0.65966387,0.61344538,0.60084034,0.60084034,0.65966387,0.60084034,0.57983193,0.60084034,0.60084034,0.65966387,0.55462185,0.65966387,0.60084034,0.60084034,0.60084034,0.60084034,0.60084034,0.55462185,0.65966387,0.60084034,0.65966387,0.60084034,0.60084034,0.60084034,0.65966387,0.60084034,0.60084034,0.65966387,0.60084034,0.65966387,0.60084034,0.65966387,0.62605042,0.60084034,0.65966387,0.65966387,0.65966387,0.65966387,0.60084034,0.61344538,0.60084034,0.60084034,0.62605042,0.60084034,0.65966387,0.65966387,0.60084034,0.56722689,0.61344538,0.60084034
493.959732,0.65966387,0.60084034,0.65966387,0.59663866,0.60084034,0.60084034,0.65966387,0.65966387,0.60084034,0.60084034,0.60084034,0.65966387,0.60084034,0.60084034,0.60084034,0.59663866,0.65966387,0.53781513,0.61344538,0.65966387,0.60084034,0.65966387,0.65966387,0.60084034,0.59663866,0.65966387,0.56722689,0.60084034,0.59663866,0.60084034,0.62605042,0.60084034,0.62605042,0.60084034,0.61344538,0.65966387,0.60084034,0.65966387,0.60084034,0.60084034,0.55462185,0.60084034,0.53781513,0.53781513,0.53781513,0.53781513,0.53781513,0.55462185,0.65966387,0.65966387,0.60084034,0.56722689,0.62605042,0.59663866,0.65966387,0.65966387,0.61344538,0.53781513,0.65966387,0.59243697,0.61344538,0.53781513,0.60084034,0.60084034,0.65966387,0.53781513,0.57983193,0.53781513,0.60084034,0.60084034,0.60084034,0.60084034,0.59663866,0.61344538,0.53781513,0.60084034,0.65966387,0.60084034,0.65966387,0.59663866,0.54201681,0.60084034,0.62605042,0.59663866,0.53781513,0.55462185,0.65966387,0.53781513,0.60084034,0.62605042,0.55462185,0.53781513,0.60084034,0.60084034,0.60084034,0.60084034,0.65966387,0.62605042,0.59663866,0.48739496,0.60084034,0.62605042,0.65966387,0.60084034,0.60084034,0.53781513,0.53781513,0.54621849,0.53781513,0.53781513,0.54621849,0.54621849,0.65966387,0.60084034,0.60084034,0.60084034,0.52100840,0.59663866,0.62605042,0.60084034,0.62605042,0.53781513,0.65966387,0.60084034,0.60084034,0.65966387,0.61344538,0.65966387,0.59663866,0.65966387,0.62605042,0.53781513,0.60084034,0.60084034,0.53781513,0.55462185,0.60084034,0.65966387,0.65966387,0.53781513,0.60084034,0.59663866,0.60084034,0.60084034,0.53781513,0.65966387,0.65966387,0.60084034,0.53781513,0.65966387,0.65966387,0.61344538,0.53781513,0.60084034,0.65966387,0.60084034,0.57983193,0.60084034,0.53781513,0.59663866,0.55462185,0.65966387,0.53781513,0.60084034,0.60084034,0.53781513,0.53781513,0.55462185,0.65966387,0.60084034,0.59663866,0.60084034,0.60084034,0.53781513,0.65966387,0.60084034,0.53781513,0.65966387,0.60084034,0.65966387,0.60084034,0.59663866,0.65966387,0.60084034,0.65966387,0.65966387,0.59663866,0.65966387,0.53781513,0.61344538,0.60084034,0.53781513,0.62605042,0.54621849,0.65966387,0.65966387,0.53781513,0.49579832,0.61344538,0.53781513
504.020134,0.59663866,0.53781513,0.59663866,0.53361345,0.53781513,0.53781513,0.59663866,0.59663866,0.53781513,0.53781513,0.53781513,0.59663866,0.53781513,0.53781513,0.53781513,0.59663866,0.59663866,0.53781513,0.54621849,0.59663866,0.53781513,0.59663866,0.59663866,0.53781513,0.59663866,0.59663866,0.49579832,0.53781513,0.59663866,0.52100840,0.55462185,0.53781513,0.56302521,0.60084034,0.59663866,0.59663866,0.53781513,0.59663866,0.53781513,0.53781513,0.55462185,0.53781513,0.53781513,0.53781513,0.53781513,0.53781513,0.53781513,0.48739496,0.59663866,0.59663866,0.53781513,0.49579832,0.55462185,0.59663866,0.59663866,0.59663866,0.54621849,0.53781513,0.59663866,0.51260504,0.54621849,0.53781513,0.53781513,0.53781513,0.59663866,0.53781513,0.50420168,0.53781513,0.53781513,0.53781513,0.53781513,0.53781513,0.59663866,0.54621849,0.53781513,0.53781513,0.65966387,0.53781513,0.59663866,0.59663866,0.47899160,0.53781513,0.55462185,0.59663866,0.53781513,0.54621849,0.59663866,0.53781513,0.53781513,0.55462185,0.48739496,0.53781513,0.53781513,0.53781513,0.53781513,0.53781513,0.65966387,0.59663866,0.59663866,0.48739496,0.53781513,0.62605042,0.59663866,0.53781513,0.53781513,0.53781513,0.53781513,0.55462185,0.53781513,0.53781513,0.59663866,0.54621849,0.59663866,0.53781513,0.53781513,0.53781513,0.52100840,0.53361345,0.55462185,0.53781513,0.55462185,0.53781513,0.59663866,0.53781513,0.53781513,0.59663866,0.54621849,0.59663866,0.59663866,0.59663866,0.55462185,0.53781513,0.53781513,0.53781513,0.53781513,0.48739496,0.53781513,0.59663866,0.59663866,0.59663866,0.53781513,0.59663866,0.53781513,0.53781513,0.53781513,0.59663866,0.59663866,0.53781513,0.53781513,0.59663866,0.59663866,0.54621849,0.53781513,0.60084034,0.59663866,0.53781513,0.50420168,0.53781513,0.53781513,0.59663866,0.48739496,0.59663866,0.53781513,0.53781513,0.53781513,0.53781513,0.53781513,0.48739496,0.59663866,0.53781513,0.59663866,0.60084034,0.53781513,0.53781513,0.59663866,0.53781513,0.53781513,0.59663866,0.53781513,0.59663866,0.53781513,0.59663866,0.59663866,0.53781513,0.59663866,0.59663866,0.59663866,0.59663866,0.53781513,0.54621849,0.53781513,0.53781513,0.55462185,0.54621849,0.59663866,0.59663866,0.53781513,0.49579832,0.54621849,0.53781513
514.080537,0.59663866,0.53781513,0.59663866,0.53361345,0.53781513,0.53781513,0.59663866,0.59663866,0.53781513,0.53781513,0.53781513,0.59663866,0.53781513,0.53781513,0.53781513,0.59663866,0.59663866,0.53781513,0.54621849,0.59663866,0.53781513,0.59663866,0.59663866,0.53781513,0.59663866,0.59663866,0.49579832,0.53781513,0.59663866,0.52100840,0.59663866,0.53781513,0.56302521,0.53781513,0.59663866,0.59663866,0.53781513,0.59663866,0.53781513,0.53781513,0.59663866,0.53781513,0.53781513,0.53781513,0.53781513,0.53781513,0.53781513,0.48739496,0.59663866,0.59663866,0.53781513,0.49579832,0.55462185,0.59663866,0.59663866,0.59663866,0.54621849,0.53781513,0.59663866,0.51260504,0.54621849,0.53781513,0.53781513,0.53781513,0.59663866,0.53781513,0.50420168,0.53781513,0.53781513,0.53781513,0.53781513,0.53781513,0.59663866,0.55462185,0.54621849,0.53781513,0.59663866,0.53781513,0.59663866,0.59663866,0.53781513,0.53781513,0.55462185,0.59663866,0.53781513,0.54621849,0.59663866,0.53781513,0.53781513,0.55462185,0.48739496,0.53781513,0.53781513,0.53781513,0.53781513,0.53781513,0.59663866,0.59663866,0.59663866,0.48739496,0.53781513,0.59663866,0.59663866,0.53781513,0.53781513,0.53781513,0.53781513,0.55462185,0.53781513,0.53781513,0.59663866,0.54621849,0.59663866,0.53781513,0.53781513,0.53781513,0.52100840,0.53361345,0.55462185,0.53781513,0.55462185,0.53781513,0.59663866,0.53781513,0.53781513,0.59663866,0.54621849,0.59663866,0.59663866,0.59663866,0.55462185,0.53781513,0.53781513,0.53781513,0.53781513,0.48739496,0.53781513,0.59663866,0.59663866,0.59663866,0.53781513,0.59663866,0.53781513,0.53781513,0.53781513,0.59663866,0.59663866,0.53781513,0.53781513,0.59663866,0.59663866,0.54621849,0.53781513,0.53781513,0.59663866,0.53781513,0.50420168,0.53781513,0.53781513,0.59663866,0.48739496,0.59663866,0.53781513,0.53781513,0.53781513,0.53781513,0.53781513,0.48739496,0.59663866,0.53781513,0.59663866,0.59663866,0.53781513,0.53781513,0.59663866,0.53781513,0.53781513,0.59663866,0.53781513,0.59663866,0.53781513,0.59663866,0.59663866,0.53781513,0.59663866,0.59663866,0.59663866,0.59663866,0.53781513,0.59663866,0.53781513,0.53781513,0.55462185,0.54621849,0.59663866,0.59663866,0.53781513,0.49579832,0.54621849,0.53781513
524.140940,0.59663866,0.53781513,0.59663866,0.53361345,0.53781513,0.53781513,0.59663866,0.59663866,0.53781513,0.53781513,0.53781513,0.59663866,0.53781513,0.59663866,0.53781513,0.59663866,0.59663866,0.53781513,0.54621849,0.59663866,0.53781513,0.59663866,0.59663866,0.53781513,0.59663866,0.59663866,0.49579832,0.53781513,0.59663866,0.53781513,0.59663866,0.53781513,0.56302521,0.53781513,0.59663866,0.59663866,0.53781513,0.59663866,0.53781513,0.53781513,0.59663866,0.53781513,0.53781513,0.53781513,0.53781513,0.53781513,0.53781513,0.48739496,0.59663866,0.59663866,0.53781513,0.49579832,0.55462185,0.59663866,0.59663866,0.59663866,0.54621849,0.53781513,0.59663866,0.51260504,0.54621849,0.53781513,0.53781513,0.53781513,0.59663866,0.53781513,0.50420168,0.53781513,0.53781513,0.53781513,0.53781513,0.53781513,0.59663866,0.55462185,0.54621849,0.53781513,0.59663866,0.53781513,0.59663866,0.59663866,0.53781513,0.53781513,0.59663866,0.59663866,0.53781513,0.54621849,0.59663866,0.53781513,0.53781513,0.55462185,0.48739496,0.53781513,0.53781513,0.53781513,0.53781513,0.53781513,0.59663866,0.59663866,0.59663866,0.48739496,0.53781513,0.59663866,0.59663866,0.53781513,0.53781513,0.53781513,0.53781513,0.55462185,0.53781513,0.53781513,0.59663866,0.54621849,0.59663866,0.53781513,0.53781513,0.53781513,0.52100840,0.53361345,0.55462185,0.53781513,0.55462185,0.53781513,0.59663866,0.53781513,0.53781513,0.59663866,0.54621849,0.59663866,0.59663866,0.59663866,0.55462185,0.53781513,0.53781513,0.53781513,0.53781513,0.53781513,0.53781513,0.59663866,0.59663866,0.59663866,0.53781513,0.59663866,0.53781513,0.53781513,0.53781513,0.59663866,0.59663866,0.53781513,0.53781513,0.59663866,0.59663866,0.54621849,0.53781513,0.53781513,0.59663866,0.53781513,0.50420168,0.53781513,0.53781513,0.59663866,0.48739496,0.59663866,0.53781513,0.53781513,0.53781513,0.53781513,0.53781513,0.48739496,0.59663866,0.53781513,0.59663866,0.59663866,0.53781513,0.53781513,0.59663866,0.53781513,0.53781513,0.59663866,0.53781513,0.59663866,0.53781513,0.59663866,0.59663866,0.53781513,0.59663866,0.59663866,0.59663866,0.59663866,0.53781513,0.59663866,0.53781513,0.53781513,0.59663866,0.54621849,0.59663866,0.59663866,0.53781513,0.55462185,0.59663866,0.53781513
534.201342,0.59663866,0.53781513,0.59663866,0.53361345,0.53781513,0.53781513,0.59663866,0.59663866,0.53781513,0.53781513,0.53781513,0.59663866,0.53781513,0.59663866,0.53781513,0.59663866,0.59663866,0.53781513,0.54621849,0.59663866,0.53781513,0.59663866,0.59663866,0.53781513,0.59663866,0.59663866,0.49579832,0.53781513,0.59663866,0.53781513,0.59663866,0.53781513,0.56302521,0.53781513,0.59663866,0.59663866,0.53781513,0.59663866,0.53781513,0.53781513,0.59663866,0.53781513,0.53781513,0.53781513,0.53781513,0.53781513,0.53781513,0.48739496,0.59663866,0.59663866,0.53781513,0.49579832,0.55462185,0.59663866,0.59663866,0.59663866,0.54621849,0.53781513,0.59663866,0.51260504,0.54621849,0.53781513,0.53781513,0.53781513,0.59663866,0.53781513,0.56302521,0.53781513,0.53781513,0.53781513,0.53781513,0.53781513,0.59663866,0.55462185,0.54621849,0.53781513,0.59663866,0.53781513,0.59663866,0.59663866,0.53781513,0.53781513,0.59663866,0.59663866,0.53781513,0.54621849,0.59663866,0.59663866,0.53781513,0.55462185,0.48739496,0.53781513,0.53781513,0.53781513,0.53781513,0.53781513,0.59663866,0.59663866,0.59663866,0.48739496,0.53781513,0.59663866,0.59663866,0.53781513,0.53781513,0.53781513,0.53781513,0.55462185,0.53781513,0.53781513,0.59663866,0.54621849,0.59663866,0.53781513,0.53781513,0.53781513,0.52100840,0.53361345,0.55462185,0.53781513,0.55462185,0.53781513,0.59663866,0.53781513,0.53781513,0.59663866,0.54621849,0.59663866,0.59663866,0.59663866,0.55462185,0.53781513,0.53781513,0.53781513,0.53781513,0.53781513,0.53781513,0.59663866,0.59663866,0.59663866,0.53781513,0.59663866,0.53781513,0.53781513,0.53781513,0.59663866,0.59663866,0.53781513,0.53781513,0.59663866,0.59663866,0.54621849,0.53781513,0.53781513,0.59663866,0.53781513,0.50420168,0.59663866,0.53781513,0.59663866,0.48739496,0.59663866,0.53781513,0.53781513,0.53781513,0.53781513,0.53781513,0.48739496,0.59663866,0.53781513,0.59663866,0.59663866,0.53781513,0.53781513,0.59663866,0.53781513,0.53781513,0.59663866,0.53781513,0.59663866,0.53781513,0.59663866,0.59663866,0.53781513,0.59663866,0.59663866,0.59663866,0.59663866,0.53781513,0.59663866,0.53781513,0.53781513,0.59663866,0.54621849,0.59663866,0.59663866,0.53781513,0.55462185,0.59663866,0.53781513
544.261745,0.59663866,0.53781513,0.59663866,0.53361345,0.53781513,0.53781513,0.59663866,0.59663866,0.53781513,0.53781513,0.53781513,0.59663866,0.53781513,0.59663866,0.53781513,0.59663866,0.59663866,0.53781513,0.54621849,0.59663866,0.53781513,0.59663866,0.59663866,0.53781513,0.59663866,0.59663866,0.49579832,0.53781513,0.59663866,0.53781513,0.59663866,0.53781513,0.56302521,0.53781513,0.59663866,0.59663866,0.53781513,0.59663866,0.53781513,0.53781513,0.59663866,0.53781513,0.53781513,0.53781513,0.53781513,0.53781513,0.53781513,0.48739496,0.59663866,0.59663866,0.53781513,0.49579832,0.55462185,0.59663866,0.59663866,0.59663866,0.54621849,0.53781513,0.59663866,0.51260504,0.54621849,0.53781513,0.53781513,0.53781513,0.59663866,0.53781513,0.56302521,0.53781513,0.53781513,0.53781513,0.53781513,0.53781513,0.59663866,0.55462185,0.54621849,0.53781513,0.59663866,0.53781513,0.59663866,0.59663866,0.53781513,0.53781513,0.59663866,0.59663866,0.53781513,0.54621849,0.59663866,0.59663866,0.53781513,0.55462185,0.48739496,0.53781513,0.53781513,0.53781513,0.53781513,0.53781513,0.59663866,0.59663866,0.59663866,0.48739496,0.53781513,0.59663866,0.59663866,0.53781513,0.53781513,0.53781513,0.53781513,0.59663866,0.53781513,0.53781513,0.59663866,0.54621849,0.59663866,0.53781513,0.53781513,0.53781513,0.52100840,0.53361345,0.55462185,0.53781513,0.55462185,0.53781513,0.59663866,0.53781513,0.53781513,0.59663866,0.54621849,0.59663866,0.59663866,0.59663866,0.55462185,0.53781513,0.59663866,0.53781513,0.53781513,0.53781513,0.53781513,0.59663866,0.59663866,0.59663866,0.53781513,0.59663866,0.53781513,0.53781513,0.53781513,0.59663866,0.59663866,0.53781513,0.53781513,0.59663866,0.59663866,0.54621849,0.53781513,0.53781513,0.59663866,0.53781513,0.50420168,0.59663866,0.53781513,0.59663866,0.48739496,0.59663866,0.53781513,0.53781513,0.53781513,0.59663866,0.53781513,0.48739496,0.59663866,0.53781513,0.59663866,0.59663866,0.53781513,0.53781513,0.59663866,0.53781513,0.53781513,0.59663866,0.53781513,0.59663866,0.53781513,0.59663866,0.59663866,0.53781513,0.59663866,0.59663866,0.59663866,0.59663866,0.53781513,0.59663866,0.53781513,0.53781513,0.59663866,0.54621849,0.59663866,0.59663866,0.53781513,0.55462185,0.59663866,0.53781513
554.322148,0.59663866,0.53781513,0.59663866,0.53361345,0.53781513,0.53781513,0.59663866,0.59663866,0.53781513,0.53781513,0.53781513,0.59663866,0.53781513,0.59663866,0.53781513,0.59663866,0.59663866,0.53781513,0.54621849,0.59663866,0.53781513,0.59663866,0.59663866,0.53781513,0.59663866,0.59663866,0.49579832,0.53781513,0.59663866,0.53781513,0.59663866,0.53781513,0.56302521,0.53781513,0.59663866,0.59663866,0.53781513,0.59663866,0.53781513,0.53781513,0.59663866,0.53781513,0.53781513,0.53781513,0.53781513,0.53781513,0.53781513,0.48739496,0.59663866,0.59663866,0.53781513,0.49579832,0.55462185,0.59663866,0.59663866,0.59663866,0.54621849,0.53781513,0.59663866,0.59663866,0.59663866,0.53781513,0.53781513,0.53781513,0.59663866,0.53781513,0.56302521,0.53781513,0.53781513,0.53781513,0.53781513,0.53781513,0.59663866,0.55462185,0.54621849,0.53781513,0.59663866,0.53781513,0.59663866,0.59663866,0.53781513,0.53781513,0.59663866,0.59663866,0.53781513,0.54621849,0.59663866,0.59663866,0.53781513,0.55462185,0.48739496,0.53781513,0.53781513,0.53781513,0.53781513,0.53781513,0.59663866,0.59663866,0.59663866,0.48739496,0.53781513,0.59663866,0.59663866,0.53781513,0.53781513,0.53781513,0.53781513,0.59663866,0.53781513,0.53781513,0.59663866,0.54621849,0.59663866,0.53781513,0.53781513,0.53781513,0.53781513,0.53361345,0.55462185,0.53781513,0.55462185,0.53781513,0.59663866,0.53781513,0.53781513,0.59663866,0.54621849,0.59663866,0.59663866,0.59663866,0.55462185,0.53781513,0.59663866,0.53781513,0.53781513,0.53781513,0.53781513,0.59663866,0.59663866,0.59663866,0.55462185,0.59663866,0.53781513,0.53781513,0.53781513,0.59663866,0.59663866,0.53781513,0.53781513,0.59663866,0.59663866,0.54621849,0.53781513,0.53781513,0.59663866,0.53781513,0.50420168,0.59663866,0.53781513,0.59663866,0.48739496,0.59663866,0.53781513,0.53781513,0.53781513,0.59663866,0.53781513,0.48739496,0.59663866,0.53781513,0.59663866,0.59663866,0.53781513,0.53781513,0.59663866,0.53781513,0.53781513,0.59663866,0.53781513,0.59663866,0.53781513,0.59663866,0.59663866,0.53781513,0.59663866,0.59663866,0.59663866,0.59663866,0.53781513,0.59663866,0.53781513,0.53781513,0.59663866,0.54621849,0.59663866,0.59663866,0.53781513,0.55462185,0.59663866,0.53781513
564.382550,0.59663866,0.53781513,0.59663866,0.53361345,0.53781513,0.53781513,0.59663866,0.59663866,0.53781513,0.53781513,0.53781513,0.59663866,0.53781513,0.59663866,0.53781513,0.59663866,0.59663866,0.53781513,0.54621849,0.59663866,0.53781513,0.59663866,0.59663866,0.53781513,0.59663866,0.59663866,0.49579832,0.53781513,0.59663866,0.53781513,0.59663866,0.53781513,0.56302521,0.53781513,0.59663866,0.59663866,0.53781513,0.59663866,0.53781513,0.53781513,0.59663866,0.53781513,0.53781513,0.53781513,0.53781513,0.54621849,0.53781513,0.48739496,0.59663866,0.59663866,0.53781513,0.49579832,0.55462185,0.59663866,0.59663866,0.59663866,0.54621849,0.53781513,0.59663866,0.59663866,0.59663866,0.53781513,0.53781513,0.53781513,0.59663866,0.53781513,0.57142857,0.53781513,0.53781513,0.53781513,0.53781513,0.53781513,0.59663866,0.59663866,0.54621849,0.53781513,0.59663866,0.53781513,0.59663866,0.59663866,0.53781513,0.53781513,0.59663866,0.59663866,0.53781513,0.54621849,0.59663866,0.59663866,0.53781513,0.55462185,0.48739496,0.53781513,0.53781513,0.53781513,0.53781513,0.53781513,0.59663866,0.59663866,0.59663866,0.48739496,0.53781513,0.59663866,0.59663866,0.53781513,0.53781513,0.53781513,0.53781513,0.59663866,0.53781513,0.53781513,0.59663866,0.54621849,0.59663866,0.53781513,0.53781513,0.53781513,0.53781513,0.53361345,0.55462185,0.53781513,0.55462185,0.53781513,0.59663866,0.53781513,0.53781513,0.59663866,0.55462185,0.59663866,0.59663866,0.59663866,0.55462185,0.53781513,0.59663866,0.53781513,0.53781513,0.53781513,0.53781513,0.59663866,0.59663866,0.59663866,0.55462185,0.59663866,0.53781513,0.53781513,0.53781513,0.59663866,0.59663866,0.53781513,0.53781513,0.59663866,0.59663866,0.54621849,0.53781513,0.53781513,0.59663866,0.53781513,0.56302521,0.59663866,0.53781513,0.59663866,0.53781513,0.59663866,0.53781513,0.53781513,0.53781513,0.59663866,0.53781513,0.53781513,0.59663866,0.53781513,0.59663866,0.59663866,0.53781513,0.53781513,0.59663866,0.53781513,0.53781513,0.59663866,0.53781513,0.59663866,0.53781513,0.59663866,0.59663866,0.53781513,0.59663866,0.59663866,0.59663866,0.59663866,0.53781513,0.59663866,0.53781513,0.53781513,0.59663866,0.54621849,0.59663866,0.59663866,0.53781513,0.55462185,0.59663866,0.59663866
574.442953,0.59663866,0.53781513,0.59663866,0.53361345,0.53781513,0.53781513,0.59663866,0.59663866,0.53781513,0.53781513,0.53781513,0.59663866,0.53781513,0.59663866,0.53781513,0.59663866,0.59663866,0.53781513,0.54621849,0.59663866,0.53781513,0.59663866,0.59663866,0.53781513,0.59663866,0.59663866,0.49579832,0.53781513,0.59663866,0.53781513,0.59663866,0.53781513,0.56302521,0.53781513,0.59663866,0.59663866,0.53781513,0.59663866,0.53781513,0.53781513,0.59663866,0.53781513,0.53781513,0.53781513,0.53781513,0.54621849,0.53781513,0.54621849,0.59663866,0.59663866,0.53781513,0.49579832,0.55462185,0.59663866,0.59663866,0.59663866,0.54621849,0.53781513,0.59663866,0.59663866,0.59663866,0.53781513,0.53781513,0.53781513,0.59663866,0.53781513,0.57142857,0.53781513,0.53781513,0.53781513,0.53781513,0.53781513,0.59663866,0.59663866,0.54621849,0.53781513,0.59663866,0.53781513,0.59663866,0.59663866,0.59663866,0.53781513,0.59663866,0.59663866,0.53781513,0.54621849,0.59663866,0.59663866,0.53781513,0.55462185,0.48739496,0.53781513,0.53781513,0.53781513,0.53781513,0.53781513,0.59663866,0.59663866,0.59663866,0.48739496,0.53781513,0.59663866,0.59663866,0.53781513,0.53781513,0.53781513,0.53781513,0.59663866,0.53781513,0.53781513,0.59663866,0.54621849,0.59663866,0.53781513,0.53781513,0.53781513,0.53781513,0.53361345,0.55462185,0.53781513,0.55462185,0.53781513,0.59663866,0.53781513,0.53781513,0.59663866,0.59663866,0.59663866,0.59663866,0.59663866,0.55462185,0.53781513,0.59663866,0.53781513,0.53781513,0.53781513,0.53781513,0.59663866,0.59663866,0.59663866,0.59663866,0.59663866,0.53781513,0.53781513,0.53781513,0.59663866,0.59663866,0.53781513,0.53781513,0.59663866,0.59663866,0.54621849,0.53781513,0.53781513,0.59663866,0.53781513,0.56302521,0.59663866,0.53781513,0.59663866,0.53781513,0.59663866,0.53781513,0.53781513,0.53781513,0.59663866,0.53781513,0.53781513,0.59663866,0.53781513,0.59663866,0.59663866,0.53781513,0.53781513,0.59663866,0.53781513,0.53781513,0.59663866,0.53781513,0.59663866,0.53781513,0.59663866,0.59663866,0.53781513,0.59663866,0.59663866,0.59663866,0.59663866,0.53781513,0.59663866,0.53781513,0.53781513,0.59663866,0.54621849,0.59663866,0.59663866,0.53781513,0.55462185,0.59663866,0.59663866
584.503356,0.59663866,0.53781513,0.59663866,0.53361345,0.53781513,0.53781513,0.59663866,0.59663866,0.53781513,0.53781513,0.53781513,0.59663866,0.53781513,0.59663866,0.53781513,0.59663866,0.59663866,0.53781513,0.54621849,0.59663866,0.53781513,0.59663866,0.59663866,0.53781513,0.59663866,0.59663866,0.49579832,0.53781513,0.59663866,0.53781513,0.59663866,0.53781513,0.56302521,0.53781513,0.59663866,0.59663866,0.53781513,0.59663866,0.53781513,0.53781513,0.59663866,0.53781513,0.53781513,0.53781513,0.53781513,0.54621849,0.53781513,0.54621849,0.59663866,0.59663866,0.53781513,0.49579832,0.55462185,0.59663866,0.59663866,0.59663866,0.54621849,0.53781513,0.59663866,0.59663866,0.59663866,0.53781513,0.53781513,0.53781513,0.59663866,0.53781513,0.59663866,0.53781513,0.53781513,0.53781513,0.53781513,0.53781513,0.59663866,0.59663866,0.54621849,0.53781513,0.59663866,0.53781513,0.59663866,0.59663866,0.59663866,0.53781513,0.59663866,0.59663866,0.53781513,0.54621849,0.59663866,0.59663866,0.53781513,0.55462185,0.48739496,0.53781513,0.53781513,0.53781513,0.53781513,0.53781513,0.59663866,0.59663866,0.59663866,0.54621849,0.53781513,0.59663866,0.59663866,0.53781513,0.53781513,0.53781513,0.53781513,0.59663866,0.53781513,0.53781513,0.59663866,0.54621849,0.59663866,0.53781513,0.53781513,0.53781513,0.53781513,0.53361345,0.55462185,0.53781513,0.55462185,0.53781513,0.59663866,0.53781513,0.53781513,0.59663866,0.59663866,0.59663866,0.59663866,0.59663866,0.55462185,0.53781513,0.59663866,0.53781513,0.53781513,0.53781513,0.53781513,0.59663866,0.59663866,0.59663866,0.59663866,0.59663866,0.53781513,0.53781513,0.53781513,0.59663866,0.59663866,0.53781513,0.53781513,0.59663866,0.59663866,0.59663866,0.53781513,0.53781513,0.59663866,0.53781513,0.56302521,0.59663866,0.53781513,0.59663866,0.53781513,0.59663866,0.53781513,0.53781513,0.53781513,0.59663866,0.53781513,0.53781513,0.59663866,0.53781513,0.59663866,0.59663866,0.53781513,0.53781513,0.59663866,0.53781513,0.53781513,0.59663866,0.53781513,0.59663866,0.53781513,0.59663866,0.59663866,0.53781513,0.59663866,0.59663866,0.59663866,0.59663866,0.53781513,0.59663866,0.53781513,0.53781513,0.59663866,0.54621849,0.59663866,0.59663866,0.59663866,0.55462185,0.59663866,0.59663866
594.563758,0.59663866,0.59663866,0.59663866,0.53361345,0.53781513,0.53781513,0.59663866,0.59663866,0.53781513,0.53781513,0.53781513,0.59663866,0.53781513,0.59663866,0.53781513,0.59663866,0.59663866,0.53781513,0.54621849,0.59663866,0.53781513,0.59663866,0.59663866,0.53781513,0.59663866,0.59663866,0.49579832,0.53781513,0.59663866,0.53781513,0.59663866,0.53781513,0.56302521,0.53781513,0.59663866,0.59663866,0.53781513,0.59663866,0.53781513,0.53781513,0.59663866,0.53781513,0.53781513,0.53781513,0.59663866,0.54621849,0.53781513,0.54621849,0.59663866,0.59663866,0.53781513,0.49579832,0.55462185,0.59663866,0.59663866,0.59663866,0.54621849,0.53781513,0.59663866,0.59663866,0.59663866,0.53781513,0.53781513,0.53781513,0.59663866,0.53781513,0.59663866,0.53781513,0.53781513,0.53781513,0.53781513,0.53781513,0.59663866,0.59663866,0.54621849,0.53781513,0.59663866,0.53781513,0.59663866,0.59663866,0.59663866,0.53781513,0.59663866,0.59663866,0.53781513,0.54621849,0.59663866,0.59663866,0.53781513,0.59663866,0.48739496,0.53781513,0.53781513,0.53781513,0.53781513,0.53781513,0.59663866,0.59663866,0.59663866,0.54621849,0.53781513,0.59663866,0.59663866,0.53781513,0.53781513,0.53781513,0.53781513,0.59663866,0.53781513,0.53781513,0.59663866,0.54621849,0.59663866,0.53781513,0.53781513,0.53781513,0.53781513,0.53361345,0.55462185,0.53781513,0.55462185,0.53781513,0.59663866,0.53781513,0.53781513,0.59663866,0.59663866,0.59663866,0.59663866,0.59663866,0.55462185,0.53781513,0.59663866,0.53781513,0.53781513,0.53781513,0.53781513,0.59663866,0.59663866,0.59663866,0.59663866,0.59663866,0.53781513,0.53781513,0.53781513,0.59663866,0.59663866,0.53781513,0.53781513,0.59663866,0.59663866,0.59663866,0.53781513,0.53781513,0.59663866,0.53781513,0.56302521,0.59663866,0.53781513,0.59663866,0.53781513,0.59663866,0.53781513,0.53781513,0.53781513,0.59663866,0.53781513,0.53781513,0.59663866,0.53781513,0.59663866,0.59663866,0.53781513,0.53781513,0.59663866,0.53781513,0.53781513,0.59663866,0.53781513,0.59663866,0.53781513,0.59663866,0.59663866,0.53781513,0.59663866,0.59663866,0.59663866,0.59663866,0.53781513,0.59663866,0.53781513,0.53781513,0.59663866,0.54621849,0.59663866,0.59663866,0.59663866,0.55462185,0.59663866,0.59663866
604.624161,0.59663866,0.59663866,0.59663866,0.53361345,0.53781513,0.53781513,0.59663866,0.59663866,0.53781513,0.53781513,0.53781513,0.59663866,0.53781513,0.59663866,0.53781513,0.59663866,0.59663866,0.53781513,0.54621849,0.59663866,0.53781513,0.59663866,0.59663866,0.53781513,0.59663866,0.59663866,0.49579832,0.53781513,0.59663866,0.53781513,0.59663866,0.53781513,0.56302521,0.53781513,0.59663866,0.59663866,0.53781513,0.59663866,0.53781513,0.53781513,0.59663866,0.53781513,0.53781513,0.53781513,0.59663866,0.59663866,0.59663866,0.54621849,0.59663866,0.59663866,0.53781513,0.49579832,0.55462185,0.59663866,0.59663866,0.59663866,0.54621849,0.53781513,0.59663866,0.59663866,0.59663866,0.53781513,0.53781513,0.53781513,0.59663866,0.53781513,0.59663866,0.53781513,0.53781513,0.53781513,0.53781513,0.53781513,0.59663866,0.59663866,0.54621849,0.53781513,0.59663866,0.53781513,0.59663866,0.59663866,0.59663866,0.53781513,0.59663866,0.59663866,0.53781513,0.54621849,0.59663866,0.59663866,0.53781513,0.59663866,0.48739496,0.53781513,0.53781513,0.53781513,0.53781513,0.53781513,0.59663866,0.59663866,0.59663866,0.54621849,0.53781513,0.59663866,0.59663866,0.53781513,0.53781513,0.53781513,0.54621849,0.59663866,0.53781513,0.53781513,0.59663866,0.54621849,0.59663866,0.53781513,0.53781513,0.53781513,0.53781513,0.53361345,0.55462185,0.53781513,0.55462185,0.53781513,0.59663866,0.53781513,0.53781513,0.59663866,0.59663866,0.59663866,0.59663866,0.59663866,0.55462185,0.53781513,0.59663866,0.53781513,0.53781513,0.53781513,0.53781513,0.59663866,0.59663866,0.59663866,0.59663866,0.59663866,0.53781513,0.53781513,0.53781513,0.59663866,0.59663866,0.53781513,0.53781513,0.59663866,0.59663866,0.59663866,0.53781513,0.53781513,0.59663866,0.53781513,0.59663866,0.59663866,0.59663866,0.59663866,0.53781513,0.59663866,0.53781513,0.53781513,0.53781513,0.59663866,0.53781513,0.53781513,0.59663866,0.53781513,0.59663866,0.59663866,0.53781513,0.53781513,0.59663866,0.53781513,0.53781513,0.59663866,0.53781513,0.59663866,0.53781513,0.59663866,0.59663866,0.53781513,0.59663866,0.59663866,0.59663866,0.59663866,0.53781513,0.59663866,0.53781513,0.53781513,0.59663866,0.54621849,0.59663866,0.59663866,0.59663866,0.55462185,0.59663866,0.59663866
614.684564,0.59663866,0.59663866,0.59663866,0.53361345,0.53781513,0.53781513,0.59663866,0.59663866,0.53781513,0.53781513,0.53781513,0.59663866,0.53781513,0.59663866,0.53781513,0.59663866,0.59663866,0.53781513,0.54621849,0.59663866,0.53781513,0.59663866,0.59663866,0.53781513,0.59663866,0.59663866,0.49579832,0.53781513,0.59663866,0.53781513,0.59663866,0.53781513,0.56302521,0.53781513,0.59663866,0.59663866,0.53781513,0.59663866,0.53781513,0.53781513,0.59663866,0.53781513,0.53781513,0.53781513,0.59663866,0.59663866,0.59663866,0.54621849,0.59663866,0.59663866,0.53781513,0.49579832,0.55462185,0.59663866,0.59663866,0.59663866,0.54621849,0.53781513,0.59663866,0.59663866,0.59663866,0.53781513,0.53781513,0.53781513,0.59663866,0.53781513,0.59663866,0.53781513,0.53781513,0.53781513,0.53781513,0.53781513,0.59663866,0.59663866,0.55462185,0.53781513,0.59663866,0.53781513,0.59663866,0.59663866,0.59663866,0.53781513,0.59663866,0.59663866,0.53781513,0.54621849,0.59663866,0.59663866,0.53781513,0.59663866,0.48739496,0.53781513,0.53781513,0.53781513,0.53781513,0.53781513,0.59663866,0.59663866,0.59663866,0.54621849,0.53781513,0.59663866,0.59663866,0.53781513,0.53781513,0.54621849,0.54621849,0.59663866,0.53781513,0.53781513,0.59663866,0.54621849,0.59663866,0.53781513,0.53781513,0.53781513,0.53781513,0.53361345,0.55462185,0.53781513,0.55462185,0.53781513,0.59663866,0.53781513,0.53781513,0.59663866,0.59663866,0.59663866,0.59663866,0.59663866,0.55462185,0.53781513,0.59663866,0.53781513,0.53781513,0.53781513,0.53781513,0.59663866,0.59663866,0.59663866,0.59663866,0.59663866,0.53781513,0.53781513,0.53781513,0.59663866,0.59663866,0.53781513,0.53781513,0.59663866,0.59663866,0.59663866,0.53781513,0.53781513,0.59663866,0.53781513,0.59663866,0.59663866,0.59663866,0.59663866,0.53781513,0.59663866,0.53781513,0.53781513,0.53781513,0.59663866,0.53781513,0.53781513,0.59663866,0.53781513,0.59663866,0.59663866,0.53781513,0.53781513,0.59663866,0.53781513,0.53781513,0.59663866,0.53781513,0.59663866,0.53781513,0.59663866,0.59663866,0.53781513,0.59663866,0.59663866,0.59663866,0.59663866,0.53781513,0.59663866,0.59663866,0.53781513,0.59663866,0.54621849,0.59663866,0.59663866,0.59663866,0.55462185,0.59663866,0.59663866
624.744966,0.59663866,0.59663866,0.59663866,0.53361345,0.53781513,0.53781513,0.59663866,0.59663866,0.53781513,0.53781513,0.53781513,0.59663866,0.53781513,0.59663866,0.53781513,0.59663866,0.59663866,0.53781513,0.54621849,0.59663866,0.53781513,0.59663866,0.59663866,0.53781513,0.59663866,0.59663866,0.49579832,0.53781513,0.59663866,0.53781513,0.59663866,0.53781513,0.56302521,0.53781513,0.59663866,0.59663866,0.53781513,0.59663866,0.53781513,0.53781513,0.59663866,0.53781513,0.53781513,0.53781513,0.59663866,0.59663866,0.59663866,0.54621849,0.59663866,0.59663866,0.53781513,0.49579832,0.55462185,0.59663866,0.59663866,0.59663866,0.54621849,0.53781513,0.59663866,0.59663866,0.59663866,0.53781513,0.53781513,0.53781513,0.59663866,0.53781513,0.59663866,0.53781513,0.53781513,0.53781513,0.53781513,0.53781513,0.59663866,0.59663866,0.55462185,0.53781513,0.59663866,0.53781513,0.59663866,0.59663866,0.59663866,0.53781513,0.59663866,0.59663866,0.53781513,0.54621849,0.59663866,0.59663866,0.53781513,0.59663866,0.48739496,0.53781513,0.53781513,0.53781513,0.53781513,0.53781513,0.59663866,0.59663866,0.59663866,0.54621849,0.53781513,0.59663866,0.59663866,0.53781513,0.53781513,0.54621849,0.54621849,0.59663866,0.53781513,0.53781513,0.59663866,0.59663866,0.59663866,0.53781513,0.53781513,0.53781513,0.53781513,0.53361345,0.55462185,0.53781513,0.55462185,0.53781513,0.59663866,0.53781513,0.53781513,0.59663866,0.59663866,0.59663866,0.59663866,0.59663866,0.55462185,0.53781513,0.59663866,0.53781513,0.53781513,0.53781513,0.53781513,0.59663866,0.59663866,0.59663866,0.59663866,0.59663866,0.53781513,0.53781513,0.53781513,0.59663866,0.59663866,0.53781513,0.53781513,0.59663866,0.59663866,0.59663866,0.53781513,0.53781513,0.59663866,0.53781513,0.59663866,0.59663866,0.59663866,0.59663866,0.53781513,0.59663866,0.53781513,0.53781513,0.53781513,0.59663866,0.53781513,0.53781513,0.59663866,0.53781513,0.59663866,0.59663866,0.53781513,0.53781513,0.59663866,0.53781513,0.53781513,0.59663866,0.53781513,0.59663866,0.53781513,0.59663866,0.59663866,0.53781513,0.59663866,0.59663866,0.59663866,0.59663866,0.53781513,0.59663866,0.59663866,0.53781513,0.59663866,0.54621849,0.59663866,0.59663866,0.59663866,0.55462185,0.59663866,0.59663866
634.805369,0.59663866,0.59663866,0.59663866,0.53361345,0.53781513,0.53781513,0.59663866,0.59663866,0.53781513,0.53781513,0.53781513,0.59663866,0.53781513,0.59663866,0.53781513,0.59663866,0.59663866,0.53781513,0.54621849,0.59663866,0.53781513,0.59663866,0.59663866,0.53781513,0.59663866,0.59663866,0.49579832,0.53781513,0.59663866,0.53781513,0.59663866,0.53781513,0.56302521,0.53781513,0.59663866,0.59663866,0.53781513,0.59663866,0.53781513,0.53781513,0.59663866,0.53781513,0.53781513,0.53781513,0.59663866,0.59663866,0.59663866,0.54621849,0.59663866,0.59663866,0.53781513,0.49579832,0.55462185,0.59663866,0.59663866,0.59663866,0.54621849,0.53781513,0.59663866,0.59663866,0.59663866,0.53781513,0.53781513,0.53781513,0.59663866,0.53781513,0.59663866,0.53781513,0.53781513,0.53781513,0.53781513,0.53781513,0.59663866,0.59663866,0.55462185,0.53781513,0.59663866,0.53781513,0.59663866,0.59663866,0.59663866,0.53781513,0.59663866,0.59663866,0.59663866,0.54621849,0.59663866,0.59663866,0.53781513,0.59663866,0.48739496,0.53781513,0.53781513,0.53781513,0.53781513,0.53781513,0.59663866,0.59663866,0.59663866,0.54621849,0.53781513,0.59663866,0.59663866,0.53781513,0.53781513,0.54621849,0.59663866,0.59663866,0.53781513,0.53781513,0.59663866,0.59663866,0.59663866,0.53781513,0.53781513,0.53781513,0.53781513,0.53361345,0.55462185,0.53781513,0.55462185,0.53781513,0.59663866,0.53781513,0.53781513,0.59663866,0.59663866,0.59663866,0.59663866,0.59663866,0.55462185,0.53781513,0.59663866,0.53781513,0.53781513,0.53781513,0.53781513,0.59663866,0.59663866,0.59663866,0.59663866,0.59663866,0.53781513,0.53781513,0.53781513,0.59663866,0.59663866,0.53781513,0.53781513,0.59663866,0.59663866,0.59663866,0.53781513,0.53781513,0.59663866,0.53781513,0.59663866,0.59663866,0.59663866,0.59663866,0.53781513,0.59663866,0.53781513,0.53781513,0.53781513,0.59663866,0.53781513,0.53781513,0.59663866,0.53781513,0.59663866,0.59663866,0.53781513,0.53781513,0.59663866,0.53781513,0.53781513,0.59663866,0.53781513,0.59663866,0.53781513,0.59663866,0.59663866,0.53781513,0.59663866,0.59663866,0.59663866,0.59663866,0.53781513,0.59663866,0.59663866,0.53781513,0.59663866,0.54621849,0.59663866,0.59663866,0.59663866,0.59663866,0.59663866,0.59663866
644.865772,0.59663866,0.59663866,0.59663866,0.53361345,0.53781513,0.53781513,0.59663866,0.59663866,0.53781513,0.53781513,0.53781513,0.59663866,0.53781513,0.59663866,0.53781513,0.59663866,0.59663866,0.53781513,0.54621849,0.59663866,0.53781513,0.59663866,0.59663866,0.53781513,0.59663866,0.59663866,0.53781513,0.53781513,0.59663866,0.53781513,0.59663866,0.53781513,0.56302521,0.53781513,0.59663866,0.59663866,0.53781513,0.59663866,0.53781513,0.53781513,0.59663866,0.53781513,0.53781513,0.53781513,0.59663866,0.59663866,0.59663866,0.54621849,0.59663866,0.59663866,0.53781513,0.55462185,0.55462185,0.59663866,0.59663866,0.59663866,0.54621849,0.53781513,0.59663866,0.59663866,0.59663866,0.53781513,0.53781513,0.53781513,0.59663866,0.53781513,0.59663866,0.53781513,0.53781513,0.53781513,0.53781513,0.59663866,0.59663866,0.59663866,0.55462185,0.53781513,0.59663866,0.53781513,0.59663866,0.59663866,0.59663866,0.53781513,0.59663866,0.59663866,0.59663866,0.54621849,0.59663866,0.59663866,0.53781513,0.59663866,0.48739496,0.53781513,0.53781513,0.53781513,0.53781513,0.53781513,0.59663866,0.59663866,0.59663866,0.54621849,0.53781513,0.59663866,0.59663866,0.53781513,0.53781513,0.54621849,0.59663866,0.59663866,0.53781513,0.53781513,0.59663866,0.59663866,0.59663866,0.53781513,0.53781513,0.53781513,0.53781513,0.53361345,0.55462185,0.53781513,0.55462185,0.53781513,0.59663866,0.53781513,0.53781513,0.59663866,0.59663866,0.58823529,0.59663866,0.59663866,0.55462185,0.53781513,0.59663866,0.53781513,0.53781513,0.53781513,0.53781513,0.59663866,0.59663866,0.59663866,0.59663866,0.59663866,0.53781513,0.53781513,0.53781513,0.59663866,0.59663866,0.53781513,0.59663866,0.59663866,0.59663866,0.59663866,0.53781513,0.53781513,0.59663866,0.53781513,0.59663866,0.59663866,0.59663866,0.59663866,0.53781513,0.59663866,0.53781513,0.53781513,0.53781513,0.59663866,0.53781513,0.53781513,0.59663866,0.53781513,0.59663866,0.59663866,0.53781513,0.53781513,0.59663866,0.53781513,0.53781513,0.59663866,0.53781513,0.59663866,0.53781513,0.59663866,0.59663866,0.53781513,0.59663866,0.59663866,0.59663866,0.59663866,0.53781513,0.59663866,0.59663866,0.53781513,0.59663866,0.54621849,0.59663866,0.59663866,0.59663866,0.59663866,0.59663866,0.59663866
654.926174,0.59663866,0.59663866,0.59663866,0.53361345,0.53781513,0.53781513,0.59663866,0.59663866,0.53781513,0.53781513,0.53781513,0.59663866,0.53781513,0.59663866,0.53781513,0.59663866,0.59663866,0.53781513,0.59663866,0.59663866,0.53781513,0.59663866,0.59663866,0.53781513,0.59663866,0.59663866,0.53781513,0.53781513,0.59663866,0.53781513,0.59663866,0.53781513,0.56302521,0.53781513,0.59663866,0.59663866,0.53781513,0.59663866,0.53781513,0.53781513,0.59663866,0.53781513,0.53781513,0.53781513,0.59663866,0.59663866,0.59663866,0.54621849,0.59663866,0.59663866,0.53781513,0.55462185,0.55462185,0.59663866,0.59663866,0.59663866,0.54621849,0.53781513,0.59663866,0.59663866,0.59663866,0.53781513,0.53781513,0.53781513,0.59663866,0.53781513,0.59663866,0.53781513,0.53781513,0.53781513,0.53781513,0.59663866,0.59663866,0.59663866,0.55462185,0.59663866,0.59663866,0.53781513,0.59663866,0.59663866,0.59663866,0.53781513,0.59663866,0.59663866,0.59663866,0.59663866,0.59663866,0.59663866,0.53781513,0.59663866,0.53781513,0.53781513,0.53781513,0.53781513,0.53781513,0.53781513,0.59663866,0.59663866,0.59663866,0.54621849,0.53781513,0.59663866,0.59663866,0.53781513,0.53781513,0.54621849,0.59663866,0.59663866,0.53781513,0.53781513,0.59663866,0.59663866,0.59663866,0.53781513,0.53781513,0.53781513,0.53781513,0.53361345,0.55462185,0.53781513,0.55462185,0.53781513,0.59663866,0.53781513,0.53781513,0.59663866,0.59663866,0.58823529,0.59663866,0.59663866,0.55462185,0.53781513,0.59663866,0.53781513,0.53781513,0.53781513,0.53781513,0.59663866,0.59663866,0.59663866,0.59663866,0.59663866,0.53781513,0.53781513,0.53781513,0.59663866,0.59663866,0.53781513,0.59663866,0.59663866,0.59663866,0.59663866,0.59663866,0.53781513,0.59663866,0.53781513,0.59663866,0.59663866,0.59663866,0.59663866,0.53781513,0.59663866,0.53781513,0.53781513,0.53781513,0.59663866,0.53781513,0.53781513,0.59663866,0.53781513,0.59663866,0.59663866,0.53781513,0.53781513,0.59663866,0.53781513,0.53781513,0.59663866,0.53781513,0.59663866,0.53781513,0.59663866,0.59663866,0.53781513,0.59663866,0.59663866,0.59663866,0.59663866,0.53781513,0.59663866,0.59663866,0.53781513,0.59663866,0.54621849,0.59663866,0.59663866,0.59663866,0.59663866,0.59663866,0.59663866
664.986577,0.59663866,0.59663866,0.59663866,0.53361345,0.53781513,0.53781513,0.59663866,0.59663866,0.53781513,0.53781513,0.53781513,0.59663866,0.53781513,0.59663866,0.53781513,0.59663866,0.59663866,0.53781513,0.59663866,0.59663866,0.53781513,0.59663866,0.59663866,0.53781513,0.59663866,0.59663866,0.53781513,0.53781513,0.59663866,0.53781513,0.59663866,0.53781513,0.56302521,0.53781513,0.59663866,0.59663866,0.53781513,0.59663866,0.53781513,0.53781513,0.59663866,0.53781513,0.53781513,0.53781513,0.59663866,0.59663866,0.59663866,0.54621849,0.59663866,0.59663866,0.53781513,0.55462185,0.59663866,0.59663866,0.59663866,0.59663866,0.54621849,0.53781513,0.59663866,0.59663866,0.59663866,0.53781513,0.53781513,0.53781513,0.59663866,0.53781513,0.59663866,0.53781513,0.53781513,0.53781513,0.53781513,0.59663866,0.59663866,0.59663866,0.55462185,0.59663866,0.59663866,0.59663866,0.59663866,0.59663866,0.59663866,0.53781513,0.59663866,0.59663866,0.59663866,0.59663866,0.59663866,0.59663866,0.53781513,0.59663866,0.53781513,0.53781513,0.53781513,0.53781513,0.53781513,0.53781513,0.59663866,0.59663866,0.59663866,0.59663866,0.53781513,0.59663866,0.59663866,0.53781513,0.53781513,0.54621849,0.59663866,0.59663866,0.53781513,0.53781513,0.59663866,0.59663866,0.59663866,0.53781513,0.53781513,0.53781513,0.53781513,0.53361345,0.55462185,0.53781513,0.55462185,0.53781513,0.59663866,0.53781513,0.53781513,0.59663866,0.59663866,0.58823529,0.59663866,0.59663866,0.55462185,0.53781513,0.59663866,0.53781513,0.53781513,0.53781513,0.53781513,0.59663866,0.59663866,0.59663866,0.59663866,0.59663866,0.53781513,0.53781513,0.53781513,0.59663866,0.59663866,0.53781513,0.59663866,0.59663866,0.59663866,0.59663866,0.59663866,0.53781513,0.59663866,0.53781513,0.59663866,0.59663866,0.59663866,0.59663866,0.53781513,0.59663866,0.53781513,0.53781513,0.53781513,0.59663866,0.53781513,0.53781513,0.59663866,0.59663866,0.59663866,0.59663866,0.53781513,0.53781513,0.59663866,0.53781513,0.53781513,0.59663866,0.53781513,0.59663866,0.53781513,0.59663866,0.59663866,0.53781513,0.59663866,0.59663866,0.59663866,0.59663866,0.53781513,0.59663866,0.59663866,0.53781513,0.59663866,0.54621849,0.59663866,0.59663866,0.59663866,0.59663866,0.59663866,0.59663866
675.046980,0.59663866,0.59663866,0.59663866,0.53361345,0.53781513,0.53781513,0.59663866,0.59663866,0.53781513,0.53781513,0.53781513,0.59663866,0.53781513,0.59663866,0.53781513,0.59663866,0.59663866,0.53781513,0.59663866,0.59663866,0.53781513,0.59663866,0.59663866,0.53781513,0.59663866,0.59663866,0.53781513,0.53781513,0.59663866,0.53781513,0.59663866,0.53781513,0.56302521,0.59663866,0.59663866,0.59663866,0.53781513,0.59663866,0.53781513,0.53781513,0.59663866,0.53781513,0.53781513,0.53781513,0.59663866,0.59663866,0.59663866,0.54621849,0.59663866,0.59663866,0.53781513,0.55462185,0.59663866,0.59663866,0.59663866,0.59663866,0.54621849,0.53781513,0.59663866,0.59663866,0.59663866,0.53781513,0.53781513,0.53781513,0.59663866,0.53781513,0.59663866,0.53781513,0.53781513,0.53781513,0.53781513,0.59663866,0.59663866,0.59663866,0.55462185,0.59663866,0.59663866,0.59663866,0.59663866,0.59663866,0.59663866,0.53781513,0.59663866,0.59663866,0.59663866,0.59663866,0.59663866,0.59663866,0.53781513,0.59663866,0.53781513,0.53781513,0.53781513,0.53781513,0.53781513,0.53781513,0.59663866,0.59663866,0.59663866,0.59663866,0.53781513,0.59663866,0.59663866,0.53781513,0.53781513,0.54621849,0.59663866,0.59663866,0.53781513,0.53781513,0.59663866,0.59663866,0.59663866,0.53781513,0.53781513,0.53781513,0.53781513,0.53361345,0.55462185,0.53781513,0.55462185,0.59663866,0.59663866,0.53781513,0.53781513,0.59663866,0.59663866,0.58823529,0.59663866,0.59663866,0.55462185,0.53781513,0.59663866,0.53781513,0.53781513,0.53781513,0.53781513,0.59663866,0.59663866,0.59663866,0.59663866,0.59663866,0.53781513,0.53781513,0.53781513,0.59663866,0.59663866,0.53781513,0.59663866,0.59663866,0.59663866,0.59663866,0.59663866,0.53781513,0.59663866,0.53781513,0.59663866,0.59663866,0.59663866,0.59663866,0.53781513,0.59663866,0.53781513,0.59663866,0.53781513,0.59663866,0.53781513,0.53781513,0.59663866,0.59663866,0.59663866,0.59663866,0.53781513,0.53781513,0.59663866,0.59663866,0.53781513,0.59663866,0.53781513,0.59663866,0.53781513,0.59663866,0.59663866,0.53781513,0.59663866,0.59663866,0.59663866,0.59663866,0.53781513,0.59663866,0.59663866,0.53781513,0.59663866,0.54621849,0.59663866,0.59663866,0.59663866,0.59663866,0.59663866,0.59663866
685.107383,0.59663866,0.59663866,0.59663866,0.53361345,0.53781513,0.53781513,0.59663866,0.59663866,0.53781513,0.53781513,0.53781513,0.59663866,0.53781513,0.59663866,0.53781513,0.59663866,0.59663866,0.53781513,0.59663866,0.59663866,0.53781513,0.59663866,0.59663866,0.53781513,0.59663866,0.59663866,0.53781513,0.53781513,0.59663866,0.53781513,0.59663866,0.53781513,0.56302521,0.59663866,0.59663866,0.59663866,0.53781513,0.59663866,0.53781513,0.53781513,0.59663866,0.53781513,0.53781513,0.53781513,0.59663866,0.59663866,0.59663866,0.59663866,0.59663866,0.59663866,0.53781513,0.55462185,0.59663866,0.59663866,0.59663866,0.59663866,0.54621849,0.53781513,0.59663866,0.59663866,0.59663866,0.53781513,0.53781513,0.53781513,0.59663866,0.53781513,0.59663866,0.53781513,0.53781513,0.53781513,0.53781513,0.59663866,0.59663866,0.59663866,0.55462185,0.59663866,0.59663866,0.59663866,0.59663866,0.59663866,0.59663866,0.53781513,0.59663866,0.59663866,0.59663866,0.59663866,0.59663866,0.59663866,0.53781513,0.59663866,0.53781513,0.53781513,0.53781513,0.53781513,0.53781513,0.53781513,0.59663866,0.59663866,0.59663866,0.59663866,0.53781513,0.59663866,0.59663866,0.53781513,0.53781513,0.54621849,0.59663866,0.59663866,0.53781513,0.53781513,0.59663866,0.59663866,0.59663866,0.53781513,0.53781513,0.53781513,0.53781513,0.53361345,0.55462185,0.53781513,0.55462185,0.59663866,0.59663866,0.53781513,0.53781513,0.59663866,0.59663866,0.58823529,0.59663866,0.59663866,0.55462185,0.53781513,0.59663866,0.53781513,0.53781513,0.53781513,0.53781513,0.59663866,0.59663866,0.59663866,0.59663866,0.59663866,0.53781513,0.53781513,0.53781513,0.59663866,0.59663866,0.53781513,0.59663866,0.59663866,0.59663866,0.59663866,0.59663866,0.53781513,0.59663866,0.53781513,0.59663866,0.59663866,0.59663866,0.59663866,0.53781513,0.59663866,0.53781513,0.59663866,0.53781513,0.59663866,0.53781513,0.53781513,0.59663866,0.59663866,0.59663866,0.59663866,0.53781513,0.53781513,0.59663866,0.59663866,0.53781513,0.59663866,0.53781513,0.59663866,0.53781513,0.59663866,0.59663866,0.53781513,0.59663866,0.59663866,0.59663866,0.59663866,0.53781513,0.59663866,0.59663866,0.53781513,0.59663866,0.54621849,0.59663866,0.59663866,0.59663866,0.59663866,0.59663866,0.59663866
695.167785,0.59663866,0.59663866,0.59663866,0.53361345,0.53781513,0.53781513,0.59663866,0.59663866,0.53781513,0.53781513,0.53781513,0.59663866,0.53781513,0.59663866,0.53781513,0.59663866,0.59663866,0.53781513,0.59663866,0.59663866,0.53781513,0.59663866,0.59663866,0.53781513,0.59663866,0.59663866,0.53781513,0.53781513,0.59663866,0.53781513,0.59663866,0.53781513,0.56302521,0.59663866,0.59663866,0.59663866,0.53781513,0.59663866,0.53781513,0.53781513,0.59663866,0.53781513,0.53781513,0.53781513,0.59663866,0.59663866,0.59663866,0.59663866,0.59663866,0.59663866,0.53781513,0.55462185,0.59663866,0.59663866,0.59663866,0.59663866,0.54621849,0.53781513,0.59663866,0.59663866,0.59663866,0.53781513,0.53781513,0.53781513,0.59663866,0.53781513,0.59663866,0.53781513,0.53781513,0.53781513,0.53781513,0.59663866,0.59663866,0.59663866,0.55462185,0.59663866,0.59663866,0.59663866,0.59663866,0.59663866,0.59663866,0.53781513,0.59663866,0.59663866,0.59663866,0.59663866,0.59663866,0.59663866,0.53781513,0.59663866,0.53781513,0.53781513,0.53781513,0.53781513,0.53781513,0.53781513,0.59663866,0.59663866,0.59663866,0.59663866,0.53781513,0.59663866,0.59663866,0.53781513,0.59663866,0.54621849,0.59663866,0.59663866,0.53781513,0.53781513,0.59663866,0.59663866,0.59663866,0.53781513,0.53781513,0.53781513,0.53781513,0.53361345,0.55462185,0.53781513,0.55462185,0.59663866,0.59663866,0.53781513,0.53781513,0.59663866,0.59663866,0.58823529,0.59663866,0.59663866,0.55462185,0.53781513,0.59663866,0.53781513,0.53781513,0.53781513,0.53781513,0.59663866,0.59663866,0.59663866,0.59663866,0.59663866,0.53781513,0.53781513,0.53781513,0.59663866,0.59663866,0.53781513,0.59663866,0.59663866,0.59663866,0.59663866,0.59663866,0.53781513,0.59663866,0.53781513,0.59663866,0.59663866,0.59663866,0.59663866,0.53781513,0.59663866,0.53781513,0.59663866,0.53781513,0.59663866,0.53781513,0.53781513,0.59663866,0.59663866,0.59663866,0.59663866,0.53781513,0.53781513,0.59663866,0.59663866,0.53781513,0.59663866,0.53781513,0.59663866,0.53781513,0.59663866,0.59663866,0.53781513,0.59663866,0.59663866,0.59663866,0.59663866,0.53781513,0.59663866,0.59663866,0.53781513,0.59663866,0.54621849,0.59663866,0.59663866,0.59663866,0.59663866,0.59663866,0.59663866
705.228188,0.59663866,0.59663866,0.59663866,0.53361345,0.53781513,0.53781513,0.59663866,0.59663866,0.53781513,0.53781513,0.53781513,0.59663866,0.53781513,0.59663866,0.53781513,0.59663866,0.59663866,0.53781513,0.59663866,0.59663866,0.53781513,0.59663866,0.59663866,0.53781513,0.59663866,0.59663866,0.53781513,0.53781513,0.59663866,0.53781513,0.59663866,0.53781513,0.59663866,0.59663866,0.59663866,0.59663866,0.53781513,0.59663866,0.53781513,0.53781513,0.59663866,0.53781513,0.53781513,0.53781513,0.59663866,0.59663866,0.59663866,0.59663866,0.59663866,0.59663866,0.53781513,0.59663866,0.59663866,0.59663866,0.59663866,0.59663866,0.54621849,0.53781513,0.59663866,0.59663866,0.59663866,0.53781513,0.53781513,0.53781513,0.59663866,0.53781513,0.59663866,0.53781513,0.53781513,0.59663866,0.53781513,0.59663866,0.59663866,0.59663866,0.55462185,0.59663866,0.59663866,0.59663866,0.59663866,0.59663866,0.59663866,0.53781513,0.59663866,0.59663866,0.59663866,0.59663866,0.59663866,0.59663866,0.53781513,0.59663866,0.53781513,0.53781513,0.53781513,0.53781513,0.53781513,0.53781513,0.59663866,0.59663866,0.59663866,0.59663866,0.53781513,0.59663866,0.59663866,0.53781513,0.59663866,0.54621849,0.59663866,0.59663866,0.53781513,0.53781513,0.59663866,0.59663866,0.59663866,0.53781513,0.53781513,0.53781513,0.53781513,0.53361345,0.55462185,0.53781513,0.55462185,0.59663866,0.59663866,0.53781513,0.53781513,0.59663866,0.59663866,0.58823529,0.59663866,0.59663866,0.55462185,0.53781513,0.59663866,0.53781513,0.53781513,0.53781513,0.59663866,0.59663866,0.59663866,0.59663866,0.59663866,0.59663866,0.53781513,0.53781513,0.53781513,0.59663866,0.59663866,0.53781513,0.59663866,0.59663866,0.59663866,0.59663866,0.59663866,0.53781513,0.59663866,0.53781513,0.59663866,0.59663866,0.59663866,0.59663866,0.53781513,0.59663866,0.53781513,0.59663866,0.53781513,0.59663866,0.53781513,0.53781513,0.59663866,0.59663866,0.59663866,0.59663866,0.53781513,0.53781513,0.59663866,0.59663866,0.53781513,0.59663866,0.53781513,0.59663866,0.53781513,0.59663866,0.59663866,0.53781513,0.59663866,0.59663866,0.59663866,0.59663866,0.53781513,0.59663866,0.59663866,0.53781513,0.59663866,0.54621849,0.59663866,0.59663866,0.59663866,0.59663866,0.59663866,0.59663866
715.288591,0.59663866,0.59663866,0.59663866,0.53361345,0.53781513,0.53781513,0.59663866,0.59663866,0.53781513,0.53781513,0.53781513,0.59663866,0.53781513,0.59663866,0.53781513,0.59663866,0.59663866,0.53781513,0.59663866,0.59663866,0.53781513,0.59663866,0.59663866,0.53781513,0.59663866,0.59663866,0.53781513,0.53781513,0.59663866,0.53781513,0.59663866,0.53781513,0.59663866,0.59663866,0.59663866,0.59663866,0.53781513,0.59663866,0.53781513,0.53781513,0.59663866,0.53781513,0.53781513,0.53781513,0.59663866,0.59663866,0.59663866,0.59663866,0.59663866,0.59663866,0.53781513,0.59663866,0.59663866,0.59663866,0.59663866,0.59663866,0.54621849,0.53781513,0.59663866,0.59663866,0.59663866,0.53781513,0.53781513,0.53781513,0.59663866,0.53781513,0.59663866,0.53781513,0.53781513,0.59663866,0.53781513,0.59663866,0.59663866,0.59663866,0.55462185,0.59663866,0.59663866,0.59663866,0.59663866,0.59663866,0.59663866,0.53781513,0.59663866,0.59663866,0.59663866,0.59663866,0.59663866,0.59663866,0.53781513,0.59663866,0.53781513,0.53781513,0.53781513,0.53781513,0.53781513,0.53781513,0.59663866,0.59663866,0.59663866,0.59663866,0.53781513,0.59663866,0.59663866,0.53781513,0.59663866,0.54621849,0.59663866,0.59663866,0.53781513,0.53781513,0.59663866,0.59663866,0.59663866,0.53781513,0.53781513,0.53781513,0.53781513,0.53361345,0.55462185,0.53781513,0.55462185,0.59663866,0.59663866,0.53781513,0.53781513,0.59663866,0.59663866,0.58823529,0.59663866,0.59663866,0.55462185,0.53781513,0.59663866,0.53781513,0.53781513,0.53781513,0.59663866,0.59663866,0.59663866,0.59663866,0.59663866,0.59663866,0.53781513,0.53781513,0.53781513,0.59663866,0.59663866,0.53781513,0.59663866,0.59663866,0.59663866,0.59663866,0.59663866,0.53781513,0.59663866,0.53781513,0.59663866,0.59663866,0.59663866,0.59663866,0.53781513,0.59663866,0.53781513,0.59663866,0.53781513,0.59663866,0.53781513,0.53781513,0.59663866,0.59663866,0.59663866,0.59663866,0.53781513,0.53781513,0.59663866,0.59663866,0.53781513,0.59663866,0.53781513,0.59663866,0.53781513,0.59663866,0.59663866,0.53781513,0.59663866,0.59663866,0.59663866,0.59663866,0.53781513,0.59663866,0.59663866,0.53781513,0.59663866,0.54621849,0.59663866,0.59663866,0.59663866,0.59663866,0.59663866,0.59663866
725.348993,0.59663866,0.59663866,0.59663866,0.53361345,0.53781513,0.53781513,0.59663866,0.59663866,0.53781513,0.53781513,0.53781513,0.59663866,0.53781513,0.59663866,0.53781513,0.59663866,0.59663866,0.53781513,0.59663866,0.59663866,0.53781513,0.59663866,0.59663866,0.53781513,0.59663866,0.59663866,0.53781513,0.53781513,0.59663866,0.53781513,0.59663866,0.53781513,0.59663866,0.59663866,0.59663866,0.59663866,0.53781513,0.59663866,0.53781513,0.53781513,0.59663866,0.53781513,0.53781513,0.53781513,0.59663866,0.59663866,0.59663866,0.59663866,0.59663866,0.59663866,0.53781513,0.59663866,0.59663866,0.59663866,0.59663866,0.59663866,0.54621849,0.53781513,0.59663866,0.59663866,0.59663866,0.53781513,0.53781513,0.53781513,0.59663866,0.53781513,0.59663866,0.59663866,0.53781513,0.59663866,0.53781513,0.59663866,0.59663866,0.59663866,0.55462185,0.59663866,0.59663866,0.59663866,0.59663866,0.59663866,0.59663866,0.53781513,0.59663866,0.59663866,0.59663866,0.59663866,0.59663866,0.59663866,0.53781513,0.59663866,0.53781513,0.53781513,0.53781513,0.53781513,0.53781513,0.53781513,0.59663866,0.59663866,0.59663866,0.59663866,0.53781513,0.59663866,0.59663866,0.53781513,0.59663866,0.54621849,0.59663866,0.59663866,0.53781513,0.53781513,0.59663866,0.59663866,0.59663866,0.53781513,0.53781513,0.53781513,0.53781513,0.53361345,0.55462185,0.53781513,0.55462185,0.59663866,0.59663866,0.53781513,0.53781513,0.59663866,0.59663866,0.58823529,0.59663866,0.59663866,0.55462185,0.53781513,0.59663866,0.53781513,0.53781513,0.53781513,0.59663866,0.59663866,0.59663866,0.59663866,0.59663866,0.59663866,0.53781513,0.53781513,0.53781513,0.59663866,0.59663866,0.53781513,0.59663866,0.59663866,0.59663866,0.59663866,0.59663866,0.53781513,0.59663866,0.53781513,0.59663866,0.59663866,0.59663866,0.59663866,0.53781513,0.59663866,0.59663866,0.59663866,0.53781513,0.59663866,0.53781513,0.53781513,0.59663866,0.59663866,0.59663866,0.59663866,0.53781513,0.53781513,0.59663866,0.59663866,0.53781513,0.59663866,0.53781513,0.59663866,0.53781513,0.59663866,0.59663866,0.53781513,0.59663866,0.59663866,0.59663866,0.59663866,0.53781513,0.59663866,0.59663866,0.53781513,0.59663866,0.54621849,0.59663866,0.59663866,0.59663866,0.59663866,0.59663866,0.59663866
735.409396,0.59663866,0.59663866,0.59663866,0.53361345,0.53781513,0.53781513,0.59663866,0.59663866,0.53781513,0.53781513,0.53781513,0.59663866,0.53781513,0.59663866,0.53781513,0.59663866,0.59663866,0.53781513,0.59663866,0.59663866,0.53781513,0.59663866,0.59663866,0.53781513,0.59663866,0.59663866,0.53781513,0.53781513,0.59663866,0.53781513,0.59663866,0.53781513,0.59663866,0.59663866,0.59663866,0.59663866,0.53781513,0.59663866,0.53781513,0.53781513,0.59663866,0.59663866,0.53781513,0.53781513,0.59663866,0.59663866,0.59663866,0.59663866,0.59663866,0.59663866,0.53781513,0.59663866,0.59663866,0.59663866,0.59663866,0.59663866,0.54621849,0.53781513,0.59663866,0.59663866,0.59663866,0.53781513,0.53781513,0.53781513,0.59663866,0.53781513,0.59663866,0.59663866,0.53781513,0.59663866,0.53781513,0.59663866,0.59663866,0.59663866,0.55462185,0.59663866,0.59663866,0.59663866,0.59663866,0.59663866,0.59663866,0.53781513,0.59663866,0.59663866,0.59663866,0.59663866,0.59663866,0.59663866,0.53781513,0.59663866,0.53781513,0.53781513,0.53781513,0.53781513,0.53781513,0.53781513,0.59663866,0.59663866,0.59663866,0.59663866,0.53781513,0.59663866,0.59663866,0.53781513,0.59663866,0.54621849,0.59663866,0.59663866,0.53781513,0.53781513,0.59663866,0.59663866,0.59663866,0.53781513,0.53781513,0.53781513,0.53781513,0.53361345,0.55462185,0.53781513,0.55462185,0.59663866,0.59663866,0.53781513,0.53781513,0.59663866,0.59663866,0.58823529,0.59663866,0.59663866,0.55462185,0.53781513,0.59663866,0.53781513,0.53781513,0.53781513,0.59663866,0.59663866,0.59663866,0.59663866,0.59663866,0.59663866,0.53781513,0.53781513,0.53781513,0.59663866,0.59663866,0.53781513,0.59663866,0.59663866,0.59663866,0.59663866,0.59663866,0.53781513,0.59663866,0.53781513,0.59663866,0.59663866,0.59663866,0.59663866,0.53781513,0.59663866,0.59663866,0.59663866,0.53781513,0.59663866,0.59663866,0.53781513,0.59663866,0.59663866,0.59663866,0.59663866,0.53781513,0.53781513,0.59663866,0.59663866,0.53781513,0.59663866,0.53781513,0.59663866,0.53781513,0.59663866,0.59663866,0.53781513,0.59663866,0.59663866,0.59663866,0.59663866,0.53781513,0.59663866,0.59663866,0.53781513,0.59663866,0.54621849,0.59663866,0.59663866,0.59663866,0.59663866,0.59663866,0.59663866
745.469799,0.59663866,0.59663866,0.59663866,0.53361345,0.53781513,0.53781513,0.59663866,0.59663866,0.53781513,0.53781513,0.53781513,0.59663866,0.53781513,0.59663866,0.53781513,0.59663866,0.59663866,0.53781513,0.59663866,0.59663866,0.53781513,0.59663866,0.59663866,0.53781513,0.59663866,0.59663866,0.53781513,0.53781513,0.59663866,0.53781513,0.59663866,0.59663866,0.59663866,0.59663866,0.59663866,0.59663866,0.53781513,0.59663866,0.53781513,0.53781513,0.59663866,0.59663866,0.53781513,0.53781513,0.59663866,0.59663866,0.59663866,0.59663866,0.59663866,0.59663866,0.53781513,0.59663866,0.59663866,0.59663866,0.59663866,0.59663866,0.54621849,0.53781513,0.59663866,0.59663866,0.59663866,0.53781513,0.53781513,0.53781513,0.59663866,0.53781513,0.59663866,0.59663866,0.53781513,0.59663866,0.53781513,0.59663866,0.59663866,0.59663866,0.55462185,0.59663866,0.59663866,0.59663866,0.59663866,0.59663866,0.59663866,0.53781513,0.59663866,0.59663866,0.59663866,0.59663866,0.59663866,0.59663866,0.53781513,0.59663866,0.53781513,0.53781513,0.53781513,0.53781513,0.53781513,0.53781513,0.59663866,0.59663866,0.59663866,0.59663866,0.53781513,0.59663866,0.59663866,0.53781513,0.59663866,0.54621849,0.59663866,0.59663866,0.53781513,0.53781513,0.59663866,0.59663866,0.59663866,0.53781513,0.53781513,0.53781513,0.53781513,0.53361345,0.55462185,0.53781513,0.59663866,0.59663866,0.59663866,0.53781513,0.53781513,0.59663866,0.59663866,0.58823529,0.59663866,0.59663866,0.55462185,0.53781513,0.59663866,0.53781513,0.53781513,0.59663866,0.59663866,0.59663866,0.59663866,0.59663866,0.59663866,0.59663866,0.53781513,0.53781513,0.53781513,0.59663866,0.59663866,0.53781513,0.59663866,0.59663866,0.59663866,0.59663866,0.59663866,0.53781513,0.59663866,0.53781513,0.59663866,0.59663866,0.59663866,0.59663866,0.53781513,0.59663866,0.59663866,0.59663866,0.53781513,0.59663866,0.59663866,0.53781513,0.59663866,0.59663866,0.59663866,0.59663866,0.53781513,0.53781513,0.59663866,0.59663866,0.53781513,0.59663866,0.53781513,0.59663866,0.53781513,0.59663866,0.59663866,0.53781513,0.59663866,0.59663866,0.59663866,0.59663866,0.53781513,0.59663866,0.59663866,0.53781513,0.59663866,0.54621849,0.59663866,0.59663866,0.59663866,0.59663866,0.59663866,0.59663866
755.530201,0.59663866,0.59663866,0.59663866,0.53361345,0.53781513,0.53781513,0.59663866,0.59663866,0.53781513,0.53781513,0.53781513,0.59663866,0.53781513,0.59663866,0.53781513,0.59663866,0.59663866,0.53781513,0.59663866,0.59663866,0.53781513,0.59663866,0.59663866,0.53781513,0.59663866,0.59663866,0.53781513,0.53781513,0.59663866,0.53781513,0.59663866,0.59663866,0.59663866,0.59663866,0.59663866,0.59663866,0.53781513,0.59663866,0.53781513,0.53781513,0.59663866,0.59663866,0.53781513,0.53781513,0.59663866,0.59663866,0.59663866,0.59663866,0.59663866,0.59663866,0.53781513,0.59663866,0.59663866,0.59663866,0.59663866,0.59663866,0.54621849,0.53781513,0.59663866,0.59663866,0.59663866,0.53781513,0.53781513,0.53781513,0.59663866,0.53781513,0.59663866,0.59663866,0.53781513,0.59663866,0.53781513,0.59663866,0.59663866,0.59663866,0.55462185,0.59663866,0.59663866,0.59663866,0.59663866,0.59663866,0.59663866,0.53781513,0.59663866,0.59663866,0.59663866,0.59663866,0.59663866,0.59663866,0.53781513,0.59663866,0.53781513,0.53781513,0.53781513,0.53781513,0.53781513,0.53781513,0.59663866,0.59663866,0.59663866,0.59663866,0.53781513,0.59663866,0.59663866,0.53781513,0.59663866,0.54621849,0.59663866,0.59663866,0.53781513,0.53781513,0.59663866,0.59663866,0.59663866,0.53781513,0.53781513,0.53781513,0.53781513,0.53361345,0.55462185,0.53781513,0.59663866,0.59663866,0.59663866,0.53781513,0.53781513,0.59663866,0.59663866,0.58823529,0.59663866,0.59663866,0.55462185,0.53781513,0.59663866,0.53781513,0.53781513,0.59663866,0.59663866,0.59663866,0.59663866,0.59663866,0.59663866,0.59663866,0.53781513,0.53781513,0.53781513,0.59663866,0.59663866,0.53781513,0.59663866,0.59663866,0.59663866,0.59663866,0.59663866,0.53781513,0.59663866,0.53781513,0.59663866,0.59663866,0.59663866,0.59663866,0.53781513,0.59663866,0.60504202,0.59663866,0.53781513,0.59663866,0.59663866,0.53781513,0.59663866,0.59663866,0.59663866,0.59663866,0.53781513,0.53781513,0.59663866,0.59663866,0.53781513,0.59663866,0.53781513,0.59663866,0.53781513,0.59663866,0.59663866,0.53781513,0.59663866,0.59663866,0.59663866,0.59663866,0.53781513,0.59663866,0.59663866,0.53781513,0.59663866,0.54621849,0.59663866,0.59663866,0.59663866,0.59663866,0.59663866,0.59663866
765.590604,0.59663866,0.59663866,0.59663866,0.53361345,0.53781513,0.53781513,0.59663866,0.59663866,0.53781513,0.53781513,0.59663866,0.59663866,0.53781513,0.59663866,0.53781513,0.59663866,0.59663866,0.53781513,0.59663866,0.59663866,0.53781513,0.59663866,0.59663866,0.53781513,0.59663866,0.59663866,0.53781513,0.53781513,0.59663866,0.53781513,0.59663866,0.59663866,0.59663866,0.59663866,0.59663866,0.59663866,0.53781513,0.59663866,0.53781513,0.53781513,0.59663866,0.59663866,0.53781513,0.53781513,0.59663866,0.59663866,0.59663866,0.59663866,0.59663866,0.59663866,0.53781513,0.59663866,0.59663866,0.59663866,0.59663866,0.59663866,0.54621849,0.53781513,0.59663866,0.59663866,0.59663866,0.53781513,0.53781513,0.53781513,0.59663866,0.53781513,0.59663866,0.59663866,0.53781513,0.59663866,0.53781513,0.59663866,0.59663866,0.59663866,0.55462185,0.59663866,0.59663866,0.59663866,0.59663866,0.59663866,0.59663866,0.53781513,0.59663866,0.59663866,0.59663866,0.59663866,0.59663866,0.59663866,0.53781513,0.59663866,0.53781513,0.53781513,0.53781513,0.53781513,0.53781513,0.53781513,0.59663866,0.59663866,0.59663866,0.59663866,0.53781513,0.59663866,0.59663866,0.53781513,0.59663866,0.54621849,0.59663866,0.59663866,0.53781513,0.53781513,0.59663866,0.59663866,0.59663866,0.53781513,0.53781513,0.53781513,0.53781513,0.53361345,0.55462185,0.53781513,0.59663866,0.59663866,0.59663866,0.53781513,0.59663866,0.59663866,0.59663866,0.58823529,0.59663866,0.59663866,0.55462185,0.53781513,0.59663866,0.53781513,0.53781513,0.59663866,0.59663866,0.59663866,0.59663866,0.59663866,0.59663866,0.59663866,0.53781513,0.53781513,0.53781513,0.59663866,0.59663866,0.53781513,0.59663866,0.59663866,0.59663866,0.59663866,0.59663866,0.53781513,0.59663866,0.53781513,0.59663866,0.59663866,0.59663866,0.59663866,0.53781513,0.59663866,0.60504202,0.59663866,0.53781513,0.59663866,0.59663866,0.53781513,0.59663866,0.59663866,0.59663866,0.59663866,0.53781513,0.53781513,0.59663866,0.59663866,0.53781513,0.59663866,0.53781513,0.59663866,0.53781513,0.59663866,0.59663866,0.53781513,0.59663866,0.59663866,0.59663866,0.60504202,0.53781513,0.59663866,0.59663866,0.53781513,0.59663866,0.54621849,0.59663866,0.59663866,0.59663866,0.59663866,0.59663866,0.59663866
775.651007,0.59663866,0.59663866,0.59663866,0.53361345,0.53781513,0.53781513,0.59663866,0.59663866,0.53781513,0.53781513,0.59663866,0.59663866,0.53781513,0.59663866,0.53781513,0.59663866,0.59663866,0.53781513,0.59663866,0.59663866,0.53781513,0.59663866,0.59663866,0.53781513,0.59663866,0.59663866,0.53781513,0.53781513,0.59663866,0.53781513,0.59663866,0.59663866,0.59663866,0.59663866,0.59663866,0.59663866,0.53781513,0.59663866,0.53781513,0.53781513,0.59663866,0.59663866,0.53781513,0.53781513,0.59663866,0.59663866,0.59663866,0.59663866,0.59663866,0.59663866,0.53781513,0.59663866,0.59663866,0.59663866,0.59663866,0.59663866,0.54621849,0.53781513,0.59663866,0.59663866,0.59663866,0.53781513,0.53781513,0.53781513,0.59663866,0.53781513,0.59663866,0.59663866,0.53781513,0.59663866,0.53781513,0.59663866,0.59663866,0.59663866,0.55462185,0.59663866,0.59663866,0.59663866,0.59663866,0.59663866,0.59663866,0.53781513,0.59663866,0.59663866,0.59663866,0.59663866,0.59663866,0.59663866,0.53781513,0.59663866,0.54621849,0.53781513,0.53781513,0.53781513,0.53781513,0.53781513,0.59663866,0.59663866,0.59663866,0.59663866,0.53781513,0.59663866,0.59663866,0.54621849,0.59663866,0.54621849,0.59663866,0.59663866,0.53781513,0.53781513,0.59663866,0.59663866,0.59663866,0.53781513,0.53781513,0.53781513,0.53781513,0.53361345,0.55462185,0.53781513,0.59663866,0.59663866,0.59663866,0.53781513,0.59663866,0.59663866,0.59663866,0.58823529,0.59663866,0.59663866,0.55462185,0.53781513,0.59663866,0.53781513,0.53781513,0.59663866,0.59663866,0.59663866,0.59663866,0.59663866,0.59663866,0.59663866,0.53781513,0.53781513,0.53781513,0.59663866,0.59663866,0.53781513,0.59663866,0.59663866,0.59663866,0.59663866,0.59663866,0.53781513,0.59663866,0.53781513,0.59663866,0.59663866,0.59663866,0.59663866,0.53781513,0.59663866,0.60504202,0.59663866,0.53781513,0.59663866,0.59663866,0.53781513,0.59663866,0.59663866,0.59663866,0.59663866,0.53781513,0.53781513,0.59663866,0.59663866,0.53781513,0.59663866,0.53781513,0.59663866,0.53781513,0.59663866,0.59663866,0.53781513,0.59663866,0.59663866,0.59663866,0.60504202,0.53781513,0.59663866,0.59663866,0.53781513,0.59663866,0.59663866,0.59663866,0.59663866,0.59663866,0.59663866,0.59663866,0.59663866
785.711409,0.59663866,0.59663866,0.59663866,0.53361345,0.53781513,0.53781513,0.59663866,0.59663866,0.53781513,0.53781513,0.59663866,0.59663866,0.53781513,0.59663866,0.53781513,0.59663866,0.59663866,0.53781513,0.59663866,0.59663866,0.53781513,0.59663866,0.59663866,0.53781513,0.59663866,0.59663866,0.53781513,0.53781513,0.59663866,0.53781513,0.59663866,0.59663866,0.59663866,0.59663866,0.59663866,0.59663866,0.53781513,0.59663866,0.53781513,0.53781513,0.59663866,0.59663866,0.53781513,0.53781513,0.59663866,0.59663866,0.59663866,0.59663866,0.59663866,0.59663866,0.53781513,0.59663866,0.59663866,0.59663866,0.59663866,0.59663866,0.59663866,0.53781513,0.59663866,0.59663866,0.59663866,0.53781513,0.53781513,0.53781513,0.59663866,0.53781513,0.59663866,0.59663866,0.53781513,0.59663866,0.53781513,0.59663866,0.59663866,0.59663866,0.55462185,0.59663866,0.59663866,0.59663866,0.59663866,0.59663866,0.59663866,0.53781513,0.59663866,0.59663866,0.59663866,0.59663866,0.59663866,0.59663866,0.53781513,0.59663866,0.54621849,0.53781513,0.53781513,0.53781513,0.53781513,0.53781513,0.59663866,0.59663866,0.59663866,0.59663866,0.53781513,0.59663866,0.59663866,0.54621849,0.59663866,0.54621849,0.59663866,0.59663866,0.53781513,0.53781513,0.59663866,0.59663866,0.59663866,0.53781513,0.53781513,0.53781513,0.53781513,0.53361345,0.55462185,0.53781513,0.59663866,0.59663866,0.59663866,0.53781513,0.59663866,0.59663866,0.59663866,0.58823529,0.59663866,0.59663866,0.59663866,0.53781513,0.59663866,0.53781513,0.53781513,0.59663866,0.59663866,0.59663866,0.59663866,0.59663866,0.59663866,0.59663866,0.53781513,0.53781513,0.53781513,0.59663866,0.59663866,0.53781513,0.59663866,0.59663866,0.59663866,0.59663866,0.59663866,0.53781513,0.59663866,0.53781513,0.59663866,0.59663866,0.59663866,0.59663866,0.53781513,0.59663866,0.60504202,0.59663866,0.53781513,0.59663866,0.59663866,0.53781513,0.59663866,0.59663866,0.59663866,0.59663866,0.53781513,0.53781513,0.59663866,0.59663866,0.59663866,0.59663866,0.53781513,0.59663866,0.53781513,0.59663866,0.59663866,0.53781513,0.59663866,0.59663866,0.59663866,0.60504202,0.53781513,0.59663866,0.59663866,0.53781513,0.59663866,0.59663866,0.59663866,0.59663866,0.59663866,0.59663866,0.59663866,0.59663866
795.771812,0.59663866,0.59663866,0.59663866,0.53361345,0.53781513,0.53781513,0.59663866,0.59663866,0.53781513,0.53781513,0.59663866,0.59663866,0.53781513,0.59663866,0.53781513,0.59663866,0.59663866,0.53781513,0.59663866,0.59663866,0.53781513,0.59663866,0.59663866,0.53781513,0.59663866,0.59663866,0.53781513,0.53781513,0.59663866,0.53781513,0.59663866,0.59663866,0.59663866,0.59663866,0.59663866,0.59663866,0.53781513,0.59663866,0.53781513,0.53781513,0.59663866,0.59663866,0.53781513,0.53781513,0.59663866,0.59663866,0.59663866,0.59663866,0.59663866,0.59663866,0.53781513,0.59663866,0.59663866,0.59663866,0.59663866,0.59663866,0.59663866,0.53781513,0.59663866,0.59663866,0.59663866,0.53781513,0.53781513,0.53781513,0.59663866,0.53781513,0.59663866,0.59663866,0.53781513,0.59663866,0.53781513,0.59663866,0.59663866,0.59663866,0.55462185,0.59663866,0.59663866,0.59663866,0.59663866,0.59663866,0.59663866,0.53781513,0.59663866,0.59663866,0.59663866,0.59663866,0.59663866,0.59663866,0.53781513,0.59663866,0.54621849,0.53781513,0.53781513,0.53781513,0.53781513,0.53781513,0.59663866,0.59663866,0.59663866,0.59663866,0.53781513,0.59663866,0.59663866,0.54621849,0.59663866,0.54621849,0.59663866,0.59663866,0.53781513,0.53781513,0.59663866,0.59663866,0.59663866,0.59663866,0.53781513,0.53781513,0.53781513,0.53361345,0.55462185,0.53781513,0.59663866,0.59663866,0.59663866,0.53781513,0.59663866,0.59663866,0.59663866,0.53781513,0.59663866,0.59663866,0.59663866,0.53781513,0.59663866,0.53781513,0.53781513,0.59663866,0.59663866,0.59663866,0.59663866,0.59663866,0.59663866,0.59663866,0.53781513,0.53781513,0.53781513,0.59663866,0.59663866,0.53781513,0.59663866,0.59663866,0.59663866,0.59663866,0.59663866,0.53781513,0.59663866,0.53781513,0.59663866,0.59663866,0.59663866,0.59663866,0.53781513,0.59663866,0.60504202,0.59663866,0.53781513,0.59663866,0.59663866,0.53781513,0.59663866,0.59663866,0.59663866,0.59663866,0.53781513,0.53781513,0.59663866,0.59663866,0.59663866,0.59663866,0.53781513,0.59663866,0.53781513,0.59663866,0.59663866,0.53781513,0.59663866,0.59663866,0.59663866,0.60504202,0.53781513,0.59663866,0.59663866,0.53781513,0.59663866,0.59663866,0.59663866,0.59663866,0.59663866,0.59663866,0.59663866,0.59663866
805.832215,0.59663866,0.59663866,0.59663866,0.53361345,0.53781513,0.53781513,0.59663866,0.59663866,0.53781513,0.53781513,0.59663866,0.59663866,0.53781513,0.59663866,0.53781513,0.59663866,0.59663866,0.53781513,0.59663866,0.59663866,0.53781513,0.59663866,0.59663866,0.53781513,0.59663866,0.59663866,0.53781513,0.53781513,0.59663866,0.53781513,0.59663866,0.59663866,0.59663866,0.59663866,0.59663866,0.59663866,0.53781513,0.59663866,0.53781513,0.53781513,0.59663866,0.59663866,0.53781513,0.53781513,0.59663866,0.59663866,0.59663866,0.59663866,0.59663866,0.59663866,0.53781513,0.59663866,0.59663866,0.59663866,0.59663866,0.59663866,0.59663866,0.53781513,0.59663866,0.59663866,0.59663866,0.53781513,0.53781513,0.53781513,0.59663866,0.53781513,0.59663866,0.59663866,0.53781513,0.59663866,0.53781513,0.59663866,0.59663866,0.59663866,0.55462185,0.59663866,0.59663866,0.59663866,0.59663866,0.59663866,0.59663866,0.53781513,0.59663866,0.59663866,0.59663866,0.59663866,0.59663866,0.59663866,0.53781513,0.59663866,0.54621849,0.53781513,0.53781513,0.53781513,0.53781513,0.53781513,0.59663866,0.59663866,0.59663866,0.59663866,0.53781513,0.59663866,0.59663866,0.54621849,0.59663866,0.54621849,0.59663866,0.59663866,0.53781513,0.53781513,0.59663866,0.59663866,0.59663866,0.59663866,0.53781513,0.53781513,0.53781513,0.53361345,0.55462185,0.53781513,0.59663866,0.59663866,0.59663866,0.53781513,0.59663866,0.59663866,0.59663866,0.53781513,0.59663866,0.59663866,0.59663866,0.53781513,0.59663866,0.53781513,0.53781513,0.59663866,0.59663866,0.59663866,0.59663866,0.59663866,0.59663866,0.59663866,0.59663866,0.53781513,0.53781513,0.59663866,0.59663866,0.53781513,0.59663866,0.59663866,0.59663866,0.59663866,0.59663866,0.53781513,0.59663866,0.53781513,0.59663866,0.59663866,0.59663866,0.59663866,0.53781513,0.59663866,0.60504202,0.59663866,0.53781513,0.59663866,0.59663866,0.53781513,0.59663866,0.59663866,0.59663866,0.59663866,0.53781513,0.53781513,0.59663866,0.59663866,0.59663866,0.59663866,0.53781513,0.59663866,0.53781513,0.59663866,0.59663866,0.53781513,0.59663866,0.59663866,0.59663866,0.60504202,0.53781513,0.59663866,0.59663866,0.53781513,0.59663866,0.59663866,0.59663866,0.59663866,0.59663866,0.59663866,0.59663866,0.59663866
815.892617,0.59663866,0.59663866,0.59663866,0.53361345,0.53781513,0.53781513,0.59663866,0.59663866,0.53781513,0.53781513,0.59663866,0.59663866,0.53781513,0.59663866,0.53781513,0.59663866,0.59663866,0.53781513,0.59663866,0.59663866,0.53781513,0.59663866,0.59663866,0.53781513,0.59663866,0.59663866,0.53781513,0.53781513,0.59663866,0.53781513,0.59663866,0.59663866,0.59663866,0.59663866,0.59663866,0.59663866,0.53781513,0.59663866,0.53781513,0.53781513,0.59663866,0.59663866,0.53781513,0.53781513,0.59663866,0.59663866,0.59663866,0.59663866,0.59663866,0.59663866,0.53781513,0.59663866,0.59663866,0.59663866,0.59663866,0.59663866,0.59663866,0.53781513,0.59663866,0.59663866,0.59663866,0.53781513,0.53781513,0.53781513,0.59663866,0.53781513,0.59663866,0.59663866,0.53781513,0.59663866,0.53781513,0.59663866,0.59663866,0.59663866,0.59663866,0.59663866,0.59663866,0.59663866,0.59663866,0.59663866,0.59663866,0.53781513,0.59663866,0.59663866,0.59663866,0.59663866,0.59663866,0.59663866,0.53781513,0.59663866,0.54621849,0.53781513,0.53781513,0.53781513,0.53781513,0.53781513,0.59663866,0.59663866,0.59663866,0.59663866,0.53781513,0.59663866,0.59663866,0.54621849,0.59663866,0.54621849,0.59663866,0.59663866,0.53781513,0.53781513,0.59663866,0.59663866,0.59663866,0.59663866,0.53781513,0.53781513,0.53781513,0.53361345,0.55462185,0.53781513,0.59663866,0.59663866,0.59663866,0.53781513,0.59663866,0.59663866,0.59663866,0.53781513,0.59663866,0.59663866,0.59663866,0.53781513,0.59663866,0.53781513,0.53781513,0.59663866,0.59663866,0.59663866,0.59663866,0.59663866,0.59663866,0.59663866,0.59663866,0.53781513,0.53781513,0.59663866,0.59663866,0.53781513,0.59663866,0.59663866,0.59663866,0.59663866,0.59663866,0.53781513,0.59663866,0.53781513,0.59663866,0.59663866,0.59663866,0.59663866,0.53781513,0.59663866,0.60504202,0.59663866,0.53781513,0.59663866,0.59663866,0.53781513,0.59663866,0.59663866,0.59663866,0.59663866,0.53781513,0.53781513,0.59663866,0.59663866,0.59663866,0.59663866,0.53781513,0.59663866,0.53781513,0.59663866,0.59663866,0.53781513,0.59663866,0.59663866,0.59663866,0.60504202,0.53781513,0.59663866,0.59663866,0.53781513,0.59663866,0.59663866,0.59663866,0.59663866,0.59663866,0.59663866,0.59663866,0.59663866
825.953020,0.59663866,0.59663866,0.59663866,0.53361345,0.53781513,0.53781513,0.59663866,0.59663866,0.53781513,0.53781513,0.59663866,0.59663866,0.53781513,0.59663866,0.53781513,0.59663866,0.59663866,0.53781513,0.59663866,0.59663866,0.53781513,0.59663866,0.59663866,0.53781513,0.59663866,0.59663866,0.53781513,0.59663866,0.59663866,0.59663866,0.59663866,0.59663866,0.59663866,0.59663866,0.59663866,0.59663866,0.53781513,0.59663866,0.53781513,0.53781513,0.59663866,0.59663866,0.53781513,0.53781513,0.59663866,0.59663866,0.59663866,0.59663866,0.59663866,0.59663866,0.53781513,0.59663866,0.59663866,0.59663866,0.59663866,0.59663866,0.59663866,0.53781513,0.59663866,0.59663866,0.59663866,0.53781513,0.53781513,0.53781513,0.59663866,0.53781513,0.59663866,0.59663866,0.53781513,0.59663866,0.53781513,0.59663866,0.59663866,0.59663866,0.59663866,0.59663866,0.59663866,0.59663866,0.59663866,0.59663866,0.59663866,0.53781513,0.59663866,0.59663866,0.59663866,0.59663866,0.59663866,0.59663866,0.53781513,0.59663866,0.54621849,0.53781513,0.53781513,0.53781513,0.53781513,0.53781513,0.59663866,0.59663866,0.59663866,0.59663866,0.53781513,0.59663866,0.59663866,0.54621849,0.59663866,0.54621849,0.59663866,0.59663866,0.53781513,0.53781513,0.59663866,0.59663866,0.59663866,0.59663866,0.53781513,0.53781513,0.53781513,0.53361345,0.55462185,0.53781513,0.59663866,0.59663866,0.59663866,0.53781513,0.59663866,0.59663866,0.59663866,0.53781513,0.59663866,0.59663866,0.59663866,0.53781513,0.59663866,0.53781513,0.53781513,0.59663866,0.59663866,0.59663866,0.59663866,0.59663866,0.59663866,0.59663866,0.59663866,0.53781513,0.53781513,0.59663866,0.59663866,0.53781513,0.59663866,0.59663866,0.59663866,0.59663866,0.59663866,0.53781513,0.59663866,0.53781513,0.59663866,0.59663866,0.59663866,0.59663866,0.53781513,0.59663866,0.60504202,0.59663866,0.53781513,0.59663866,0.59663866,0.53781513,0.59663866,0.59663866,0.59663866,0.59663866,0.53781513,0.54621849,0.59663866,0.59663866,0.59663866,0.59663866,0.53781513,0.59663866,0.53781513,0.59663866,0.59663866,0.53781513,0.59663866,0.59663866,0.59663866,0.60504202,0.53781513,0.59663866,0.59663866,0.53781513,0.59663866,0.59663866,0.59663866,0.59663866,0.59663866,0.59663866,0.59663866,0.59663866
836.013423,0.59663866,0.59663866,0.59663866,0.53361345,0.53781513,0.53781513,0.59663866,0.59663866,0.53781513,0.53781513,0.59663866,0.59663866,0.53781513,0.59663866,0.53781513,0.59663866,0.59663866,0.53781513,0.59663866,0.59663866,0.53781513,0.59663866,0.59663866,0.53781513,0.59663866,0.59663866,0.53781513,0.59663866,0.59663866,0.59663866,0.59663866,0.59663866,0.59663866,0.59663866,0.59663866,0.59663866,0.54621849,0.59663866,0.53781513,0.53781513,0.59663866,0.59663866,0.53781513,0.53781513,0.59663866,0.59663866,0.59663866,0.59663866,0.59663866,0.59663866,0.53781513,0.59663866,0.59663866,0.59663866,0.59663866,0.59663866,0.59663866,0.53781513,0.59663866,0.59663866,0.59663866,0.53781513,0.53781513,0.53781513,0.59663866,0.53781513,0.59663866,0.59663866,0.53781513,0.59663866,0.53781513,0.59663866,0.59663866,0.59663866,0.59663866,0.59663866,0.59663866,0.59663866,0.59663866,0.59663866,0.59663866,0.53781513,0.59663866,0.59663866,0.59663866,0.59663866,0.59663866,0.59663866,0.53781513,0.59663866,0.54621849,0.53781513,0.53781513,0.53781513,0.53781513,0.53781513,0.59663866,0.59663866,0.59663866,0.59663866,0.53781513,0.59663866,0.59663866,0.54621849,0.59663866,0.54621849,0.59663866,0.59663866,0.53781513,0.53781513,0.59663866,0.59663866,0.59663866,0.59663866,0.53781513,0.53781513,0.53781513,0.53361345,0.59663866,0.53781513,0.59663866,0.59663866,0.59663866,0.53781513,0.59663866,0.59663866,0.59663866,0.53781513,0.59663866,0.59663866,0.59663866,0.53781513,0.59663866,0.53781513,0.53781513,0.59663866,0.59663866,0.59663866,0.59663866,0.59663866,0.59663866,0.59663866,0.59663866,0.53781513,0.53781513,0.59663866,0.59663866,0.53781513,0.59663866,0.59663866,0.59663866,0.59663866,0.59663866,0.53781513,0.59663866,0.53781513,0.59663866,0.59663866,0.59663866,0.59663866,0.53781513,0.59663866,0.60504202,0.59663866,0.53781513,0.59663866,0.59663866,0.53781513,0.59663866,0.59663866,0.59663866,0.59663866,0.53781513,0.54621849,0.59663866,0.59663866,0.59663866,0.59663866,0.53781513,0.59663866,0.53781513,0.59663866,0.59663866,0.53781513,0.59663866,0.59663866,0.59663866,0.60504202,0.53781513,0.59663866,0.59663866,0.53781513,0.59663866,0.59663866,0.59663866,0.59663866,0.59663866,0.59663866,0.59663866,0.59663866
846.073826,0.59663866,0.59663866,0.59663866,0.53361345,0.53781513,0.53781513,0.59663866,0.59663866,0.53781513,0.53781513,0.59663866,0.59663866,0.53781513,0.59663866,0.53781513,0.59663866,0.59663866,0.53781513,0.59663866,0.59663866,0.53781513,0.59663866,0.59663866,0.53781513,0.59663866,0.59663866,0.53781513,0.59663866,0.59663866,0.59663866,0.59663866,0.59663866,0.59663866,0.59663866,0.59663866,0.59663866,0.54621849,0.59663866,0.53781513,0.53781513,0.59663866,0.59663866,0.53781513,0.53781513,0.59663866,0.59663866,0.59663866,0.59663866,0.59663866,0.59663866,0.53781513,0.59663866,0.59663866,0.59663866,0.59663866,0.59663866,0.59663866,0.53781513,0.59663866,0.59663866,0.59663866,0.53781513,0.53781513,0.53781513,0.59663866,0.53781513,0.59663866,0.59663866,0.53781513,0.59663866,0.53781513,0.59663866,0.59663866,0.59663866,0.59663866,0.59663866,0.59663866,0.59663866,0.59663866,0.59663866,0.59663866,0.53781513,0.59663866,0.59663866,0.59663866,0.59663866,0.59663866,0.59663866,0.53781513,0.59663866,0.54621849,0.53781513,0.53781513,0.53781513,0.53781513,0.53781513,0.59663866,0.59663866,0.59663866,0.59663866,0.53781513,0.59663866,0.59663866,0.54621849,0.59663866,0.54621849,0.59663866,0.59663866,0.53781513,0.53781513,0.59663866,0.59663866,0.59663866,0.59663866,0.53781513,0.53781513,0.53781513,0.53361345,0.59663866,0.53781513,0.59663866,0.59663866,0.59663866,0.59663866,0.59663866,0.59663866,0.59663866,0.52941176,0.59663866,0.59663866,0.59663866,0.53781513,0.59663866,0.53781513,0.53781513,0.59663866,0.59663866,0.59663866,0.59663866,0.59663866,0.59663866,0.59663866,0.59663866,0.53781513,0.53781513,0.59663866,0.59663866,0.53781513,0.59663866,0.59663866,0.59663866,0.59663866,0.59663866,0.53781513,0.59663866,0.53781513,0.59663866,0.59663866,0.59663866,0.60504202,0.53781513,0.59663866,0.65546218,0.59663866,0.53781513,0.59663866,0.59663866,0.53781513,0.59663866,0.59663866,0.59663866,0.59663866,0.53781513,0.54621849,0.59663866,0.59663866,0.59663866,0.59663866,0.53781513,0.59663866,0.53781513,0.59663866,0.59663866,0.53781513,0.53781513,0.59663866,0.59663866,0.60504202,0.53781513,0.59663866,0.59663866,0.53781513,0.59663866,0.59663866,0.59663866,0.59663866,0.59663866,0.59663866,0.59663866,0.59663866
856.134228,0.59663866,0.59663866,0.59663866,0.53361345,0.53781513,0.53781513,0.59663866,0.59663866,0.53781513,0.53781513,0.59663866,0.59663866,0.53781513,0.59663866,0.53781513,0.59663866,0.59663866,0.53781513,0.59663866,0.59663866,0.53781513,0.59663866,0.59663866,0.53781513,0.59663866,0.59663866,0.53781513,0.59663866,0.59663866,0.59663866,0.59663866,0.59663866,0.59663866,0.59663866,0.59663866,0.59663866,0.54621849,0.59663866,0.53781513,0.53781513,0.59663866,0.59663866,0.53781513,0.53781513,0.59663866,0.59663866,0.59663866,0.59663866,0.59663866,0.59663866,0.53781513,0.59663866,0.59663866,0.59663866,0.59663866,0.59663866,0.59663866,0.53781513,0.59663866,0.59663866,0.59663866,0.53781513,0.53781513,0.53781513,0.59663866,0.53781513,0.59663866,0.59663866,0.53781513,0.59663866,0.53781513,0.59663866,0.59663866,0.59663866,0.59663866,0.59663866,0.59663866,0.59663866,0.59663866,0.59663866,0.59663866,0.53781513,0.59663866,0.59663866,0.59663866,0.59663866,0.59663866,0.59663866,0.53781513,0.59663866,0.54621849,0.53781513,0.59663866,0.53781513,0.53781513,0.53781513,0.59663866,0.59663866,0.59663866,0.59663866,0.53781513,0.59663866,0.59663866,0.54621849,0.59663866,0.59663866,0.59663866,0.59663866,0.53781513,0.53781513,0.59663866,0.59663866,0.59663866,0.59663866,0.53781513,0.53781513,0.53781513,0.53361345,0.59663866,0.53781513,0.59663866,0.59663866,0.59663866,0.59663866,0.59663866,0.59663866,0.59663866,0.52941176,0.59663866,0.59663866,0.59663866,0.53781513,0.59663866,0.53781513,0.53781513,0.59663866,0.59663866,0.59663866,0.59663866,0.59663866,0.59663866,0.59663866,0.59663866,0.53781513,0.59663866,0.59663866,0.59663866,0.53781513,0.59663866,0.59663866,0.59663866,0.59663866,0.59663866,0.53781513,0.59663866,0.53781513,0.59663866,0.59663866,0.59663866,0.60504202,0.53781513,0.59663866,0.65546218,0.59663866,0.53781513,0.59663866,0.59663866,0.53781513,0.59663866,0.59663866,0.59663866,0.59663866,0.53781513,0.54621849,0.59663866,0.59663866,0.59663866,0.59663866,0.53781513,0.59663866,0.53781513,0.59663866,0.59663866,0.53781513,0.53781513,0.59663866,0.59663866,0.60504202,0.53781513,0.59663866,0.59663866,0.53781513,0.59663866,0.59663866,0.59663866,0.59663866,0.59663866,0.59663866,0.59663866,0.59663866
866.194631,0.59663866,0.59663866,0.59663866,0.53361345,0.53781513,0.53781513,0.59663866,0.59663866,0.53781513,0.53781513,0.59663866,0.59663866,0.53781513,0.59663866,0.53781513,0.59663866,0.59663866,0.53781513,0.59663866,0.59663866,0.53781513,0.59663866,0.59663866,0.53781513,0.59663866,0.59663866,0.53781513,0.59663866,0.59663866,0.59663866,0.59663866,0.59663866,0.59663866,0.59663866,0.59663866,0.59663866,0.54621849,0.59663866,0.53781513,0.53781513,0.59663866,0.59663866,0.53781513,0.53781513,0.59663866,0.59663866,0.59663866,0.59663866,0.59663866,0.59663866,0.53781513,0.59663866,0.59663866,0.59663866,0.59663866,0.59663866,0.59663866,0.53781513,0.59663866,0.59663866,0.59663866,0.53781513,0.53781513,0.53781513,0.59663866,0.53781513,0.59663866,0.59663866,0.53781513,0.59663866,0.53781513,0.59663866,0.59663866,0.59663866,0.59663866,0.59663866,0.59663866,0.59663866,0.59663866,0.59663866,0.59663866,0.53781513,0.59663866,0.59663866,0.59663866,0.59663866,0.59663866,0.59663866,0.53781513,0.59663866,0.54621849,0.53781513,0.59663866,0.53781513,0.59663866,0.53781513,0.59663866,0.59663866,0.59663866,0.59663866,0.53781513,0.59663866,0.59663866,0.54621849,0.59663866,0.59663866,0.61344538,0.59663866,0.53781513,0.53781513,0.59663866,0.59663866,0.59663866,0.59663866,0.53781513,0.53781513,0.53781513,0.53361345,0.59663866,0.53781513,0.59663866,0.59663866,0.59663866,0.59663866,0.59663866,0.65546218,0.59663866,0.52941176,0.59663866,0.59663866,0.59663866,0.53781513,0.59663866,0.53781513,0.53781513,0.59663866,0.59663866,0.59663866,0.59663866,0.59663866,0.59663866,0.59663866,0.59663866,0.53781513,0.59663866,0.59663866,0.59663866,0.53781513,0.59663866,0.59663866,0.58823529,0.59663866,0.59663866,0.53781513,0.59663866,0.53781513,0.59663866,0.59663866,0.59663866,0.60504202,0.53781513,0.59663866,0.65546218,0.59663866,0.53781513,0.59663866,0.59663866,0.53781513,0.59663866,0.59663866,0.59663866,0.59663866,0.53781513,0.54621849,0.59663866,0.59663866,0.59663866,0.59663866,0.53781513,0.59663866,0.53781513,0.59663866,0.59663866,0.53781513,0.53781513,0.59663866,0.59663866,0.60504202,0.53781513,0.59663866,0.59663866,0.53781513,0.59663866,0.59663866,0.59663866,0.59663866,0.59663866,0.59663866,0.59663866,0.59663866
876.255034,0.59663866,0.59663866,0.59663866,0.53361345,0.53781513,0.53781513,0.59663866,0.59663866,0.53781513,0.53781513,0.59663866,0.59663866,0.53781513,0.59663866,0.53781513,0.59663866,0.59663866,0.53781513,0.59663866,0.59663866,0.53781513,0.59663866,0.59663866,0.53781513,0.59663866,0.59663866,0.53781513,0.59663866,0.59663866,0.59663866,0.59663866,0.59663866,0.59663866,0.59663866,0.59663866,0.59663866,0.54621849,0.59663866,0.53781513,0.53781513,0.59663866,0.59663866,0.53781513,0.53781513,0.59663866,0.59663866,0.59663866,0.59663866,0.59663866,0.59663866,0.53781513,0.59663866,0.59663866,0.59663866,0.59663866,0.59663866,0.59663866,0.53781513,0.59663866,0.59663866,0.59663866,0.53781513,0.53781513,0.53781513,0.59663866,0.53781513,0.59663866,0.59663866,0.53781513,0.59663866,0.53781513,0.59663866,0.59663866,0.59663866,0.59663866,0.59663866,0.59663866,0.59663866,0.59663866,0.59663866,0.59663866,0.53781513,0.59663866,0.59663866,0.59663866,0.59663866,0.59663866,0.59663866,0.53781513,0.59663866,0.54621849,0.53781513,0.59663866,0.53781513,0.59663866,0.53781513,0.59663866,0.59663866,0.59663866,0.59663866,0.53781513,0.59663866,0.59663866,0.54621849,0.59663866,0.59663866,0.61344538,0.59663866,0.53781513,0.53781513,0.59663866,0.59663866,0.59663866,0.59663866,0.53781513,0.53781513,0.53781513,0.53361345,0.59663866,0.53781513,0.59663866,0.59663866,0.59663866,0.59663866,0.59663866,0.65546218,0.59663866,0.52941176,0.59663866,0.59663866,0.59663866,0.53781513,0.59663866,0.53781513,0.53781513,0.59663866,0.59663866,0.59663866,0.59663866,0.59663866,0.59663866,0.59663866,0.59663866,0.53781513,0.59663866,0.59663866,0.59663866,0.53781513,0.59663866,0.59663866,0.58823529,0.59663866,0.59663866,0.53781513,0.59663866,0.53781513,0.59663866,0.59663866,0.59663866,0.60504202,0.59663866,0.58823529,0.65546218,0.59663866,0.53781513,0.59663866,0.59663866,0.53781513,0.59663866,0.59663866,0.59663866,0.59663866,0.53781513,0.54621849,0.59663866,0.59663866,0.59663866,0.59663866,0.53781513,0.59663866,0.53781513,0.59663866,0.59663866,0.53781513,0.53781513,0.65546218,0.59663866,0.60504202,0.53781513,0.59663866,0.59663866,0.53781513,0.59663866,0.59663866,0.59663866,0.59663866,0.59663866,0.59663866,0.59663866,0.59663866
886.315436,0.59663866,0.59663866,0.59663866,0.53361345,0.53781513,0.53781513,0.59663866,0.59663866,0.53781513,0.53781513,0.59663866,0.59663866,0.53781513,0.59663866,0.53781513,0.59663866,0.59663866,0.53781513,0.59663866,0.59663866,0.53781513,0.59663866,0.59663866,0.53781513,0.59663866,0.59663866,0.53781513,0.59663866,0.59663866,0.59663866,0.59663866,0.59663866,0.59663866,0.59663866,0.59663866,0.59663866,0.54621849,0.59663866,0.53781513,0.53781513,0.59663866,0.59663866,0.53781513,0.53781513,0.59663866,0.59663866,0.59663866,0.59663866,0.59663866,0.59663866,0.53781513,0.59663866,0.59663866,0.59663866,0.59663866,0.59663866,0.59663866,0.53781513,0.59663866,0.59663866,0.59663866,0.53781513,0.53781513,0.53781513,0.59663866,0.53781513,0.59663866,0.59663866,0.53781513,0.59663866,0.53781513,0.59663866,0.59663866,0.59663866,0.59663866,0.59663866,0.59663866,0.59663866,0.59663866,0.59663866,0.59663866,0.53781513,0.59663866,0.59663866,0.59663866,0.59663866,0.59663866,0.59663866,0.53781513,0.59663866,0.54621849,0.53781513,0.59663866,0.53781513,0.59663866,0.53781513,0.59663866,0.59663866,0.59663866,0.59663866,0.53781513,0.59663866,0.59663866,0.54621849,0.59663866,0.59663866,0.61344538,0.65546218,0.53781513,0.53781513,0.59663866,0.59663866,0.59663866,0.59663866,0.53781513,0.53781513,0.53781513,0.53361345,0.59663866,0.53781513,0.59663866,0.59663866,0.59663866,0.59663866,0.59663866,0.65546218,0.59663866,0.52941176,0.59663866,0.59663866,0.59663866,0.53781513,0.59663866,0.53781513,0.53781513,0.59663866,0.59663866,0.59663866,0.59663866,0.59663866,0.59663866,0.59663866,0.59663866,0.53781513,0.59663866,0.59663866,0.59663866,0.53781513,0.59663866,0.59663866,0.58823529,0.59663866,0.59663866,0.53781513,0.59663866,0.53781513,0.59663866,0.59663866,0.59663866,0.60504202,0.59663866,0.58823529,0.65546218,0.59663866,0.53781513,0.59663866,0.59663866,0.53781513,0.59663866,0.59663866,0.59663866,0.59663866,0.53781513,0.54621849,0.59663866,0.59663866,0.59663866,0.59663866,0.53781513,0.59663866,0.53781513,0.59663866,0.59663866,0.53781513,0.53781513,0.65546218,0.59663866,0.60504202,0.59663866,0.59663866,0.59663866,0.53781513,0.59663866,0.59663866,0.59663866,0.59663866,0.59663866,0.59663866,0.59663866,0.59663866
896.375839,0.59663866,0.59663866,0.59663866,0.53361345,0.53781513,0.53781513,0.59663866,0.59663866,0.53781513,0.53781513,0.59663866,0.59663866,0.53781513,0.59663866,0.53781513,0.59663866,0.59663866,0.53781513,0.59663866,0.59663866,0.53781513,0.59663866,0.59663866,0.53781513,0.59663866,0.59663866,0.53781513,0.59663866,0.59663866,0.59663866,0.59663866,0.59663866,0.59663866,0.59663866,0.59663866,0.59663866,0.54621849,0.59663866,0.53781513,0.53781513,0.59663866,0.59663866,0.53781513,0.53781513,0.59663866,0.59663866,0.59663866,0.59663866,0.59663866,0.59663866,0.53781513,0.59663866,0.59663866,0.59663866,0.59663866,0.59663866,0.59663866,0.53781513,0.59663866,0.59663866,0.59663866,0.53781513,0.53781513,0.53781513,0.59663866,0.53781513,0.59663866,0.59663866,0.53781513,0.59663866,0.53781513,0.59663866,0.59663866,0.59663866,0.59663866,0.58823529,0.59663866,0.59663866,0.59663866,0.59663866,0.59663866,0.53781513,0.59663866,0.59663866,0.59663866,0.59663866,0.59663866,0.59663866,0.53781513,0.59663866,0.60504202,0.53781513,0.59663866,0.53781513,0.59663866,0.53781513,0.59663866,0.59663866,0.59663866,0.59663866,0.53781513,0.59663866,0.59663866,0.59663866,0.59663866,0.59663866,0.61344538,0.65546218,0.53781513,0.53781513,0.59663866,0.59663866,0.59663866,0.59663866,0.53781513,0.53781513,0.53781513,0.53361345,0.59663866,0.53781513,0.59663866,0.59663866,0.59663866,0.59663866,0.59663866,0.65546218,0.59663866,0.52941176,0.59663866,0.59663866,0.59663866,0.53781513,0.59663866,0.53781513,0.53781513,0.59663866,0.59663866,0.59663866,0.59663866,0.59663866,0.59663866,0.59663866,0.59663866,0.53781513,0.59663866,0.59663866,0.65546218,0.53781513,0.59663866,0.59663866,0.58823529,0.59663866,0.59663866,0.53781513,0.59663866,0.53781513,0.59663866,0.59663866,0.59663866,0.60504202,0.59663866,0.58823529,0.65546218,0.59663866,0.53781513,0.59663866,0.59663866,0.59663866,0.59663866,0.59663866,0.59663866,0.59663866,0.59663866,0.54621849,0.59663866,0.59663866,0.59663866,0.59663866,0.53781513,0.59663866,0.53781513,0.59663866,0.59663866,0.53781513,0.53781513,0.65546218,0.59663866,0.60504202,0.59663866,0.59663866,0.59663866,0.53781513,0.59663866,0.59663866,0.59663866,0.59663866,0.59663866,0.59663866,0.59663866,0.59663866
906.436242,0.59663866,0.59663866,0.59663866,0.53361345,0.53781513,0.53781513,0.59663866,0.59663866,0.53781513,0.53781513,0.59663866,0.59663866,0.53781513,0.53781513,0.53781513,0.59663866,0.59663866,0.53781513,0.59663866,0.59663866,0.59663866,0.59663866,0.59663866,0.53781513,0.59663866,0.59663866,0.53781513,0.59663866,0.59663866,0.59663866,0.59663866,0.59663866,0.59663866,0.59663866,0.59663866,0.59663866,0.54621849,0.59663866,0.53781513,0.53781513,0.59663866,0.59663866,0.53781513,0.53781513,0.59663866,0.59663866,0.59663866,0.59663866,0.59663866,0.59663866,0.53781513,0.59663866,0.59663866,0.59663866,0.59663866,0.59663866,0.59663866,0.53781513,0.59663866,0.59663866,0.59663866,0.53781513,0.53781513,0.53781513,0.59663866,0.53781513,0.59663866,0.59663866,0.58823529,0.59663866,0.53781513,0.59663866,0.59663866,0.59663866,0.59663866,0.58823529,0.59663866,0.59663866,0.59663866,0.59663866,0.59663866,0.53781513,0.59663866,0.59663866,0.59663866,0.59663866,0.59663866,0.59663866,0.53781513,0.59663866,0.60504202,0.53781513,0.59663866,0.53781513,0.59663866,0.53781513,0.59663866,0.59663866,0.59663866,0.59663866,0.53781513,0.59663866,0.59663866,0.59663866,0.59663866,0.59663866,0.65546218,0.65546218,0.53781513,0.53781513,0.59663866,0.59663866,0.59663866,0.59663866,0.53781513,0.53781513,0.59663866,0.53361345,0.59663866,0.53781513,0.59663866,0.59663866,0.59663866,0.59663866,0.59663866,0.65546218,0.59663866,0.52941176,0.59663866,0.59663866,0.59663866,0.59663866,0.59663866,0.53781513,0.53781513,0.59663866,0.59663866,0.59663866,0.59663866,0.59663866,0.59663866,0.59663866,0.59663866,0.53781513,0.59663866,0.59663866,0.65546218,0.53781513,0.59663866,0.59663866,0.58823529,0.59663866,0.59663866,0.53781513,0.59663866,0.53781513,0.59663866,0.59663866,0.59663866,0.60504202,0.59663866,0.58823529,0.65546218,0.59663866,0.53781513,0.59663866,0.59663866,0.59663866,0.59663866,0.59663866,0.59663866,0.59663866,0.59663866,0.54621849,0.59663866,0.59663866,0.59663866,0.59663866,0.53781513,0.59663866,0.53781513,0.59663866,0.59663866,0.53781513,0.53781513,0.65546218,0.59663866,0.65546218,0.59663866,0.59663866,0.59663866,0.53781513,0.59663866,0.59663866,0.59663866,0.59663866,0.59663866,0.59663866,0.59663866,0.59663866
916.496644,0.59663866,0.59663866,0.59663866,0.53361345,0.53781513,0.53781513,0.59663866,0.59663866,0.53781513,0.53781513,0.59663866,0.59663866,0.53781513,0.53781513,0.53781513,0.59663866,0.59663866,0.53781513,0.59663866,0.59663866,0.59663866,0.59663866,0.59663866,0.53781513,0.59663866,0.59663866,0.53781513,0.59663866,0.59663866,0.59663866,0.59663866,0.59663866,0.59663866,0.59663866,0.59663866,0.59663866,0.54621849,0.58823529,0.53781513,0.53781513,0.59663866,0.59663866,0.53781513,0.53781513,0.59663866,0.59663866,0.59663866,0.59663866,0.59663866,0.59663866,0.53781513,0.59663866,0.59663866,0.59663866,0.59663866,0.59663866,0.59663866,0.53781513,0.59663866,0.59663866,0.59663866,0.53781513,0.53781513,0.53781513,0.59663866,0.53781513,0.59663866,0.59663866,0.58823529,0.59663866,0.53781513,0.59663866,0.65546218,0.59663866,0.59663866,0.58823529,0.65546218,0.59663866,0.59663866,0.59663866,0.59663866,0.53781513,0.59663866,0.59663866,0.59663866,0.59663866,0.59663866,0.59663866,0.53781513,0.59663866,0.60504202,0.53781513,0.59663866,0.53781513,0.59663866,0.53781513,0.59663866,0.59663866,0.59663866,0.59663866,0.53781513,0.59663866,0.59663866,0.59663866,0.59663866,0.59663866,0.65546218,0.65546218,0.53781513,0.53781513,0.59663866,0.59663866,0.59663866,0.59663866,0.53781513,0.53781513,0.59663866,0.53361345,0.59663866,0.53781513,0.59663866,0.59663866,0.65546218,0.59663866,0.59663866,0.65546218,0.59663866,0.52941176,0.59663866,0.59663866,0.59663866,0.59663866,0.59663866,0.53781513,0.53781513,0.59663866,0.59663866,0.59663866,0.59663866,0.59663866,0.59663866,0.59663866,0.59663866,0.53781513,0.59663866,0.59663866,0.65546218,0.53781513,0.59663866,0.59663866,0.58823529,0.59663866,0.59663866,0.53781513,0.59663866,0.53781513,0.59663866,0.59663866,0.59663866,0.60504202,0.59663866,0.58823529,0.65546218,0.59663866,0.53781513,0.59663866,0.59663866,0.59663866,0.59663866,0.59663866,0.59663866,0.59663866,0.59663866,0.54621849,0.59663866,0.59663866,0.59663866,0.59663866,0.53781513,0.59663866,0.53781513,0.59663866,0.59663866,0.53781513,0.53781513,0.65546218,0.59663866,0.65546218,0.59663866,0.59663866,0.59663866,0.53781513,0.59663866,0.59663866,0.59663866,0.59663866,0.59663866,0.59663866,0.59663866,0.59663866
926.557047,0.59663866,0.59663866,0.59663866,0.53361345,0.53781513,0.53781513,0.59663866,0.59663866,0.53781513,0.53781513,0.59663866,0.59663866,0.53781513,0.53781513,0.53781513,0.59663866,0.59663866,0.53781513,0.59663866,0.59663866,0.59663866,0.59663866,0.59663866,0.53781513,0.59663866,0.59663866,0.53781513,0.59663866,0.59663866,0.59663866,0.59663866,0.59663866,0.59663866,0.59663866,0.59663866,0.59663866,0.54621849,0.58823529,0.53781513,0.53781513,0.59663866,0.59663866,0.53781513,0.53781513,0.59663866,0.59663866,0.59663866,0.59663866,0.59663866,0.59663866,0.53781513,0.59663866,0.59663866,0.59663866,0.59663866,0.59663866,0.59663866,0.53781513,0.59663866,0.59663866,0.59663866,0.59663866,0.53781513,0.53781513,0.59663866,0.53781513,0.59663866,0.59663866,0.58823529,0.59663866,0.53781513,0.59663866,0.65546218,0.59663866,0.59663866,0.58823529,0.65546218,0.59663866,0.59663866,0.59663866,0.59663866,0.53781513,0.59663866,0.59663866,0.59663866,0.59663866,0.59663866,0.59663866,0.53781513,0.59663866,0.60504202,0.53781513,0.59663866,0.53781513,0.59663866,0.53781513,0.59663866,0.59663866,0.59663866,0.59663866,0.53781513,0.59663866,0.59663866,0.59663866,0.59663866,0.59663866,0.65546218,0.65546218,0.53781513,0.53781513,0.59663866,0.59663866,0.59663866,0.59663866,0.53781513,0.53781513,0.59663866,0.53361345,0.59663866,0.53781513,0.59663866,0.59663866,0.65546218,0.59663866,0.59663866,0.65546218,0.59663866,0.47058824,0.59663866,0.59663866,0.59663866,0.59663866,0.59663866,0.53781513,0.53781513,0.59663866,0.59663866,0.59663866,0.59663866,0.59663866,0.59663866,0.59663866,0.59663866,0.53781513,0.59663866,0.59663866,0.65546218,0.59663866,0.59663866,0.59663866,0.58823529,0.59663866,0.59663866,0.53781513,0.59663866,0.53781513,0.59663866,0.59663866,0.59663866,0.61344538,0.59663866,0.58823529,0.65546218,0.59663866,0.53781513,0.59663866,0.59663866,0.59663866,0.59663866,0.59663866,0.59663866,0.59663866,0.59663866,0.59663866,0.59663866,0.59663866,0.59663866,0.59663866,0.53781513,0.59663866,0.53781513,0.59663866,0.59663866,0.53781513,0.53781513,0.60504202,0.59663866,0.65546218,0.59663866,0.59663866,0.59663866,0.53781513,0.59663866,0.59663866,0.59663866,0.59663866,0.59663866,0.59663866,0.59663866,0.59663866
936.617450,0.59663866,0.59663866,0.59663866,0.53361345,0.53781513,0.53781513,0.59663866,0.59663866,0.53781513,0.53781513,0.59663866,0.59663866,0.53781513,0.53781513,0.53781513,0.59663866,0.59663866,0.53781513,0.59663866,0.59663866,0.59663866,0.59663866,0.59663866,0.53781513,0.59663866,0.59663866,0.53781513,0.59663866,0.59663866,0.59663866,0.65546218,0.59663866,0.59663866,0.59663866,0.59663866,0.59663866,0.54621849,0.58823529,0.53781513,0.53781513,0.59663866,0.59663866,0.53781513,0.53781513,0.59663866,0.59663866,0.59663866,0.59663866,0.59663866,0.59663866,0.53781513,0.59663866,0.59663866,0.59663866,0.59663866,0.59663866,0.59663866,0.53781513,0.59663866,0.59663866,0.59663866,0.59663866,0.53781513,0.53781513,0.59663866,0.53781513,0.59663866,0.59663866,0.58823529,0.59663866,0.53781513,0.59663866,0.65546218,0.59663866,0.59663866,0.58823529,0.65546218,0.59663866,0.59663866,0.59663866,0.59663866,0.53781513,0.59663866,0.65546218,0.59663866,0.59663866,0.59663866,0.59663866,0.53781513,0.59663866,0.60504202,0.53781513,0.59663866,0.59663866,0.59663866,0.53781513,0.59663866,0.59663866,0.59663866,0.59663866,0.53781513,0.59663866,0.59663866,0.59663866,0.59663866,0.59663866,0.65546218,0.65546218,0.53781513,0.59663866,0.59663866,0.59663866,0.59663866,0.59663866,0.53781513,0.53781513,0.59663866,0.53361345,0.59663866,0.53781513,0.59663866,0.59663866,0.65546218,0.59663866,0.59663866,0.65546218,0.59663866,0.47058824,0.59663866,0.59663866,0.59663866,0.59663866,0.59663866,0.53781513,0.59663866,0.59663866,0.59663866,0.59663866,0.59663866,0.59663866,0.59663866,0.59663866,0.59663866,0.53781513,0.59663866,0.59663866,0.65546218,0.59663866,0.59663866,0.59663866,0.58823529,0.59663866,0.59663866,0.53781513,0.59663866,0.53781513,0.59663866,0.59663866,0.59663866,0.61344538,0.59663866,0.58823529,0.65546218,0.59663866,0.53781513,0.59663866,0.59663866,0.59663866,0.59663866,0.59663866,0.59663866,0.59663866,0.59663866,0.59663866,0.59663866,0.59663866,0.59663866,0.59663866,0.59663866,0.59663866,0.53781513,0.59663866,0.59663866,0.53781513,0.53781513,0.60504202,0.59663866,0.65546218,0.59663866,0.59663866,0.59663866,0.53781513,0.59663866,0.59663866,0.59663866,0.59663866,0.59663866,0.59663866,0.59663866,0.59663866
946.677852,0.59663866,0.59663866,0.59663866,0.53361345,0.53781513,0.53781513,0.59663866,0.65546218,0.53781513,0.53781513,0.59663866,0.59663866,0.53781513,0.53781513,0.53781513,0.59663866,0.59663866,0.53781513,0.59663866,0.59663866,0.59663866,0.59663866,0.65546218,0.53781513,0.59663866,0.59663866,0.53781513,0.59663866,0.59663866,0.59663866,0.65546218,0.59663866,0.59663866,0.59663866,0.59663866,0.59663866,0.54621849,0.58823529,0.53781513,0.53781513,0.59663866,0.59663866,0.53781513,0.53781513,0.59663866,0.59663866,0.59663866,0.59663866,0.59663866,0.59663866,0.53781513,0.59663866,0.59663866,0.59663866,0.59663866,0.59663866,0.59663866,0.53781513,0.59663866,0.59663866,0.60504202,0.59663866,0.53781513,0.53781513,0.59663866,0.53781513,0.59663866,0.59663866,0.58823529,0.59663866,0.53781513,0.59663866,0.65546218,0.59663866,0.59663866,0.58823529,0.65546218,0.59663866,0.59663866,0.59663866,0.59663866,0.53781513,0.59663866,0.65546218,0.59663866,0.59663866,0.59663866,0.59663866,0.53781513,0.59663866,0.60504202,0.53781513,0.59663866,0.59663866,0.59663866,0.53781513,0.59663866,0.59663866,0.59663866,0.59663866,0.53781513,0.59663866,0.59663866,0.59663866,0.59663866,0.59663866,0.65546218,0.65546218,0.53781513,0.59663866,0.59663866,0.59663866,0.59663866,0.59663866,0.53781513,0.53781513,0.59663866,0.59243697,0.59663866,0.53781513,0.59663866,0.59663866,0.65546218,0.59663866,0.59663866,0.65546218,0.59663866,0.47058824,0.59663866,0.59663866,0.59663866,0.59663866,0.59663866,0.59663866,0.59663866,0.59663866,0.59663866,0.59663866,0.59663866,0.59663866,0.59663866,0.59663866,0.59663866,0.53781513,0.59663866,0.59663866,0.65546218,0.59663866,0.59663866,0.59663866,0.58823529,0.59663866,0.59663866,0.53781513,0.59663866,0.53781513,0.59663866,0.59663866,0.59663866,0.61344538,0.59663866,0.58823529,0.65546218,0.59663866,0.53781513,0.59663866,0.59663866,0.59663866,0.59663866,0.59663866,0.59663866,0.59663866,0.59663866,0.59663866,0.59663866,0.59663866,0.59663866,0.59663866,0.59663866,0.59663866,0.53781513,0.59663866,0.59663866,0.53781513,0.53781513,0.60504202,0.59663866,0.65546218,0.59663866,0.59663866,0.59663866,0.53781513,0.59663866,0.59663866,0.65546218,0.59663866,0.59663866,0.59663866,0.59663866,0.59663866
956.738255,0.59663866,0.59663866,0.59663866,0.53361345,0.53781513,0.53781513,0.59663866,0.59663866,0.53781513,0.59663866,0.59663866,0.59663866,0.53781513,0.53781513,0.53781513,0.59663866,0.59663866,0.53781513,0.59663866,0.59663866,0.59663866,0.59663866,0.65546218,0.53781513,0.59663866,0.59663866,0.53781513,0.60504202,0.59663866,0.59663866,0.65546218,0.59663866,0.59663866,0.59663866,0.59663866,0.59663866,0.54621849,0.58823529,0.53781513,0.53781513,0.59663866,0.59663866,0.53781513,0.53781513,0.59663866,0.59663866,0.59663866,0.59663866,0.59663866,0.59663866,0.53781513,0.59663866,0.59663866,0.59663866,0.59663866,0.59663866,0.59663866,0.53781513,0.59663866,0.59663866,0.60504202,0.59663866,0.53781513,0.53781513,0.59663866,0.53781513,0.59663866,0.59663866,0.58823529,0.59663866,0.53781513,0.59663866,0.64705882,0.59663866,0.59663866,0.58823529,0.65546218,0.59663866,0.59663866,0.59663866,0.59663866,0.53781513,0.59663866,0.65546218,0.59663866,0.59663866,0.59663866,0.59663866,0.53781513,0.59663866,0.60504202,0.53781513,0.59663866,0.59663866,0.59663866,0.53781513,0.59663866,0.59663866,0.59663866,0.59663866,0.53781513,0.59663866,0.59663866,0.59663866,0.59663866,0.59663866,0.65546218,0.65546218,0.53781513,0.59663866,0.59663866,0.59663866,0.59663866,0.59663866,0.53781513,0.59663866,0.59663866,0.59243697,0.59663866,0.53781513,0.59663866,0.59663866,0.65546218,0.59663866,0.59663866,0.65546218,0.59663866,0.47058824,0.59663866,0.59663866,0.59663866,0.59663866,0.59663866,0.59663866,0.59663866,0.59663866,0.59663866,0.59663866,0.59663866,0.59663866,0.59663866,0.59663866,0.59663866,0.53781513,0.59663866,0.59663866,0.65546218,0.59663866,0.59663866,0.59663866,0.58823529,0.59663866,0.59663866,0.53781513,0.59663866,0.53781513,0.59663866,0.59663866,0.59663866,0.61344538,0.59663866,0.58823529,0.65546218,0.59663866,0.53781513,0.59663866,0.59663866,0.59663866,0.59663866,0.59663866,0.59663866,0.59663866,0.59663866,0.59663866,0.59663866,0.59663866,0.59663866,0.59663866,0.59663866,0.59663866,0.53781513,0.59663866,0.59663866,0.59663866,0.53781513,0.60504202,0.59663866,0.65546218,0.59663866,0.59663866,0.59663866,0.53781513,0.59663866,0.59663866,0.65546218,0.59663866,0.59663866,0.59663866,0.59663866,0.59663866
966.798658,0.59663866,0.59663866,0.59663866,0.53361345,0.53781513,0.53781513,0.59663866,0.59663866,0.53781513,0.59663866,0.59663866,0.59663866,0.53781513,0.53781513,0.53781513,0.59663866,0.59663866,0.53781513,0.59663866,0.59663866,0.59663866,0.59663866,0.65546218,0.53781513,0.59663866,0.59663866,0.53781513,0.64705882,0.59663866,0.59663866,0.65546218,0.59663866,0.59663866,0.59663866,0.59663866,0.59663866,0.54621849,0.58823529,0.53781513,0.53781513,0.59663866,0.59663866,0.53781513,0.53781513,0.59663866,0.59663866,0.59663866,0.59663866,0.59663866,0.59663866,0.53781513,0.59663866,0.59663866,0.59663866,0.59663866,0.59663866,0.59663866,0.53781513,0.59663866,0.59663866,0.60504202,0.59663866,0.53781513,0.53781513,0.59663866,0.53781513,0.59663866,0.59663866,0.58823529,0.59663866,0.53781513,0.59663866,0.64705882,0.59663866,0.59663866,0.58823529,0.65546218,0.59663866,0.59663866,0.65546218,0.59663866,0.53781513,0.59663866,0.65546218,0.59663866,0.59663866,0.59663866,0.59663866,0.53781513,0.59663866,0.60504202,0.53781513,0.59663866,0.59663866,0.59663866,0.53781513,0.59663866,0.59663866,0.59663866,0.59663866,0.53781513,0.59663866,0.59663866,0.59663866,0.59663866,0.59663866,0.65546218,0.65546218,0.53781513,0.59663866,0.59663866,0.59663866,0.59663866,0.59663866,0.53781513,0.59663866,0.59663866,0.59243697,0.59663866,0.53781513,0.59663866,0.59663866,0.65546218,0.59663866,0.59663866,0.65546218,0.59663866,0.47058824,0.59663866,0.59663866,0.59663866,0.59663866,0.59663866,0.59663866,0.59663866,0.59663866,0.59663866,0.59663866,0.59663866,0.59663866,0.59663866,0.59663866,0.59663866,0.53781513,0.59663866,0.59663866,0.65546218,0.59663866,0.59663866,0.59663866,0.58823529,0.59663866,0.59663866,0.53781513,0.59663866,0.53781513,0.59663866,0.59663866,0.59663866,0.61344538,0.59663866,0.58823529,0.65546218,0.59663866,0.53781513,0.59663866,0.59663866,0.59663866,0.65546218,0.59663866,0.59663866,0.59663866,0.59663866,0.59663866,0.59663866,0.59663866,0.59663866,0.59663866,0.59663866,0.59663866,0.53781513,0.59663866,0.59663866,0.59663866,0.53781513,0.60504202,0.59663866,0.65546218,0.59663866,0.59663866,0.59663866,0.53781513,0.59663866,0.59663866,0.65546218,0.65546218,0.59663866,0.59663866,0.59663866,0.59663866
976.859060,0.59663866,0.59663866,0.59663866,0.53361345,0.53781513,0.53781513,0.59663866,0.59663866,0.53781513,0.59663866,0.59663866,0.59663866,0.53781513,0.53781513,0.53781513,0.59663866,0.59663866,0.53781513,0.59663866,0.59663866,0.59663866,0.59663866,0.65546218,0.53781513,0.59663866,0.59663866,0.53781513,0.64705882,0.59663866,0.59663866,0.65546218,0.59663866,0.59663866,0.59663866,0.59663866,0.59663866,0.59663866,0.58823529,0.53781513,0.58823529,0.59663866,0.59663866,0.53781513,0.53781513,0.59663866,0.59663866,0.59663866,0.59663866,0.59663866,0.59663866,0.53781513,0.59663866,0.59663866,0.59663866,0.59663866,0.59663866,0.59663866,0.53781513,0.59663866,0.59663866,0.60504202,0.59663866,0.53781513,0.53781513,0.59663866,0.53781513,0.59663866,0.59663866,0.58823529,0.59663866,0.53781513,0.59663866,0.64705882,0.59663866,0.59663866,0.58823529,0.65546218,0.59663866,0.59663866,0.65546218,0.59663866,0.53781513,0.59663866,0.65546218,0.59663866,0.59663866,0.59663866,0.59663866,0.59663866,0.59663866,0.60504202,0.53781513,0.59663866,0.59663866,0.59663866,0.53781513,0.65546218,0.59663866,0.59663866,0.59663866,0.53781513,0.59663866,0.59663866,0.59663866,0.59663866,0.59663866,0.65546218,0.65546218,0.53781513,0.59663866,0.65546218,0.59663866,0.59663866,0.59663866,0.53781513,0.59663866,0.59663866,0.59243697,0.59663866,0.53781513,0.59663866,0.59663866,0.65546218,0.59663866,0.59663866,0.65546218,0.59663866,0.47058824,0.59663866,0.59663866,0.59663866,0.59663866,0.59663866,0.59663866,0.59663866,0.59663866,0.59663866,0.59663866,0.59663866,0.59663866,0.65546218,0.59663866,0.59663866,0.53781513,0.59663866,0.59663866,0.65546218,0.59663866,0.59663866,0.59663866,0.58823529,0.59663866,0.65546218,0.53781513,0.59663866,0.53781513,0.59663866,0.59663866,0.59663866,0.61344538,0.59663866,0.58823529,0.65546218,0.59663866,0.53781513,0.59663866,0.59663866,0.59663866,0.65546218,0.59663866,0.59663866,0.59663866,0.59663866,0.59663866,0.59663866,0.59663866,0.59663866,0.59663866,0.59663866,0.59663866,0.53781513,0.59663866,0.59663866,0.59663866,0.53781513,0.60504202,0.58823529,0.65546218,0.59663866,0.59663866,0.59663866,0.53781513,0.59663866,0.59663866,0.65546218,0.65546218,0.59663866,0.59663866,0.59663866,0.59663866
986.919463,0.59663866,0.59663866,0.59663866,0.53361345,0.53781513,0.53781513,0.59663866,0.59663866,0.53781513,0.59663866,0.59663866,0.59663866,0.53781513,0.53781513,0.53781513,0.59663866,0.59663866,0.53781513,0.59663866,0.59663866,0.59663866,0.59663866,0.65546218,0.53781513,0.59663866,0.59663866,0.53781513,0.64705882,0.59663866,0.59663866,0.65546218,0.59663866,0.59663866,0.59663866,0.59663866,0.59663866,0.59663866,0.58823529,0.53781513,0.58823529,0.59663866,0.59663866,0.59663866,0.53781513,0.59663866,0.59663866,0.59663866,0.59663866,0.59663866,0.59663866,0.53781513,0.59663866,0.59663866,0.59663866,0.59663866,0.59663866,0.59663866,0.53781513,0.59663866,0.59663866,0.60504202,0.59663866,0.53781513,0.53781513,0.59663866,0.53781513,0.59663866,0.59663866,0.58823529,0.59663866,0.53781513,0.59663866,0.64705882,0.59663866,0.59663866,0.58823529,0.65546218,0.59663866,0.59663866,0.65546218,0.59663866,0.53781513,0.59663866,0.65546218,0.59663866,0.59663866,0.59663866,0.59663866,0.59663866,0.59663866,0.60504202,0.53781513,0.59663866,0.59663866,0.59663866,0.53781513,0.65546218,0.59663866,0.59663866,0.59663866,0.53781513,0.59663866,0.59663866,0.59663866,0.59663866,0.59663866,0.65546218,0.65546218,0.53781513,0.59663866,0.65546218,0.59663866,0.59663866,0.59663866,0.53781513,0.59663866,0.59663866,0.59243697,0.59663866,0.53781513,0.59663866,0.59663866,0.65546218,0.59663866,0.59663866,0.65546218,0.59663866,0.47058824,0.59663866,0.59663866,0.59663866,0.59663866,0.59663866,0.59663866,0.59663866,0.59663866,0.59663866,0.59663866,0.59663866,0.59663866,0.65546218,0.59663866,0.59663866,0.53781513,0.59663866,0.59663866,0.65546218,0.59663866,0.59663866,0.59663866,0.58823529,0.59663866,0.65546218,0.59663866,0.59663866,0.53781513,0.59663866,0.59663866,0.59663866,0.61344538,0.59663866,0.58823529,0.65546218,0.59663866,0.53781513,0.59663866,0.59663866,0.59663866,0.65546218,0.59663866,0.59663866,0.59663866,0.59663866,0.59663866,0.59663866,0.59663866,0.59663866,0.59663866,0.59663866,0.59663866,0.53781513,0.59663866,0.59663866,0.59663866,0.53781513,0.60504202,0.58823529,0.65546218,0.59663866,0.59663866,0.59663866,0.53781513,0.59663866,0.59663866,0.65546218,0.65546218,0.59663866,0.59663866,0.59663866,0.59663866
996.979866,0.59663866,0.59663866,0.59663866,0.53361345,0.53781513,0.53781513,0.59663866,0.59663866,0.53781513,0.59663866,0.59663866,0.59663866,0.53781513,0.53781513,0.53781513,0.59663866,0.59663866,0.53781513,0.59663866,0.59663866,0.59663866,0.59663866,0.65546218,0.53781513,0.59663866,0.59663866,0.53781513,0.64705882,0.59663866,0.59663866,0.65546218,0.59663866,0.59663866,0.59663866,0.59663866,0.59663866,0.59663866,0.58823529,0.53781513,0.58823529,0.59663866,0.59663866,0.59663866,0.53781513,0.59663866,0.59663866,0.59663866,0.59663866,0.59663866,0.59663866,0.53781513,0.59663866,0.59663866,0.59663866,0.59663866,0.59663866,0.59663866,0.53781513,0.59663866,0.59663866,0.65546218,0.59663866,0.53781513,0.53781513,0.59663866,0.59663866,0.59663866,0.59663866,0.58823529,0.59663866,0.53781513,0.59663866,0.60504202,0.59663866,0.59663866,0.58823529,0.65546218,0.59663866,0.59663866,0.65546218,0.59663866,0.53781513,0.59663866,0.65546218,0.59663866,0.59663866,0.59663866,0.59663866,0.59663866,0.59663866,0.60504202,0.53781513,0.59663866,0.59663866,0.59663866,0.53781513,0.65546218,0.59663866,0.59663866,0.59663866,0.53781513,0.59663866,0.59663866,0.59663866,0.59663866,0.59663866,0.65546218,0.65546218,0.53781513,0.59663866,0.65546218,0.59663866,0.59663866,0.59663866,0.53781513,0.59663866,0.59663866,0.59243697,0.59663866,0.53781513,0.59663866,0.59663866,0.65546218,0.59663866,0.59663866,0.65546218,0.59663866,0.47058824,0.59663866,0.59663866,0.59663866,0.59663866,0.59663866,0.60504202,0.59663866,0.59663866,0.59663866,0.59663866,0.59663866,0.59663866,0.65546218,0.59663866,0.59663866,0.53781513,0.59663866,0.59663866,0.65546218,0.59663866,0.59663866,0.59663866,0.58823529,0.59663866,0.65546218,0.59663866,0.59663866,0.53781513,0.59663866,0.59663866,0.59663866,0.61344538,0.59663866,0.58823529,0.65546218,0.59663866,0.53781513,0.59663866,0.59663866,0.59663866,0.65546218,0.59663866,0.59663866,0.59663866,0.59663866,0.59663866,0.59663866,0.59663866,0.59663866,0.59663866,0.59663866,0.59663866,0.53781513,0.59663866,0.59663866,0.59663866,0.52941176,0.60504202,0.58823529,0.65546218,0.59663866,0.59663866,0.59663866,0.58823529,0.59663866,0.59663866,0.65546218,0.65546218,0.59663866,0.59663866,0.59663866,0.59663866
1007.040268,0.59663866,0.65546218,0.59663866,0.53361345,0.53781513,0.53781513,0.59663866,0.59663866,0.53781513,0.59663866,0.59663866,0.59663866,0.53781513,0.53781513,0.53781513,0.59663866,0.59663866,0.53781513,0.59663866,0.59663866,0.59663866,0.59663866,0.61344538,0.53781513,0.59663866,0.59663866,0.59663866,0.64705882,0.59663866,0.59663866,0.65546218,0.59663866,0.59663866,0.59663866,0.59663866,0.59663866,0.59663866,0.58823529,0.53781513,0.58823529,0.59663866,0.59663866,0.59663866,0.53781513,0.59663866,0.59663866,0.59663866,0.59663866,0.59663866,0.59663866,0.53781513,0.59663866,0.59663866,0.59663866,0.59663866,0.59663866,0.59663866,0.53781513,0.59663866,0.59663866,0.65546218,0.59663866,0.53781513,0.53781513,0.59663866,0.59663866,0.59663866,0.59663866,0.58823529,0.59663866,0.53781513,0.59663866,0.60504202,0.59663866,0.59663866,0.58823529,0.65546218,0.59663866,0.59663866,0.65546218,0.59663866,0.53781513,0.59663866,0.65546218,0.59663866,0.59663866,0.59663866,0.65546218,0.59663866,0.59663866,0.60504202,0.53781513,0.59663866,0.59663866,0.59663866,0.53781513,0.65546218,0.59663866,0.59663866,0.59663866,0.53781513,0.59663866,0.59663866,0.59663866,0.59663866,0.59663866,0.65546218,0.65546218,0.53781513,0.59663866,0.65546218,0.59663866,0.59663866,0.59663866,0.59663866,0.59663866,0.59663866,0.59243697,0.59663866,0.59663866,0.59663866,0.59663866,0.65546218,0.59663866,0.59663866,0.65546218,0.59663866,0.47058824,0.59663866,0.59663866,0.59663866,0.59663866,0.59663866,0.60504202,0.59663866,0.59663866,0.59663866,0.59663866,0.59663866,0.59663866,0.65546218,0.59663866,0.59663866,0.53781513,0.59663866,0.59663866,0.65546218,0.59663866,0.59663866,0.59663866,0.58823529,0.59663866,0.65546218,0.59663866,0.59663866,0.53781513,0.59663866,0.59663866,0.59663866,0.61344538,0.59663866,0.58823529,0.65546218,0.59663866,0.53781513,0.59663866,0.59663866,0.59663866,0.65546218,0.59663866,0.59663866,0.59663866,0.59663866,0.59663866,0.59663866,0.59663866,0.59663866,0.59663866,0.59663866,0.59663866,0.53781513,0.59663866,0.59663866,0.59663866,0.52941176,0.60504202,0.58823529,0.65546218,0.59663866,0.59663866,0.59663866,0.58823529,0.59663866,0.59663866,0.65546218,0.65546218,0.59663866,0.59663866,0.59663866,0.59663866
1017.100671,0.59663866,0.65546218,0.59663866,0.53361345,0.53781513,0.53781513,0.59663866,0.59663866,0.59663866,0.59663866,0.59663866,0.59663866,0.53781513,0.53781513,0.53781513,0.59663866,0.58823529,0.59663866,0.59663866,0.59663866,0.59663866,0.59663866,0.61344538,0.59663866,0.59663866,0.59663866,0.59663866,0.64705882,0.59663866,0.59663866,0.65546218,0.59663866,0.59663866,0.59663866,0.59663866,0.59663866,0.59663866,0.58823529,0.53781513,0.58823529,0.53781513,0.59663866,0.59663866,0.59663866,0.59663866,0.59663866,0.59663866,0.59663866,0.59663866,0.59663866,0.53781513,0.59663866,0.59663866,0.59663866,0.59663866,0.59663866,0.59663866,0.53781513,0.59663866,0.59663866,0.65546218,0.59663866,0.53781513,0.53781513,0.59663866,0.59663866,0.59663866,0.59663866,0.58823529,0.59663866,0.53781513,0.59663866,0.59663866,0.59663866,0.59663866,0.58823529,0.65546218,0.59663866,0.59663866,0.65546218,0.59663866,0.53781513,0.59663866,0.66386555,0.59663866,0.59663866,0.59663866,0.65546218,0.59663866,0.59663866,0.60504202,0.53781513,0.59663866,0.59663866,0.59663866,0.59663866,0.65546218,0.59663866,0.59663866,0.59663866,0.53781513,0.59663866,0.59663866,0.59663866,0.59663866,0.59663866,0.65546218,0.65546218,0.59663866,0.59663866,0.65546218,0.59663866,0.59663866,0.59663866,0.59663866,0.59663866,0.59663866,0.59243697,0.59663866,0.59663866,0.59663866,0.59663866,0.65546218,0.59663866,0.59663866,0.59663866,0.59663866,0.47058824,0.59663866,0.59663866,0.59663866,0.59663866,0.59663866,0.60504202,0.59663866,0.65546218,0.59663866,0.59663866,0.59663866,0.59663866,0.65546218,0.59663866,0.59663866,0.59663866,0.59663866,0.59663866,0.65546218,0.59663866,0.59663866,0.59663866,0.58823529,0.59663866,0.65546218,0.59663866,0.59663866,0.53781513,0.59663866,0.59663866,0.59663866,0.66386555,0.59663866,0.58823529,0.65546218,0.59663866,0.53781513,0.59663866,0.59663866,0.59663866,0.65546218,0.59663866,0.59663866,0.59663866,0.60504202,0.58823529,0.59663866,0.59663866,0.59663866,0.59663866,0.59663866,0.59663866,0.53781513,0.59663866,0.59663866,0.59663866,0.52941176,0.60504202,0.58823529,0.65546218,0.59663866,0.59663866,0.59663866,0.58823529,0.59663866,0.59663866,0.65546218,0.65546218,0.59663866,0.59663866,0.59663866,0.59663866
1027.161074,0.59663866,0.65546218,0.59663866,0.53361345,0.53781513,0.53781513,0.59663866,0.59663866,0.59663866,0.59663866,0.59663866,0.59663866,0.53781513,0.53781513,0.53781513,0.59663866,0.58823529,0.59663866,0.59663866,0.59663866,0.60504202,0.59663866,0.61344538,0.59663866,0.59663866,0.59663866,0.59663866,0.64705882,0.59663866,0.59663866,0.65546218,0.59663866,0.59663866,0.59663866,0.59663866,0.59663866,0.59663866,0.58823529,0.59663866,0.52941176,0.53781513,0.59663866,0.59663866,0.59663866,0.59663866,0.59663866,0.59663866,0.59663866,0.59663866,0.59663866,0.53781513,0.59663866,0.59663866,0.59663866,0.59663866,0.59663866,0.59663866,0.53781513,0.59663866,0.59663866,0.65546218,0.59663866,0.53781513,0.53781513,0.59663866,0.59663866,0.59663866,0.59663866,0.58823529,0.59663866,0.53781513,0.59663866,0.59663866,0.59663866,0.59663866,0.58823529,0.65546218,0.53781513,0.59663866,0.65546218,0.59663866,0.59663866,0.59663866,0.66386555,0.59663866,0.59663866,0.59663866,0.65546218,0.59663866,0.59663866,0.60504202,0.53781513,0.59663866,0.59663866,0.59663866,0.59663866,0.65546218,0.59663866,0.59663866,0.59663866,0.53781513,0.59663866,0.59663866,0.59663866,0.59663866,0.59663866,0.65546218,0.65546218,0.59663866,0.59663866,0.65546218,0.59663866,0.59663866,0.59663866,0.59663866,0.59663866,0.59663866,0.59243697,0.65546218,0.59663866,0.59663866,0.59663866,0.65546218,0.59663866,0.59663866,0.59663866,0.59663866,0.47058824,0.59663866,0.59663866,0.59663866,0.59663866,0.59663866,0.60504202,0.59663866,0.65546218,0.59663866,0.59663866,0.59663866,0.59663866,0.65546218,0.59663866,0.59663866,0.59663866,0.59663866,0.65546218,0.65546218,0.59663866,0.59663866,0.59663866,0.52941176,0.59663866,0.65546218,0.59663866,0.59663866,0.53781513,0.59663866,0.59663866,0.59663866,0.66386555,0.59663866,0.58823529,0.65546218,0.59663866,0.53781513,0.59663866,0.59663866,0.59663866,0.65546218,0.59663866,0.59663866,0.59663866,0.60504202,0.58823529,0.59663866,0.59663866,0.65546218,0.59663866,0.59663866,0.59663866,0.53781513,0.59663866,0.59663866,0.59663866,0.52941176,0.60504202,0.58823529,0.65546218,0.59663866,0.59663866,0.59663866,0.58823529,0.59663866,0.59663866,0.65546218,0.65546218,0.59663866,0.59663866,0.59663866,0.59663866
1037.221477,0.59663866,0.65546218,0.59663866,0.53361345,0.53781513,0.53781513,0.59663866,0.59663866,0.59663866,0.59663866,0.59663866,0.59663866,0.53781513,0.53781513,0.53781513,0.59663866,0.58823529,0.59663866,0.59663866,0.59663866,0.65546218,0.59663866,0.61344538,0.60504202,0.59663866,0.59663866,0.59663866,0.64705882,0.59663866,0.59663866,0.65546218,0.59663866,0.65546218,0.59663866,0.59663866,0.59663866,0.59663866,0.58823529,0.59663866,0.52941176,0.53781513,0.59663866,0.60504202,0.59663866,0.59663866,0.59663866,0.59663866,0.59663866,0.58823529,0.59663866,0.53781513,0.59663866,0.59663866,0.59663866,0.59663866,0.59663866,0.59663866,0.53781513,0.59663866,0.59663866,0.65546218,0.59663866,0.53781513,0.59663866,0.59663866,0.59663866,0.59663866,0.59663866,0.58823529,0.59663866,0.53781513,0.59663866,0.52941176,0.59663866,0.59663866,0.58823529,0.65546218,0.53781513,0.59663866,0.65546218,0.59663866,0.59663866,0.59663866,0.66386555,0.59663866,0.59663866,0.59663866,0.65546218,0.60504202,0.59663866,0.60504202,0.53781513,0.59663866,0.59663866,0.59663866,0.59663866,0.65546218,0.59663866,0.59663866,0.59663866,0.53781513,0.59663866,0.59663866,0.59663866,0.59663866,0.59663866,0.65546218,0.65546218,0.59663866,0.59663866,0.65546218,0.59663866,0.59663866,0.59663866,0.59663866,0.59663866,0.59663866,0.59243697,0.65546218,0.59663866,0.59663866,0.59663866,0.71428571,0.59663866,0.59663866,0.59663866,0.59663866,0.47058824,0.59663866,0.59663866,0.59663866,0.59663866,0.59663866,0.60504202,0.59663866,0.65546218,0.59663866,0.59663866,0.59663866,0.59663866,0.65546218,0.59663866,0.65546218,0.59663866,0.59663866,0.65546218,0.65546218,0.60504202,0.59663866,0.59663866,0.52941176,0.59663866,0.65546218,0.59663866,0.59663866,0.53781513,0.59663866,0.59663866,0.59663866,0.66386555,0.59663866,0.58823529,0.65546218,0.59663866,0.53781513,0.59663866,0.59663866,0.59663866,0.65546218,0.59663866,0.59663866,0.59663866,0.60504202,0.58823529,0.59663866,0.65546218,0.65546218,0.59663866,0.59663866,0.59663866,0.53781513,0.59663866,0.59663866,0.59663866,0.47058824,0.60504202,0.58823529,0.65546218,0.59663866,0.59663866,0.59663866,0.58823529,0.59663866,0.59663866,0.65546218,0.65546218,0.59663866,0.59663866,0.59663866,0.65546218
1047.281879,0.59663866,0.65546218,0.59663866,0.53781513,0.53781513,0.53781513,0.59663866,0.59663866,0.60504202,0.59663866,0.59663866,0.59663866,0.53781513,0.53781513,0.53781513,0.59663866,0.58823529,0.59663866,0.59663866,0.59663866,0.65546218,0.59663866,0.61344538,0.60504202,0.59663866,0.59663866,0.59663866,0.64705882,0.59663866,0.59663866,0.65546218,0.59663866,0.65546218,0.59663866,0.59663866,0.59663866,0.59663866,0.58823529,0.59663866,0.52941176,0.53781513,0.59663866,0.60504202,0.59663866,0.59663866,0.59663866,0.59663866,0.59663866,0.58823529,0.59663866,0.53781513,0.59663866,0.59663866,0.59663866,0.59663866,0.65546218,0.59663866,0.59663866,0.59663866,0.59663866,0.65546218,0.59663866,0.53781513,0.59663866,0.59663866,0.59663866,0.59663866,0.59663866,0.58823529,0.59663866,0.53781513,0.59663866,0.52941176,0.59663866,0.59663866,0.58823529,0.65546218,0.53781513,0.59663866,0.65546218,0.59663866,0.59663866,0.59663866,0.66386555,0.59663866,0.59663866,0.59663866,0.65546218,0.60504202,0.59663866,0.66386555,0.53781513,0.59663866,0.59663866,0.59663866,0.59663866,0.65546218,0.59663866,0.59663866,0.59663866,0.53781513,0.59663866,0.59663866,0.59663866,0.59663866,0.59663866,0.65546218,0.59663866,0.59663866,0.59663866,0.65546218,0.59663866,0.59663866,0.59663866,0.59663866,0.59663866,0.59663866,0.59243697,0.65546218,0.59663866,0.59663866,0.59663866,0.71428571,0.59663866,0.59663866,0.59663866,0.59663866,0.47058824,0.59663866,0.59663866,0.59663866,0.59663866,0.59663866,0.65546218,0.59663866,0.65546218,0.59663866,0.59663866,0.59663866,0.59663866,0.65546218,0.59663866,0.65546218,0.59663866,0.59663866,0.65546218,0.65546218,0.60504202,0.59663866,0.59663866,0.52941176,0.59663866,0.65546218,0.59663866,0.59663866,0.53781513,0.59663866,0.59663866,0.59663866,0.66386555,0.59663866,0.58823529,0.65546218,0.59663866,0.53781513,0.59663866,0.59663866,0.59663866,0.65546218,0.59663866,0.59663866,0.59663866,0.60504202,0.58823529,0.65546218,0.65546218,0.65546218,0.59663866,0.59663866,0.59663866,0.53781513,0.59663866,0.59663866,0.65546218,0.47058824,0.60504202,0.58823529,0.65546218,0.59663866,0.59663866,0.59663866,0.58823529,0.59663866,0.59663866,0.71428571,0.65546218,0.59663866,0.59663866,0.59663866,0.65546218
1057.342282,0.59663866,0.65546218,0.59663866,0.53781513,0.53781513,0.53781513,0.59663866,0.59663866,0.60504202,0.59663866,0.59663866,0.65546218,0.53781513,0.53781513,0.53781513,0.59663866,0.58823529,0.59663866,0.59663866,0.59663866,0.65546218,0.59663866,0.60504202,0.60504202,0.59663866,0.59663866,0.59663866,0.64705882,0.59663866,0.59663866,0.65546218,0.59663866,0.65546218,0.59663866,0.59663866,0.59663866,0.59663866,0.52941176,0.65546218,0.52941176,0.53781513,0.59663866,0.60504202,0.59663866,0.59663866,0.59663866,0.59663866,0.59663866,0.58823529,0.59663866,0.53781513,0.59663866,0.59663866,0.59663866,0.59663866,0.65546218,0.59663866,0.59663866,0.59663866,0.59663866,0.65546218,0.59663866,0.53781513,0.59663866,0.65546218,0.59663866,0.65546218,0.59663866,0.58823529,0.59663866,0.59663866,0.59663866,0.52941176,0.59663866,0.59663866,0.58823529,0.71428571,0.53781513,0.59663866,0.65546218,0.59663866,0.60504202,0.59663866,0.66386555,0.59663866,0.59663866,0.60504202,0.65546218,0.60504202,0.59663866,0.66386555,0.53781513,0.59663866,0.59663866,0.59663866,0.59663866,0.65546218,0.59663866,0.59663866,0.59663866,0.53781513,0.59663866,0.60504202,0.59663866,0.59663866,0.59663866,0.65546218,0.59663866,0.59663866,0.59663866,0.65546218,0.59663866,0.59663866,0.59663866,0.59663866,0.59663866,0.59663866,0.59243697,0.65546218,0.59663866,0.59663866,0.59663866,0.71428571,0.59663866,0.59663866,0.59663866,0.65546218,0.47058824,0.59663866,0.59663866,0.59663866,0.65546218,0.59663866,0.65546218,0.65546218,0.65546218,0.65546218,0.59663866,0.59663866,0.59663866,0.65546218,0.59663866,0.65546218,0.59663866,0.59663866,0.65546218,0.66386555,0.60504202,0.59663866,0.59663866,0.52941176,0.59663866,0.65546218,0.59663866,0.59663866,0.60504202,0.59663866,0.59663866,0.59663866,0.67226891,0.59663866,0.58823529,0.65546218,0.59663866,0.53781513,0.58823529,0.59663866,0.59663866,0.65546218,0.59663866,0.59663866,0.59663866,0.60504202,0.58823529,0.65546218,0.65546218,0.65546218,0.59663866,0.59663866,0.59663866,0.53781513,0.59663866,0.59663866,0.65546218,0.47058824,0.60504202,0.58823529,0.65546218,0.59663866,0.59663866,0.59663866,0.58823529,0.59663866,0.59663866,0.71428571,0.65546218,0.59663866,0.59663866,0.59663866,0.65546218
1067.402685,0.58823529,0.65546218,0.59663866,0.53781513,0.53781513,0.53781513,0.59663866,0.59663866,0.60504202,0.59663866,0.59663866,0.65546218,0.53781513,0.53781513,0.53781513,0.59663866,0.58823529,0.59663866,0.59663866,0.59663866,0.65546218,0.59663866,0.60504202,0.60504202,0.59663866,0.59663866,0.59663866,0.64705882,0.59663866,0.59663866,0.65546218,0.59663866,0.65546218,0.59663866,0.59663866,0.59663866,0.65546218,0.52941176,0.65546218,0.52941176,0.53781513,0.59663866,0.60504202,0.59663866,0.59663866,0.59663866,0.59663866,0.59663866,0.58823529,0.59663866,0.53781513,0.59663866,0.58823529,0.59663866,0.65546218,0.65546218,0.59663866,0.59663866,0.59663866,0.59663866,0.65546218,0.59663866,0.53781513,0.59663866,0.65546218,0.59663866,0.66386555,0.59663866,0.52941176,0.59663866,0.59663866,0.59663866,0.52941176,0.59663866,0.59663866,0.58823529,0.72268908,0.53781513,0.59663866,0.65546218,0.59663866,0.60504202,0.59663866,0.67226891,0.59663866,0.59663866,0.60504202,0.60504202,0.60504202,0.59663866,0.66386555,0.53781513,0.59663866,0.59663866,0.59663866,0.59663866,0.65546218,0.59663866,0.59663866,0.59663866,0.53781513,0.59663866,0.60504202,0.59663866,0.59663866,0.59663866,0.65546218,0.59663866,0.59663866,0.59663866,0.65546218,0.59663866,0.59663866,0.59663866,0.59663866,0.59663866,0.59663866,0.59663866,0.65546218,0.59663866,0.65546218,0.58823529,0.71428571,0.59663866,0.59663866,0.59663866,0.65546218,0.47058824,0.59663866,0.54621849,0.59663866,0.65546218,0.59663866,0.65546218,0.65546218,0.65546218,0.65546218,0.64705882,0.59663866,0.65546218,0.66386555,0.59663866,0.65546218,0.59663866,0.59663866,0.71428571,0.67226891,0.60504202,0.59663866,0.59663866,0.52941176,0.65546218,0.65546218,0.59663866,0.64705882,0.60504202,0.59663866,0.59663866,0.59663866,0.67226891,0.59663866,0.58823529,0.65546218,0.59663866,0.53781513,0.58823529,0.59663866,0.59663866,0.65546218,0.59663866,0.59663866,0.60504202,0.60504202,0.58823529,0.65546218,0.65546218,0.65546218,0.59663866,0.59663866,0.59663866,0.59663866,0.59663866,0.59663866,0.65546218,0.47058824,0.60504202,0.58823529,0.65546218,0.59663866,0.59663866,0.65546218,0.58823529,0.59663866,0.59663866,0.71428571,0.65546218,0.59663866,0.59663866,0.65546218,0.65546218
1077.463087,0.58823529,0.65546218,0.59663866,0.53781513,0.59663866,0.53781513,0.59663866,0.59663866,0.60504202,0.59663866,0.59663866,0.65546218,0.53781513,0.53781513,0.53781513,0.59663866,0.58823529,0.65546218,0.59663866,0.59663866,0.65546218,0.59663866,0.60504202,0.60504202,0.59663866,0.59663866,0.61344538,0.64705882,0.59663866,0.59663866,0.65546218,0.59663866,0.66386555,0.59663866,0.59663866,0.59663866,0.65546218,0.52941176,0.65546218,0.52941176,0.53781513,0.59663866,0.60504202,0.59663866,0.65546218,0.59663866,0.59663866,0.59663866,0.58823529,0.59663866,0.53781513,0.59663866,0.52941176,0.59663866,0.65546218,0.65546218,0.59663866,0.59663866,0.59663866,0.59663866,0.65546218,0.59663866,0.53781513,0.59663866,0.65546218,0.59663866,0.71428571,0.65546218,0.52941176,0.59663866,0.65546218,0.59663866,0.52941176,0.59663866,0.59663866,0.58823529,0.77310924,0.53781513,0.59663866,0.65546218,0.65546218,0.66386555,0.59663866,0.67226891,0.59663866,0.59663866,0.60504202,0.60504202,0.65546218,0.59663866,0.66386555,0.53781513,0.59663866,0.60504202,0.59663866,0.59663866,0.65546218,0.60504202,0.59663866,0.59663866,0.53781513,0.59663866,0.60504202,0.59663866,0.65546218,0.59663866,0.65546218,0.59663866,0.59663866,0.65546218,0.65546218,0.65546218,0.65546218,0.59663866,0.59663866,0.59663866,0.65546218,0.59663866,0.66386555,0.59663866,0.65546218,0.58823529,0.66386555,0.59663866,0.59663866,0.59663866,0.65546218,0.47058824,0.59663866,0.54621849,0.59663866,0.65546218,0.59663866,0.65546218,0.65546218,0.65546218,0.66386555,0.64705882,0.53781513,0.65546218,0.66386555,0.59663866,0.65546218,0.59663866,0.59663866,0.71428571,0.67226891,0.60504202,0.59663866,0.59663866,0.52941176,0.65546218,0.65546218,0.59663866,0.64705882,0.60504202,0.59663866,0.59663866,0.59663866,0.67226891,0.59663866,0.58823529,0.65546218,0.59663866,0.53781513,0.52941176,0.66386555,0.59663866,0.66386555,0.65546218,0.59663866,0.60504202,0.60504202,0.58823529,0.65546218,0.65546218,0.65546218,0.59663866,0.59663866,0.59663866,0.59663866,0.59663866,0.59663866,0.65546218,0.47058824,0.60504202,0.58823529,0.65546218,0.59663866,0.59663866,0.65546218,0.58823529,0.59663866,0.59663866,0.71428571,0.65546218,0.59663866,0.59663866,0.65546218,0.59663866
1087.523490,0.58823529,0.65546218,0.59663866,0.53781513,0.59663866,0.53781513,0.65546218,0.59663866,0.60504202,0.59663866,0.65546218,0.65546218,0.59663866,0.53781513,0.53781513,0.59663866,0.58823529,0.66386555,0.59663866,0.65546218,0.65546218,0.59663866,0.60504202,0.60504202,0.60504202,0.59663866,0.65546218,0.64705882,0.59663866,0.65546218,0.65546218,0.59663866,0.66386555,0.59663866,0.59663866,0.59663866,0.65546218,0.52941176,0.65546218,0.52941176,0.53781513,0.53781513,0.60504202,0.59663866,0.65546218,0.65546218,0.59663866,0.59663866,0.58823529,0.59663866,0.53781513,0.59663866,0.52941176,0.59663866,0.65546218,0.65546218,0.65546218,0.60504202,0.65546218,0.59663866,0.65546218,0.59663866,0.59663866,0.59663866,0.65546218,0.59663866,0.68067227,0.65546218,0.52941176,0.59663866,0.65546218,0.65546218,0.52941176,0.65546218,0.59663866,0.58823529,0.77310924,0.53781513,0.65546218,0.65546218,0.65546218,0.66386555,0.59663866,0.67226891,0.65546218,0.59663866,0.54621849,0.60504202,0.65546218,0.65546218,0.66386555,0.53781513,0.65546218,0.60504202,0.60504202,0.60504202,0.65546218,0.60504202,0.59663866,0.65546218,0.60504202,0.59663866,0.54621849,0.59663866,0.65546218,0.65546218,0.65546218,0.59663866,0.59663866,0.65546218,0.70588235,0.65546218,0.65546218,0.59663866,0.60504202,0.59663866,0.65546218,0.65126050,0.66386555,0.59663866,0.65546218,0.58823529,0.66386555,0.65546218,0.59663866,0.59663866,0.65546218,0.47058824,0.59663866,0.54621849,0.64705882,0.65546218,0.60504202,0.65546218,0.65546218,0.65546218,0.66386555,0.64705882,0.53781513,0.65546218,0.66386555,0.59663866,0.65546218,0.59663866,0.59663866,0.71428571,0.61344538,0.60504202,0.59663866,0.59663866,0.52941176,0.59663866,0.65546218,0.65546218,0.64705882,0.66386555,0.59663866,0.59663866,0.59663866,0.67226891,0.59663866,0.58823529,0.65546218,0.59663866,0.53781513,0.52941176,0.71428571,0.59663866,0.71428571,0.65546218,0.59663866,0.54621849,0.60504202,0.58823529,0.66386555,0.65546218,0.65546218,0.59663866,0.59663866,0.59663866,0.60504202,0.64705882,0.66386555,0.65546218,0.47058824,0.60504202,0.58823529,0.71428571,0.65546218,0.59663866,0.65546218,0.58823529,0.59663866,0.59663866,0.71428571,0.65546218,0.53781513,0.59663866,0.65546218,0.53781513
1097.583893,0.58823529,0.65546218,0.59663866,0.53781513,0.59663866,0.59663866,0.65546218,0.59663866,0.60504202,0.59663866,0.65546218,0.65546218,0.59663866,0.53781513,0.59663866,0.60504202,0.58823529,0.71428571,0.59663866,0.65546218,0.65546218,0.65546218,0.54621849,0.60504202,0.60504202,0.65546218,0.65546218,0.59663866,0.59663866,0.65546218,0.65546218,0.65546218,0.72268908,0.65546218,0.60504202,0.59663866,0.65546218,0.52941176,0.65546218,0.52941176,0.47899160,0.53781513,0.60504202,0.60504202,0.66386555,0.65546218,0.59663866,0.59663866,0.58823529,0.66386555,0.53781513,0.59663866,0.52941176,0.65546218,0.65546218,0.65546218,0.65546218,0.60504202,0.65546218,0.65546218,0.60504202,0.59663866,0.60504202,0.59663866,0.65546218,0.60504202,0.68067227,0.65546218,0.52941176,0.59663866,0.65546218,0.65546218,0.52941176,0.65546218,0.59663866,0.53781513,0.73109244,0.53781513,0.65546218,0.65546218,0.65546218,0.65546218,0.59663866,0.67226891,0.65546218,0.60504202,0.52941176,0.60504202,0.59663866,0.66386555,0.66386555,0.59663866,0.65546218,0.65546218,0.60504202,0.65546218,0.65546218,0.54621849,0.65546218,0.65546218,0.60504202,0.65546218,0.54621849,0.60504202,0.65546218,0.65546218,0.65546218,0.59663866,0.59663866,0.65546218,0.70588235,0.65546218,0.65546218,0.59663866,0.61344538,0.59663866,0.65546218,0.59663866,0.70588235,0.59663866,0.66386555,0.58823529,0.66386555,0.65546218,0.59663866,0.59663866,0.66386555,0.47058824,0.65546218,0.48739496,0.64705882,0.65546218,0.60504202,0.65546218,0.65546218,0.66386555,0.66386555,0.64705882,0.53781513,0.65546218,0.60504202,0.65546218,0.65546218,0.59663866,0.66386555,0.68067227,0.61344538,0.71428571,0.59663866,0.59663866,0.52941176,0.59663866,0.64705882,0.65546218,0.58823529,0.66386555,0.59663866,0.65546218,0.60504202,0.67226891,0.59663866,0.58823529,0.71428571,0.65546218,0.53781513,0.47058824,0.71428571,0.59663866,0.71428571,0.65546218,0.60504202,0.54621849,0.60504202,0.58823529,0.71428571,0.66386555,0.65546218,0.65546218,0.59663866,0.59663866,0.65546218,0.64705882,0.66386555,0.65546218,0.47058824,0.54621849,0.58823529,0.72268908,0.65546218,0.60504202,0.66386555,0.58823529,0.59663866,0.59663866,0.71428571,0.71428571,0.53781513,0.65546218,0.71428571,0.53781513
1107.644295,0.58823529,0.71428571,0.65546218,0.53781513,0.59663866,0.59663866,0.65546218,0.59663866,0.60504202,0.59663866,0.65546218,0.70588235,0.59663866,0.53781513,0.59663866,0.60504202,0.58823529,0.71428571,0.59663866,0.65546218,0.71428571,0.65546218,0.54621849,0.66386555,0.60504202,0.61344538,0.65546218,0.58823529,0.65546218,0.65546218,0.65546218,0.65546218,0.72268908,0.66386555,0.60504202,0.59663866,0.65546218,0.52941176,0.65546218,0.52941176,0.47899160,0.53781513,0.60504202,0.65546218,0.71428571,0.65546218,0.59663866,0.60504202,0.58823529,0.67226891,0.59663866,0.64705882,0.52941176,0.65546218,0.65546218,0.66386555,0.65546218,0.66386555,0.65546218,0.65546218,0.60504202,0.59663866,0.58823529,0.66386555,0.65546218,0.64705882,0.68067227,0.65546218,0.52941176,0.59663866,0.65546218,0.65546218,0.52941176,0.71428571,0.59663866,0.47899160,0.67226891,0.53781513,0.65546218,0.65546218,0.61344538,0.65546218,0.59663866,0.67226891,0.65546218,0.64705882,0.52941176,0.60504202,0.59663866,0.65546218,0.66386555,0.59663866,0.61344538,0.65546218,0.66386555,0.65546218,0.65546218,0.54621849,0.65546218,0.65546218,0.65546218,0.65546218,0.54621849,0.60504202,0.65546218,0.65546218,0.68067227,0.59663866,0.59663866,0.65546218,0.70588235,0.60504202,0.65546218,0.65546218,0.65546218,0.59663866,0.65546218,0.59663866,0.70588235,0.59663866,0.66386555,0.58823529,0.66386555,0.65546218,0.71428571,0.59663866,0.71428571,0.47058824,0.65546218,0.48739496,0.64705882,0.65546218,0.60504202,0.71428571,0.66386555,0.66386555,0.66386555,0.61344538,0.53781513,0.65546218,0.60504202,0.65546218,0.66386555,0.59663866,0.66386555,0.68067227,0.61344538,0.67226891,0.59663866,0.59663866,0.52941176,0.59663866,0.60504202,0.65546218,0.58823529,0.66386555,0.59663866,0.65546218,0.60504202,0.71428571,0.59663866,0.58823529,0.71428571,0.65546218,0.59663866,0.47058824,0.66386555,0.59663866,0.71428571,0.65546218,0.60504202,0.53781513,0.66386555,0.52941176,0.71428571,0.67226891,0.65546218,0.65546218,0.59663866,0.65546218,0.60504202,0.58823529,0.67226891,0.65546218,0.47058824,0.54621849,0.58823529,0.72268908,0.65546218,0.60504202,0.67226891,0.53781513,0.65546218,0.59663866,0.72268908,0.71428571,0.53781513,0.65546218,0.71428571,0.53781513
1117.704698,0.58823529,0.71428571,0.65546218,0.53781513,0.59663866,0.59663866,0.65546218,0.53781513,0.60504202,0.59663866,0.65546218,0.70588235,0.59663866,0.47899160,0.59663866,0.65546218,0.58823529,0.68067227,0.65546218,0.59663866,0.71428571,0.70588235,0.54621849,0.66386555,0.54621849,0.61344538,0.65546218,0.58823529,0.65546218,0.65546218,0.65546218,0.65546218,0.72268908,0.71428571,0.54621849,0.54621849,0.66386555,0.52941176,0.65546218,0.52941176,0.47899160,0.53781513,0.60504202,0.65546218,0.71428571,0.65546218,0.59663866,0.60504202,0.58823529,0.67226891,0.59663866,0.64705882,0.52941176,0.65546218,0.59663866,0.71428571,0.65546218,0.66386555,0.61344538,0.65546218,0.60504202,0.59663866,0.58823529,0.60504202,0.65546218,0.64705882,0.68067227,0.65546218,0.52941176,0.65546218,0.65546218,0.61344538,0.47899160,0.68067227,0.53781513,0.42016807,0.66386555,0.53781513,0.65546218,0.65546218,0.60504202,0.65546218,0.59663866,0.67226891,0.61344538,0.64705882,0.52941176,0.60504202,0.53781513,0.65546218,0.54621849,0.59663866,0.61344538,0.65546218,0.66386555,0.65546218,0.65546218,0.54621849,0.65546218,0.65546218,0.65546218,0.65546218,0.54621849,0.54621849,0.61344538,0.61344538,0.68067227,0.53781513,0.65546218,0.65546218,0.70588235,0.60504202,0.59663866,0.65546218,0.65546218,0.59663866,0.65546218,0.53781513,0.70588235,0.65546218,0.66386555,0.52941176,0.60504202,0.65546218,0.71428571,0.59663866,0.71428571,0.47058824,0.65546218,0.48739496,0.61344538,0.67226891,0.54621849,0.71428571,0.71428571,0.71428571,0.61344538,0.58823529,0.47899160,0.60504202,0.60504202,0.65546218,0.71428571,0.59663866,0.66386555,0.68067227,0.61344538,0.67226891,0.59663866,0.59663866,0.52941176,0.53781513,0.60504202,0.65546218,0.58823529,0.66386555,0.59663866,0.65546218,0.60504202,0.71428571,0.58823529,0.52941176,0.71428571,0.65546218,0.59663866,0.47058824,0.60504202,0.65546218,0.65546218,0.67226891,0.60504202,0.53781513,0.66386555,0.52941176,0.71428571,0.61344538,0.64705882,0.65546218,0.65546218,0.66386555,0.59663866,0.52941176,0.71428571,0.71428571,0.47058824,0.48739496,0.58823529,0.72268908,0.65546218,0.60504202,0.67226891,0.52941176,0.65546218,0.59663866,0.66386555,0.68067227,0.53781513,0.65546218,0.71428571,0.47899160
1127.765101,0.52941176,0.67226891,0.65546218,0.47899160,0.59663866,0.59663866,0.65546218,0.53781513,0.66386555,0.60504202,0.65546218,0.68067227,0.53781513,0.47899160,0.59663866,0.60504202,0.52941176,0.68067227,0.65546218,0.59663866,0.71428571,0.70588235,0.49579832,0.64705882,0.54621849,0.61344538,0.65546218,0.47058824,0.70588235,0.65546218,0.59663866,0.61344538,0.71428571,0.68067227,0.54621849,0.53781513,0.71428571,0.52941176,0.65546218,0.52941176,0.47899160,0.53781513,0.60504202,0.65546218,0.66386555,0.65546218,0.65546218,0.65546218,0.52941176,0.61344538,0.54621849,0.60504202,0.52941176,0.65546218,0.59663866,0.71428571,0.61344538,0.66386555,0.61344538,0.67226891,0.54621849,0.53781513,0.58823529,0.60504202,0.65546218,0.60504202,0.68067227,0.65546218,0.52941176,0.65546218,0.65546218,0.61344538,0.41176471,0.67226891,0.53781513,0.42016807,0.61344538,0.53781513,0.65546218,0.59663866,0.60504202,0.65546218,0.59663866,0.67226891,0.61344538,0.58823529,0.52941176,0.59663866,0.53781513,0.60504202,0.54621849,0.59663866,0.61344538,0.65546218,0.66386555,0.65546218,0.59663866,0.54621849,0.60504202,0.60504202,0.65546218,0.65546218,0.54621849,0.54621849,0.61344538,0.61344538,0.62184874,0.42016807,0.65546218,0.65546218,0.65546218,0.60504202,0.59663866,0.65546218,0.65546218,0.53781513,0.65546218,0.53781513,0.64705882,0.65546218,0.66386555,0.52941176,0.60504202,0.65546218,0.71428571,0.53781513,0.59663866,0.41176471,0.65546218,0.48739496,0.58823529,0.67226891,0.54621849,0.71428571,0.71428571,0.71428571,0.60504202,0.58823529,0.47899160,0.60504202,0.60504202,0.61344538,0.71428571,0.53781513,0.60504202,0.68067227,0.60504202,0.67226891,0.59663866,0.53781513,0.52941176,0.53781513,0.54621849,0.65546218,0.58823529,0.66386555,0.59663866,0.65546218,0.54621849,0.71428571,0.58823529,0.52941176,0.71428571,0.65546218,0.59663866,0.47058824,0.60504202,0.65546218,0.65546218,0.66386555,0.60504202,0.53781513,0.71428571,0.52941176,0.67226891,0.54621849,0.59663866,0.70588235,0.65546218,0.67226891,0.59663866,0.52941176,0.65546218,0.71428571,0.47058824,0.48739496,0.52941176,0.73109244,0.65546218,0.60504202,0.61344538,0.52941176,0.65546218,0.53781513,0.63025210,0.61344538,0.53781513,0.65546218,0.71428571,0.47899160
1137.825503,0.52941176,0.67226891,0.60504202,0.47899160,0.59663866,0.59663866,0.65546218,0.53781513,0.66386555,0.60504202,0.65546218,0.64705882,0.53781513,0.47899160,0.59663866,0.60504202,0.47899160,0.68067227,0.65546218,0.59663866,0.67226891,0.64705882,0.49579832,0.64705882,0.54621849,0.61344538,0.65546218,0.47058824,0.70588235,0.65546218,0.53781513,0.61344538,0.71428571,0.68067227,0.54621849,0.53781513,0.71428571,0.47058824,0.59663866,0.52941176,0.47899160,0.47899160,0.72268908,0.65546218,0.61344538,0.65546218,0.65546218,0.61344538,0.52941176,0.61344538,0.54621849,0.58823529,0.47058824,0.65546218,0.59663866,0.68067227,0.60504202,0.66386555,0.61344538,0.61344538,0.54621849,0.53781513,0.52941176,0.59663866,0.71428571,0.58823529,0.67226891,0.67226891,0.52941176,0.61344538,0.65546218,0.61344538,0.41176471,0.67226891,0.53781513,0.42016807,0.59663866,0.47899160,0.65546218,0.59663866,0.60504202,0.65546218,0.53781513,0.67226891,0.61344538,0.58823529,0.52941176,0.53781513,0.53781513,0.59663866,0.54621849,0.59663866,0.55462185,0.65546218,0.66386555,0.65546218,0.59663866,0.54621849,0.60504202,0.60504202,0.65546218,0.59663866,0.54621849,0.54621849,0.61344538,0.61344538,0.55462185,0.42016807,0.59663866,0.65546218,0.64705882,0.60504202,0.59663866,0.65546218,0.65546218,0.53781513,0.65546218,0.53781513,0.64705882,0.65546218,0.60504202,0.52941176,0.60504202,0.65546218,0.71428571,0.53781513,0.59663866,0.41176471,0.65546218,0.48739496,0.58823529,0.66386555,0.54621849,0.77310924,0.65546218,0.71428571,0.60504202,0.52941176,0.47899160,0.60504202,0.54621849,0.61344538,0.71428571,0.53781513,0.60504202,0.68067227,0.60504202,0.67226891,0.59663866,0.53781513,0.47058824,0.53781513,0.54621849,0.59663866,0.52941176,0.70588235,0.59663866,0.65546218,0.54621849,0.65546218,0.52941176,0.52941176,0.76470588,0.65546218,0.59663866,0.47058824,0.54621849,0.65546218,0.65546218,0.66386555,0.54621849,0.53781513,0.71428571,0.52941176,0.66386555,0.54621849,0.58823529,0.64705882,0.65546218,0.61344538,0.59663866,0.52941176,0.65546218,0.67226891,0.41176471,0.47899160,0.52941176,0.67226891,0.65546218,0.54621849,0.60504202,0.52941176,0.65546218,0.53781513,0.60504202,0.61344538,0.47899160,0.65546218,0.71428571,0.47899160
1147.885906,0.52941176,0.61344538,0.60504202,0.47899160,0.59663866,0.59663866,0.65546218,0.53781513,0.66386555,0.65546218,0.65546218,0.62184874,0.53781513,0.47899160,0.59663866,0.60504202,0.47899160,0.68067227,0.60504202,0.59663866,0.67226891,0.64705882,0.48739496,0.64705882,0.54621849,0.61344538,0.65546218,0.47058824,0.64705882,0.65546218,0.53781513,0.61344538,0.71428571,0.68067227,0.54621849,0.53781513,0.65546218,0.47058824,0.59663866,0.47058824,0.47899160,0.42016807,0.72268908,0.65546218,0.60504202,0.65546218,0.60504202,0.61344538,0.52941176,0.61344538,0.54621849,0.58823529,0.47058824,0.65546218,0.59663866,0.68067227,0.60504202,0.66386555,0.61344538,0.61344538,0.54621849,0.53781513,0.52941176,0.59663866,0.68067227,0.58823529,0.67226891,0.67226891,0.47058824,0.61344538,0.65546218,0.61344538,0.41176471,0.67226891,0.53781513,0.42016807,0.54621849,0.47899160,0.65546218,0.59663866,0.60504202,0.65546218,0.53781513,0.67226891,0.61344538,0.58823529,0.52941176,0.47899160,0.53781513,0.53781513,0.54621849,0.59663866,0.55462185,0.65546218,0.60504202,0.65546218,0.59663866,0.54621849,0.60504202,0.60504202,0.65546218,0.59663866,0.54621849,0.54621849,0.61344538,0.61344538,0.55462185,0.42016807,0.53781513,0.65546218,0.58823529,0.60504202,0.54621849,0.65546218,0.65546218,0.53781513,0.65546218,0.53781513,0.64705882,0.53781513,0.60504202,0.52941176,0.60504202,0.65546218,0.71428571,0.53781513,0.59663866,0.41176471,0.65546218,0.48739496,0.58823529,0.66386555,0.54621849,0.77310924,0.65546218,0.71428571,0.54621849,0.52941176,0.47899160,0.60504202,0.48739496,0.61344538,0.65546218,0.53781513,0.60504202,0.62184874,0.60504202,0.67226891,0.59663866,0.53781513,0.47058824,0.53781513,0.52941176,0.59663866,0.47899160,0.70588235,0.53781513,0.65546218,0.54621849,0.59663866,0.47058824,0.52941176,0.76470588,0.65546218,0.59663866,0.47058824,0.54621849,0.65546218,0.65546218,0.61344538,0.54621849,0.53781513,0.71428571,0.52941176,0.65546218,0.54621849,0.58823529,0.60504202,0.65546218,0.61344538,0.59663866,0.47899160,0.65546218,0.65546218,0.41176471,0.47899160,0.52941176,0.61344538,0.65546218,0.54621849,0.60504202,0.47058824,0.65546218,0.53781513,0.60504202,0.61344538,0.47899160,0.65546218,0.66386555,0.47899160
1157.946309,0.52941176,0.61344538,0.60504202,0.47899160,0.59663866,0.59663866,0.65546218,0.53781513,0.66386555,0.65546218,0.65546218,0.62184874,0.53781513,0.47899160,0.64705882,0.60504202,0.47899160,0.68067227,0.60504202,0.59663866,0.67226891,0.64705882,0.48739496,0.64705882,0.54621849,0.61344538,0.65546218,0.47058824,0.64705882,0.66386555,0.53781513,0.61344538,0.70588235,0.68067227,0.54621849,0.53781513,0.65546218,0.47058824,0.59663866,0.47058824,0.47899160,0.42016807,0.68067227,0.65546218,0.60504202,0.65546218,0.59663866,0.60504202,0.52941176,0.61344538,0.54621849,0.58823529,0.47058824,0.65546218,0.59663866,0.64705882,0.54621849,0.66386555,0.61344538,0.61344538,0.54621849,0.53781513,0.52941176,0.56302521,0.68067227,0.58823529,0.67226891,0.67226891,0.47058824,0.61344538,0.65546218,0.61344538,0.41176471,0.67226891,0.53781513,0.42016807,0.54621849,0.47058824,0.65546218,0.59663866,0.60504202,0.65546218,0.53781513,0.67226891,0.61344538,0.58823529,0.52941176,0.47899160,0.53781513,0.53781513,0.54621849,0.59663866,0.55462185,0.65546218,0.60504202,0.65546218,0.59663866,0.54621849,0.59663866,0.60504202,0.65546218,0.59663866,0.54621849,0.54621849,0.61344538,0.61344538,0.55462185,0.42016807,0.53781513,0.65546218,0.58823529,0.54621849,0.54621849,0.65546218,0.59663866,0.53781513,0.65546218,0.53781513,0.64705882,0.53781513,0.60504202,0.52941176,0.60504202,0.65546218,0.73949580,0.47899160,0.59663866,0.36134454,0.70588235,0.48739496,0.58823529,0.66386555,0.54621849,0.75630252,0.65546218,0.68067227,0.54621849,0.52941176,0.47899160,0.60504202,0.48739496,0.61344538,0.65546218,0.53781513,0.60504202,0.62184874,0.60504202,0.61344538,0.53781513,0.53781513,0.47058824,0.53781513,0.52941176,0.59663866,0.47899160,0.70588235,0.53781513,0.65546218,0.54621849,0.59663866,0.47058824,0.52941176,0.76470588,0.65546218,0.65546218,0.47058824,0.54621849,0.62184874,0.65546218,0.61344538,0.54621849,0.53781513,0.71428571,0.52941176,0.65546218,0.54621849,0.58823529,0.60504202,0.65546218,0.61344538,0.59663866,0.47058824,0.65546218,0.62184874,0.41176471,0.47899160,0.52941176,0.59663866,0.65546218,0.54621849,0.60504202,0.47058824,0.65546218,0.53781513,0.60504202,0.61344538,0.47899160,0.65546218,0.66386555,0.47899160
1168.006711,0.52941176,0.61344538,0.60504202,0.47899160,0.59663866,0.59663866,0.65546218,0.53781513,0.66386555,0.65546218,0.65546218,0.62184874,0.53781513,0.47899160,0.64705882,0.60504202,0.47899160,0.68067227,0.60504202,0.59663866,0.67226891,0.58823529,0.42857143,0.64705882,0.54621849,0.61344538,0.71428571,0.41176471,0.64705882,0.66386555,0.53781513,0.61344538,0.70588235,0.68067227,0.54621849,0.53781513,0.65546218,0.47058824,0.59663866,0.47058824,0.47899160,0.42016807,0.67226891,0.65546218,0.60504202,0.65546218,0.59663866,0.54621849,0.52941176,0.61344538,0.54621849,0.58823529,0.47058824,0.65546218,0.53781513,0.64705882,0.54621849,0.66386555,0.61344538,0.61344538,0.54621849,0.53781513,0.52941176,0.49579832,0.68067227,0.58823529,0.67226891,0.61344538,0.47058824,0.61344538,0.65546218,0.61344538,0.41176471,0.67226891,0.53781513,0.41176471,0.54621849,0.47058824,0.65546218,0.59663866,0.60504202,0.65546218,0.53781513,0.67226891,0.61344538,0.58823529,0.52941176,0.47899160,0.53781513,0.53781513,0.54621849,0.59663866,0.55462185,0.65546218,0.60504202,0.65546218,0.59663866,0.54621849,0.59663866,0.60504202,0.65546218,0.59663866,0.53781513,0.54621849,0.61344538,0.61344538,0.55462185,0.42016807,0.53781513,0.65546218,0.58823529,0.54621849,0.53781513,0.65546218,0.59663866,0.53781513,0.65546218,0.53781513,0.64705882,0.53781513,0.60504202,0.47899160,0.54621849,0.65546218,0.73949580,0.47899160,0.59663866,0.35294118,0.68067227,0.47899160,0.58823529,0.66386555,0.54621849,0.75630252,0.65546218,0.68067227,0.54621849,0.52941176,0.47899160,0.60504202,0.48739496,0.61344538,0.65546218,0.53781513,0.60504202,0.62184874,0.60504202,0.61344538,0.53781513,0.53781513,0.47058824,0.53781513,0.52941176,0.59663866,0.47899160,0.65546218,0.53781513,0.65546218,0.54621849,0.59663866,0.47058824,0.52941176,0.75630252,0.65546218,0.65546218,0.47058824,0.54621849,0.61344538,0.65546218,0.61344538,0.54621849,0.53781513,0.71428571,0.52941176,0.65546218,0.54621849,0.52941176,0.60504202,0.65546218,0.61344538,0.59663866,0.47058824,0.65546218,0.61344538,0.41176471,0.47899160,0.47058824,0.59663866,0.65546218,0.54621849,0.60504202,0.47058824,0.61344538,0.53781513,0.57142857,0.61344538,0.47899160,0.65546218,0.66386555,0.47899160
1178.067114,0.52941176,0.61344538,0.60504202,0.47899160,0.59663866,0.59663866,0.65546218,0.53781513,0.66386555,0.65546218,0.65546218,0.62184874,0.53781513,0.47899160,0.58823529,0.60504202,0.47899160,0.68067227,0.60504202,0.59663866,0.67226891,0.58823529,0.42857143,0.64705882,0.54621849,0.61344538,0.71428571,0.41176471,0.64705882,0.66386555,0.53781513,0.61344538,0.70588235,0.68067227,0.54621849,0.53781513,0.65546218,0.47058824,0.59663866,0.47058824,0.47899160,0.42016807,0.67226891,0.65546218,0.60504202,0.65546218,0.54621849,0.54621849,0.52941176,0.59663866,0.54621849,0.58823529,0.47058824,0.65546218,0.53781513,0.64705882,0.54621849,0.60504202,0.61344538,0.61344538,0.54621849,0.53781513,0.52941176,0.49579832,0.67226891,0.58823529,0.62184874,0.61344538,0.47058824,0.61344538,0.65546218,0.61344538,0.35294118,0.66386555,0.53781513,0.41176471,0.53781513,0.47058824,0.65546218,0.59663866,0.60504202,0.59663866,0.47899160,0.63025210,0.60504202,0.58823529,0.52941176,0.47899160,0.53781513,0.53781513,0.54621849,0.59663866,0.55462185,0.65546218,0.60504202,0.65546218,0.59663866,0.54621849,0.59663866,0.60504202,0.66386555,0.59663866,0.53781513,0.54621849,0.61344538,0.61344538,0.55462185,0.42016807,0.53781513,0.65546218,0.58823529,0.54621849,0.53781513,0.65546218,0.59663866,0.53781513,0.65546218,0.53361345,0.64705882,0.53781513,0.60504202,0.47899160,0.54621849,0.61344538,0.73949580,0.47899160,0.59663866,0.35294118,0.68067227,0.47899160,0.58823529,0.61344538,0.54621849,0.75630252,0.60504202,0.66386555,0.54621849,0.52941176,0.47899160,0.60504202,0.48739496,0.61344538,0.65546218,0.53781513,0.60504202,0.56302521,0.55462185,0.61344538,0.52941176,0.53781513,0.47058824,0.53781513,0.52941176,0.59663866,0.47058824,0.65546218,0.53781513,0.65546218,0.54621849,0.59663866,0.47058824,0.52941176,0.74789916,0.65546218,0.65546218,0.47058824,0.54621849,0.61344538,0.65546218,0.60504202,0.54621849,0.53781513,0.71428571,0.47899160,0.65546218,0.53781513,0.52941176,0.60504202,0.65546218,0.61344538,0.59663866,0.41176471,0.65546218,0.55462185,0.41176471,0.47899160,0.47058824,0.59663866,0.65546218,0.54621849,0.58823529,0.47058824,0.61344538,0.53781513,0.57142857,0.61344538,0.47899160,0.65546218,0.66386555,0.47899160
1188.127517,0.52941176,0.61344538,0.60504202,0.47899160,0.59663866,0.53781513,0.65546218,0.47899160,0.66386555,0.71428571,0.59663866,0.62184874,0.53781513,0.47899160,0.58823529,0.60504202,0.47899160,0.62184874,0.60504202,0.58823529,0.65546218,0.58823529,0.42857143,0.58823529,0.54621849,0.61344538,0.71428571,0.41176471,0.64705882,0.66386555,0.53781513,0.61344538,0.70588235,0.68067227,0.54621849,0.53781513,0.60504202,0.47058824,0.59663866,0.47058824,0.47899160,0.42016807,0.67226891,0.65546218,0.60504202,0.65546218,0.54621849,0.54621849,0.52941176,0.59663866,0.54621849,0.58823529,0.47058824,0.65546218,0.53781513,0.64705882,0.54621849,0.60504202,0.61344538,0.61344538,0.54621849,0.53781513,0.52941176,0.49579832,0.61344538,0.58823529,0.62184874,0.61344538,0.47058824,0.61344538,0.65546218,0.61344538,0.35294118,0.66386555,0.53781513,0.41176471,0.47899160,0.47058824,0.65546218,0.59663866,0.60504202,0.59663866,0.47899160,0.61344538,0.60504202,0.58823529,0.52941176,0.47899160,0.53781513,0.53781513,0.54621849,0.59663866,0.55462185,0.65546218,0.60504202,0.65546218,0.59663866,0.54621849,0.53781513,0.60504202,0.66386555,0.59663866,0.53781513,0.54621849,0.61344538,0.61344538,0.55462185,0.42016807,0.53781513,0.65546218,0.52941176,0.54621849,0.53781513,0.65546218,0.59663866,0.53781513,0.65546218,0.53361345,0.64705882,0.53781513,0.60504202,0.41176471,0.54621849,0.61344538,0.73949580,0.47899160,0.59663866,0.35294118,0.68067227,0.42016807,0.58823529,0.60504202,0.54621849,0.73949580,0.60504202,0.62184874,0.54621849,0.52941176,0.47899160,0.60504202,0.48739496,0.61344538,0.65546218,0.53781513,0.60504202,0.56302521,0.55462185,0.61344538,0.52941176,0.53781513,0.47058824,0.53781513,0.52941176,0.59663866,0.47058824,0.65546218,0.53781513,0.65546218,0.54621849,0.59663866,0.47058824,0.52941176,0.72268908,0.65546218,0.60504202,0.47058824,0.54621849,0.61344538,0.65546218,0.60504202,0.54621849,0.53781513,0.71428571,0.41176471,0.65546218,0.53781513,0.52941176,0.60504202,0.65546218,0.61344538,0.59663866,0.41176471,0.65546218,0.54621849,0.41176471,0.47899160,0.47058824,0.59663866,0.65546218,0.54621849,0.58823529,0.47058824,0.61344538,0.53781513,0.55462185,0.61344538,0.47899160,0.65546218,0.66386555,0.47899160
1198.187919,0.52941176,0.60504202,0.60504202,0.47899160,0.59663866,0.53781513,0.65546218,0.47899160,0.66386555,0.72268908,0.59663866,0.59663866,0.53781513,0.47899160,0.58823529,0.60504202,0.47058824,0.62184874,0.60504202,0.58823529,0.60504202,0.58823529,0.42857143,0.58823529,0.54621849,0.60504202,0.71428571,0.41176471,0.64705882,0.66386555,0.53781513,0.61344538,0.70588235,0.68067227,0.54621849,0.53781513,0.53781513,0.47058824,0.54621849,0.47058824,0.47899160,0.42016807,0.62184874,0.65546218,0.54621849,0.65546218,0.54621849,0.54621849,0.52941176,0.59663866,0.54621849,0.58823529,0.47058824,0.65546218,0.53781513,0.64705882,0.54621849,0.54621849,0.61344538,0.61344538,0.54621849,0.47899160,0.52941176,0.49579832,0.61344538,0.58823529,0.61344538,0.61344538,0.47058824,0.61344538,0.65546218,0.61344538,0.35294118,0.61344538,0.53781513,0.41176471,0.47899160,0.42016807,0.65546218,0.59663866,0.54621849,0.59663866,0.47899160,0.55462185,0.60504202,0.58823529,0.47058824,0.47899160,0.53781513,0.53781513,0.54621849,0.53781513,0.55462185,0.65546218,0.60504202,0.65546218,0.59663866,0.54621849,0.53781513,0.60504202,0.66386555,0.59663866,0.47899160,0.53781513,0.61344538,0.61344538,0.55462185,0.42016807,0.53781513,0.65546218,0.52941176,0.54621849,0.47899160,0.60504202,0.59663866,0.53781513,0.65546218,0.52941176,0.64705882,0.53781513,0.60504202,0.41176471,0.54621849,0.61344538,0.73949580,0.47899160,0.59663866,0.35294118,0.68067227,0.42016807,0.58823529,0.54621849,0.54621849,0.73949580,0.59663866,0.60504202,0.54621849,0.52941176,0.47899160,0.60504202,0.48739496,0.61344538,0.65546218,0.53781513,0.59663866,0.56302521,0.55462185,0.61344538,0.52941176,0.53781513,0.47058824,0.53781513,0.48739496,0.59663866,0.47058824,0.65546218,0.53781513,0.65546218,0.54621849,0.59663866,0.47058824,0.52941176,0.68907563,0.65546218,0.60504202,0.47058824,0.54621849,0.55462185,0.55462185,0.60504202,0.54621849,0.53781513,0.74789916,0.35294118,0.65546218,0.53781513,0.52941176,0.60504202,0.65546218,0.61344538,0.59663866,0.41176471,0.65546218,0.48739496,0.41176471,0.47899160,0.47058824,0.59663866,0.71428571,0.54621849,0.58823529,0.47058824,0.61344538,0.53781513,0.55462185,0.61344538,0.47899160,0.65546218,0.66386555,0.47899160
1208.248322,0.52941176,0.55462185,0.60504202,0.47899160,0.59663866,0.53781513,0.65546218,0.47899160,0.66386555,0.72268908,0.59663866,0.58823529,0.53781513,0.47899160,0.58823529,0.60504202,0.47058824,0.62184874,0.60504202,0.58823529,0.60504202,0.58823529,0.42857143,0.58823529,0.54621849,0.58823529,0.71428571,0.41176471,0.64705882,0.66386555,0.53781513,0.61344538,0.70588235,0.62184874,0.53781513,0.53781513,0.53781513,0.47058824,0.54621849,0.47058824,0.47899160,0.42016807,0.61344538,0.65546218,0.54621849,0.65546218,0.54621849,0.54621849,0.52941176,0.59663866,0.54621849,0.58823529,0.47058824,0.65546218,0.53781513,0.64705882,0.54621849,0.54621849,0.61344538,0.61344538,0.54621849,0.47899160,0.52941176,0.47899160,0.61344538,0.58823529,0.61344538,0.61344538,0.47058824,0.61344538,0.60504202,0.61344538,0.35294118,0.59663866,0.53781513,0.41176471,0.47899160,0.41176471,0.65546218,0.59663866,0.54621849,0.59663866,0.47899160,0.55462185,0.54621849,0.58823529,0.47058824,0.47899160,0.47899160,0.53781513,0.54621849,0.53781513,0.55462185,0.65546218,0.60504202,0.71428571,0.59663866,0.54621849,0.53781513,0.60504202,0.66386555,0.59663866,0.47899160,0.53781513,0.61344538,0.61344538,0.55462185,0.42016807,0.53781513,0.65546218,0.52941176,0.54621849,0.47899160,0.60504202,0.59663866,0.53781513,0.65546218,0.47899160,0.64705882,0.53781513,0.60504202,0.41176471,0.54621849,0.58823529,0.68067227,0.47899160,0.59663866,0.35294118,0.68067227,0.42016807,0.55462185,0.54621849,0.54621849,0.72268908,0.55462185,0.60504202,0.54621849,0.52941176,0.47899160,0.54621849,0.48739496,0.61344538,0.65546218,0.53781513,0.59663866,0.56302521,0.54621849,0.61344538,0.52941176,0.53781513,0.47058824,0.53781513,0.48739496,0.59663866,0.47058824,0.65546218,0.53781513,0.65546218,0.54621849,0.47899160,0.47058824,0.52941176,0.68907563,0.65546218,0.60504202,0.47058824,0.54621849,0.55462185,0.54621849,0.59663866,0.54621849,0.53781513,0.74789916,0.35294118,0.65546218,0.53781513,0.52941176,0.58823529,0.65546218,0.61344538,0.59663866,0.41176471,0.59663866,0.48739496,0.41176471,0.47899160,0.41176471,0.59663866,0.71428571,0.54621849,0.58823529,0.47058824,0.61344538,0.53781513,0.49579832,0.61344538,0.47899160,0.65546218,0.65546218,0.47899160
1218.308725,0.52941176,0.54621849,0.60504202,0.47899160,0.59663866,0.53781513,0.71428571,0.47899160,0.66386555,0.72268908,0.59663866,0.58823529,0.53781513,0.47899160,0.58823529,0.60504202,0.47058824,0.62184874,0.60504202,0.58823529,0.54621849,0.58823529,0.42857143,0.58823529,0.54621849,0.58823529,0.71428571,0.41176471,0.64705882,0.66386555,0.53781513,0.61344538,0.70588235,0.62184874,0.47899160,0.53781513,0.53781513,0.47058824,0.53781513,0.47058824,0.47899160,0.42016807,0.61344538,0.71428571,0.54621849,0.65546218,0.54621849,0.54621849,0.52941176,0.59663866,0.54621849,0.58823529,0.47058824,0.65546218,0.53781513,0.64705882,0.54621849,0.54621849,0.61344538,0.61344538,0.54621849,0.47899160,0.52941176,0.47899160,0.61344538,0.58823529,0.61344538,0.61344538,0.47058824,0.61344538,0.60504202,0.61344538,0.35294118,0.59663866,0.53781513,0.41176471,0.47899160,0.35294118,0.65546218,0.59663866,0.54621849,0.59663866,0.47899160,0.54621849,0.54621849,0.58823529,0.47058824,0.42016807,0.47899160,0.53781513,0.54621849,0.53781513,0.55462185,0.65546218,0.60504202,0.71428571,0.58823529,0.54621849,0.53781513,0.60504202,0.66386555,0.59663866,0.47899160,0.47899160,0.61344538,0.61344538,0.55462185,0.42016807,0.53781513,0.65546218,0.52941176,0.54621849,0.47899160,0.60504202,0.59663866,0.53781513,0.65546218,0.47478992,0.64705882,0.53781513,0.60504202,0.41176471,0.54621849,0.58823529,0.68067227,0.47899160,0.59663866,0.35294118,0.68067227,0.42016807,0.55462185,0.54621849,0.53781513,0.72268908,0.54621849,0.60504202,0.54621849,0.52941176,0.47899160,0.54621849,0.48739496,0.61344538,0.65546218,0.53781513,0.59663866,0.56302521,0.54621849,0.61344538,0.47058824,0.53781513,0.47058824,0.53781513,0.48739496,0.59663866,0.47058824,0.65546218,0.53781513,0.65546218,0.54621849,0.47899160,0.47058824,0.52941176,0.68907563,0.65546218,0.60504202,0.47058824,0.48739496,0.55462185,0.48739496,0.59663866,0.54621849,0.53781513,0.74789916,0.35294118,0.65546218,0.53781513,0.52941176,0.58823529,0.65546218,0.61344538,0.59663866,0.41176471,0.59663866,0.48739496,0.41176471,0.42016807,0.41176471,0.53781513,0.71428571,0.54621849,0.58823529,0.47058824,0.61344538,0.47899160,0.42857143,0.61344538,0.47899160,0.71428571,0.65546218,0.47899160
1228.369128,0.52941176,0.48739496,0.60504202,0.47899160,0.59663866,0.53781513,0.71428571,0.47899160,0.66386555,0.72268908,0.53781513,0.58823529,0.53781513,0.47899160,0.58823529,0.60504202,0.47058824,0.62184874,0.60504202,0.58823529,0.54621849,0.58823529,0.42857143,0.58823529,0.54621849,0.58823529,0.71428571,0.41176471,0.58823529,0.66386555,0.47899160,0.61344538,0.70588235,0.62184874,0.47899160,0.53781513,0.53781513,0.41176471,0.48739496,0.47058824,0.47899160,0.42016807,0.61344538,0.71428571,0.54621849,0.65546218,0.54621849,0.54621849,0.52941176,0.59663866,0.54621849,0.58823529,0.47058824,0.65546218,0.53781513,0.64705882,0.54621849,0.54621849,0.61344538,0.61344538,0.54621849,0.47899160,0.52941176,0.47899160,0.61344538,0.58823529,0.61344538,0.61344538,0.47058824,0.59663866,0.60504202,0.60504202,0.35294118,0.59663866,0.53781513,0.41176471,0.47899160,0.35294118,0.65546218,0.59663866,0.54621849,0.59663866,0.47899160,0.53781513,0.54621849,0.58823529,0.47058824,0.42016807,0.47899160,0.48739496,0.48739496,0.53781513,0.55462185,0.65546218,0.60504202,0.71428571,0.58823529,0.54621849,0.53781513,0.60504202,0.66386555,0.59663866,0.47899160,0.47899160,0.61344538,0.61344538,0.55462185,0.42016807,0.53781513,0.65546218,0.52941176,0.54621849,0.47899160,0.60504202,0.59663866,0.53781513,0.70588235,0.47478992,0.64705882,0.53781513,0.60504202,0.41176471,0.54621849,0.58823529,0.68067227,0.42016807,0.59663866,0.35294118,0.68067227,0.42016807,0.55462185,0.54621849,0.53781513,0.71428571,0.47899160,0.60504202,0.48739496,0.52941176,0.47899160,0.54621849,0.48739496,0.61344538,0.65546218,0.53781513,0.53781513,0.55462185,0.54621849,0.61344538,0.47058824,0.53781513,0.47058824,0.53781513,0.47058824,0.59663866,0.47058824,0.65546218,0.53781513,0.65546218,0.54621849,0.42016807,0.47058824,0.52941176,0.68067227,0.65546218,0.60504202,0.47058824,0.48739496,0.55462185,0.48739496,0.53781513,0.54621849,0.48739496,0.73109244,0.35294118,0.65546218,0.47899160,0.47899160,0.58823529,0.65546218,0.61344538,0.59663866,0.41176471,0.59663866,0.48739496,0.41176471,0.42016807,0.41176471,0.53781513,0.71428571,0.53781513,0.58823529,0.47058824,0.61344538,0.47899160,0.42857143,0.61344538,0.47899160,0.71428571,0.65546218,0.47899160
1238.429530,0.47899160,0.48739496,0.60504202,0.47899160,0.59663866,0.53781513,0.71428571,0.47899160,0.66386555,0.72268908,0.47899160,0.53781513,0.53781513,0.47899160,0.58823529,0.60504202,0.42016807,0.62184874,0.60504202,0.58823529,0.54621849,0.58823529,0.42857143,0.58823529,0.54621849,0.58823529,0.71428571,0.41176471,0.58823529,0.66386555,0.47899160,0.61344538,0.68907563,0.62184874,0.47899160,0.53781513,0.53781513,0.41176471,0.48739496,0.47058824,0.47899160,0.42016807,0.61344538,0.71428571,0.54621849,0.65546218,0.54621849,0.54621849,0.52941176,0.59663866,0.54621849,0.53781513,0.47058824,0.65546218,0.53781513,0.64705882,0.54621849,0.54621849,0.61344538,0.61344538,0.54621849,0.47899160,0.52941176,0.47899160,0.61344538,0.58823529,0.61344538,0.61344538,0.47058824,0.59663866,0.60504202,0.60504202,0.35294118,0.59663866,0.53781513,0.41176471,0.47899160,0.35294118,0.64705882,0.59663866,0.54621849,0.59663866,0.47899160,0.53781513,0.54621849,0.52941176,0.47058824,0.42016807,0.47899160,0.48739496,0.48739496,0.53781513,0.55462185,0.65546218,0.60504202,0.71428571,0.58823529,0.54621849,0.53781513,0.60504202,0.66386555,0.53781513,0.47899160,0.47899160,0.61344538,0.61344538,0.55462185,0.42016807,0.53781513,0.65546218,0.52941176,0.54621849,0.47899160,0.60504202,0.58823529,0.47899160,0.70588235,0.47058824,0.64705882,0.53781513,0.60504202,0.41176471,0.54621849,0.58823529,0.68067227,0.42016807,0.59663866,0.35294118,0.68067227,0.42016807,0.55462185,0.48739496,0.53781513,0.71428571,0.47899160,0.60504202,0.48739496,0.52941176,0.47899160,0.54621849,0.48739496,0.61344538,0.59663866,0.53781513,0.53781513,0.54621849,0.54621849,0.61344538,0.47058824,0.53781513,0.41176471,0.53781513,0.47058824,0.53781513,0.47058824,0.65546218,0.53781513,0.65546218,0.54621849,0.42016807,0.47058824,0.52941176,0.67226891,0.66386555,0.60504202,0.42016807,0.48739496,0.55462185,0.48739496,0.53781513,0.54621849,0.48739496,0.73109244,0.35294118,0.65546218,0.42016807,0.42016807,0.58823529,0.65546218,0.61344538,0.59663866,0.41176471,0.53781513,0.47899160,0.41176471,0.42016807,0.41176471,0.53781513,0.71428571,0.53781513,0.58823529,0.47058824,0.61344538,0.47899160,0.42857143,0.61344538,0.47899160,0.70588235,0.65546218,0.47899160
1248.489933,0.47899160,0.48739496,0.60504202,0.42016807,0.59663866,0.53781513,0.71428571,0.47899160,0.66386555,0.72268908,0.47899160,0.53781513,0.53781513,0.47899160,0.58823529,0.60504202,0.42016807,0.62184874,0.59663866,0.58823529,0.54621849,0.58823529,0.42857143,0.58823529,0.54621849,0.58823529,0.71428571,0.41176471,0.58823529,0.66386555,0.47899160,0.61344538,0.68907563,0.60504202,0.47899160,0.53781513,0.47899160,0.41176471,0.47899160,0.41176471,0.47899160,0.42016807,0.61344538,0.71428571,0.54621849,0.65546218,0.54621849,0.54621849,0.52941176,0.59663866,0.54621849,0.53781513,0.47058824,0.65546218,0.47899160,0.61344538,0.54621849,0.54621849,0.60504202,0.61344538,0.54621849,0.47899160,0.52941176,0.42016807,0.61344538,0.58823529,0.61344538,0.61344538,0.47058824,0.59663866,0.60504202,0.60504202,0.35294118,0.59663866,0.53781513,0.41176471,0.47899160,0.35294118,0.64705882,0.59663866,0.54621849,0.55462185,0.47899160,0.53781513,0.54621849,0.52941176,0.47058824,0.42016807,0.47899160,0.47899160,0.42857143,0.53781513,0.52941176,0.60504202,0.60504202,0.71428571,0.55462185,0.54621849,0.53781513,0.60504202,0.66386555,0.53781513,0.47899160,0.47899160,0.61344538,0.61344538,0.55462185,0.42016807,0.53781513,0.65546218,0.52941176,0.54621849,0.47899160,0.60504202,0.58823529,0.47899160,0.70588235,0.47058824,0.58823529,0.53781513,0.60504202,0.41176471,0.54621849,0.58823529,0.68067227,0.42016807,0.59663866,0.35294118,0.68067227,0.42016807,0.55462185,0.48739496,0.53781513,0.69747899,0.42016807,0.60504202,0.48739496,0.52941176,0.47899160,0.54621849,0.48739496,0.55462185,0.59663866,0.53781513,0.47899160,0.54621849,0.54621849,0.61344538,0.47058824,0.53781513,0.41176471,0.53781513,0.47058824,0.53781513,0.42016807,0.65546218,0.53781513,0.65546218,0.54621849,0.42016807,0.41176471,0.48739496,0.67226891,0.66386555,0.60504202,0.41176471,0.48739496,0.55462185,0.48739496,0.53781513,0.54621849,0.48739496,0.73109244,0.35294118,0.65546218,0.42016807,0.42016807,0.58823529,0.61344538,0.61344538,0.59663866,0.35294118,0.53781513,0.47899160,0.41176471,0.42016807,0.41176471,0.53781513,0.66386555,0.53781513,0.58823529,0.47058824,0.59663866,0.47899160,0.42857143,0.55462185,0.42016807,0.68067227,0.65546218,0.47899160
1258.550336,0.47899160,0.48739496,0.60504202,0.42016807,0.65546218,0.53781513,0.68067227,0.47899160,0.66386555,0.72268908,0.47899160,0.53781513,0.53781513,0.47899160,0.58823529,0.60504202,0.41176471,0.60504202,0.59663866,0.58823529,0.54621849,0.58823529,0.42857143,0.58823529,0.54621849,0.58823529,0.71428571,0.41176471,0.58823529,0.66386555,0.47899160,0.61344538,0.67226891,0.60504202,0.47899160,0.53781513,0.42016807,0.41176471,0.47899160,0.41176471,0.47899160,0.42016807,0.61344538,0.71428571,0.54621849,0.65546218,0.54621849,0.54621849,0.52941176,0.59663866,0.54621849,0.52941176,0.47058824,0.65546218,0.47899160,0.61344538,0.54621849,0.54621849,0.60504202,0.61344538,0.54621849,0.47899160,0.52941176,0.42016807,0.61344538,0.58823529,0.61344538,0.61344538,0.47058824,0.59663866,0.60504202,0.60504202,0.35294118,0.59663866,0.53781513,0.36134454,0.47899160,0.35294118,0.64705882,0.54621849,0.54621849,0.55462185,0.47899160,0.53781513,0.54621849,0.52941176,0.47058824,0.42016807,0.47899160,0.47899160,0.42857143,0.53781513,0.52941176,0.60504202,0.60504202,0.72268908,0.55462185,0.54621849,0.53781513,0.60504202,0.65546218,0.53781513,0.47899160,0.47899160,0.61344538,0.61344538,0.55462185,0.42016807,0.53781513,0.65546218,0.52941176,0.54621849,0.47899160,0.60504202,0.58823529,0.47899160,0.70588235,0.47058824,0.58823529,0.53781513,0.60504202,0.41176471,0.54621849,0.52941176,0.68067227,0.42016807,0.59663866,0.35294118,0.68067227,0.42016807,0.55462185,0.48739496,0.53781513,0.65546218,0.42016807,0.60504202,0.48739496,0.52941176,0.47899160,0.54621849,0.48739496,0.55462185,0.56302521,0.53781513,0.47899160,0.54621849,0.54621849,0.61344538,0.47058824,0.53781513,0.41176471,0.53781513,0.47058824,0.53781513,0.41176471,0.65546218,0.53781513,0.60504202,0.54621849,0.42016807,0.41176471,0.48739496,0.61344538,0.66386555,0.60504202,0.35294118,0.48739496,0.55462185,0.48739496,0.53781513,0.54621849,0.47899160,0.68907563,0.35294118,0.59663866,0.42016807,0.42016807,0.58823529,0.61344538,0.61344538,0.59663866,0.35294118,0.53781513,0.47899160,0.41176471,0.42016807,0.41176471,0.53781513,0.66386555,0.53781513,0.58823529,0.47058824,0.59663866,0.47899160,0.42857143,0.55462185,0.42016807,0.68067227,0.65546218,0.47899160
1268.610738,0.47899160,0.48739496,0.60504202,0.42016807,0.66386555,0.53781513,0.68067227,0.47899160,0.60504202,0.72268908,0.47899160,0.53781513,0.53781513,0.47899160,0.58823529,0.60504202,0.35294118,0.60504202,0.53781513,0.58823529,0.54621849,0.58823529,0.42857143,0.58823529,0.54621849,0.55462185,0.71428571,0.41176471,0.58823529,0.66386555,0.47899160,0.61344538,0.66386555,0.60504202,0.47899160,0.47899160,0.42016807,0.41176471,0.47899160,0.41176471,0.47899160,0.42016807,0.61344538,0.71428571,0.54621849,0.65546218,0.54621849,0.54621849,0.52941176,0.59663866,0.54621849,0.47899160,0.47058824,0.65546218,0.47899160,0.61344538,0.54621849,0.54621849,0.60504202,0.61344538,0.54621849,0.47899160,0.52941176,0.42016807,0.61344538,0.58823529,0.61344538,0.58823529,0.41176471,0.59663866,0.60504202,0.60504202,0.35294118,0.59663866,0.53781513,0.29411765,0.47899160,0.35294118,0.64705882,0.53781513,0.54621849,0.55462185,0.47899160,0.48739496,0.54621849,0.52941176,0.47058824,0.42016807,0.47899160,0.47899160,0.42857143,0.53781513,0.52941176,0.60504202,0.60504202,0.73109244,0.55462185,0.54621849,0.53781513,0.60504202,0.65546218,0.53781513,0.47899160,0.47899160,0.61344538,0.61344538,0.55462185,0.42016807,0.53781513,0.65546218,0.52941176,0.54621849,0.47899160,0.60504202,0.58823529,0.47899160,0.70588235,0.47058824,0.58823529,0.53781513,0.58823529,0.41176471,0.54621849,0.52941176,0.62184874,0.42016807,0.59663866,0.35294118,0.66386555,0.42016807,0.49579832,0.48739496,0.49579832,0.65546218,0.42016807,0.54621849,0.48739496,0.52941176,0.47899160,0.54621849,0.48739496,0.55462185,0.56302521,0.53781513,0.47899160,0.54621849,0.54621849,0.55462185,0.47058824,0.53781513,0.41176471,0.53781513,0.47058824,0.53781513,0.35294118,0.65546218,0.53781513,0.60504202,0.54621849,0.42016807,0.41176471,0.47899160,0.61344538,0.66386555,0.60504202,0.35294118,0.48739496,0.55462185,0.48739496,0.53781513,0.54621849,0.47899160,0.68907563,0.35294118,0.59663866,0.42016807,0.42016807,0.58823529,0.61344538,0.61344538,0.59663866,0.35294118,0.47899160,0.42016807,0.41176471,0.42016807,0.41176471,0.53781513,0.65546218,0.53781513,0.53781513,0.47058824,0.59663866,0.47899160,0.42857143,0.55462185,0.42016807,0.68067227,0.65546218,0.47899160
1278.671141,0.47899160,0.48739496,0.60504202,0.42016807,0.66386555,0.53781513,0.68067227,0.47899160,0.60504202,0.72268908,0.47899160,0.53781513,0.53781513,0.47899160,0.58823529,0.55462185,0.35294118,0.60504202,0.53781513,0.58823529,0.48739496,0.54621849,0.42857143,0.58823529,0.53781513,0.49579832,0.65546218,0.41176471,0.58823529,0.66386555,0.47899160,0.61344538,0.60504202,0.60504202,0.47899160,0.47899160,0.42016807,0.41176471,0.47899160,0.41176471,0.47899160,0.42016807,0.55462185,0.71428571,0.54621849,0.65546218,0.53781513,0.54621849,0.47058824,0.59663866,0.54621849,0.47058824,0.47058824,0.65546218,0.47899160,0.61344538,0.54621849,0.54621849,0.60504202,0.61344538,0.54621849,0.47899160,0.47058824,0.42016807,0.61344538,0.54621849,0.61344538,0.55462185,0.41176471,0.59663866,0.60504202,0.60504202,0.35294118,0.54621849,0.53781513,0.29411765,0.47899160,0.35294118,0.64705882,0.47899160,0.54621849,0.53781513,0.47899160,0.48739496,0.54621849,0.52941176,0.47058824,0.42016807,0.47899160,0.47899160,0.42857143,0.53781513,0.52941176,0.59663866,0.60504202,0.73109244,0.55462185,0.54621849,0.53781513,0.60504202,0.59663866,0.53781513,0.47899160,0.47899160,0.61344538,0.61344538,0.55462185,0.42016807,0.47899160,0.59663866,0.52941176,0.54621849,0.47899160,0.60504202,0.58823529,0.47899160,0.70588235,0.47058824,0.58823529,0.53781513,0.58823529,0.41176471,0.54621849,0.52941176,0.62184874,0.42016807,0.59663866,0.29411765,0.66386555,0.42016807,0.49579832,0.48739496,0.43697479,0.65546218,0.42016807,0.54621849,0.43697479,0.52941176,0.47899160,0.54621849,0.48739496,0.55462185,0.53781513,0.53781513,0.47899160,0.54621849,0.54621849,0.55462185,0.47058824,0.53781513,0.41176471,0.53781513,0.47058824,0.47899160,0.35294118,0.65546218,0.53781513,0.59663866,0.54621849,0.42016807,0.41176471,0.47058824,0.61344538,0.66386555,0.60504202,0.35294118,0.48739496,0.55462185,0.48739496,0.53781513,0.54621849,0.47899160,0.68907563,0.35294118,0.59663866,0.42016807,0.41176471,0.58823529,0.61344538,0.55462185,0.59663866,0.35294118,0.42016807,0.42016807,0.41176471,0.42016807,0.35294118,0.53781513,0.65546218,0.53781513,0.49579832,0.47058824,0.59663866,0.47899160,0.42857143,0.55462185,0.42016807,0.68067227,0.65546218,0.47058824
1288.731544,0.47899160,0.47899160,0.54621849,0.42016807,0.59663866,0.53781513,0.68067227,0.47899160,0.54621849,0.73109244,0.47899160,0.53781513,0.53781513,0.47899160,0.58823529,0.54621849,0.35294118,0.56302521,0.53781513,0.58823529,0.47899160,0.54621849,0.42016807,0.58823529,0.53781513,0.49579832,0.65546218,0.36134454,0.58823529,0.66386555,0.47058824,0.61344538,0.60504202,0.60504202,0.47899160,0.47899160,0.42016807,0.41176471,0.47899160,0.41176471,0.47899160,0.42016807,0.55462185,0.71428571,0.54621849,0.65546218,0.47899160,0.54621849,0.47058824,0.59663866,0.48739496,0.47058824,0.47058824,0.65546218,0.47899160,0.61344538,0.54621849,0.48739496,0.60504202,0.61344538,0.54621849,0.47899160,0.47058824,0.42016807,0.61344538,0.54621849,0.60084034,0.55462185,0.41176471,0.59663866,0.60504202,0.59663866,0.35294118,0.53781513,0.47899160,0.29411765,0.47899160,0.35294118,0.64705882,0.47899160,0.54621849,0.47899160,0.47899160,0.47899160,0.54621849,0.52941176,0.47058824,0.42016807,0.42016807,0.47899160,0.42857143,0.53781513,0.49579832,0.59663866,0.60504202,0.73109244,0.55462185,0.53781513,0.53781513,0.60504202,0.59663866,0.53781513,0.47478992,0.47899160,0.61344538,0.61344538,0.55462185,0.42016807,0.47899160,0.59663866,0.52941176,0.54621849,0.47899160,0.60504202,0.58823529,0.47899160,0.64705882,0.47058824,0.58823529,0.47899160,0.58823529,0.35294118,0.54621849,0.52941176,0.62184874,0.42016807,0.59663866,0.29411765,0.65546218,0.41596639,0.49579832,0.47899160,0.43697479,0.65546218,0.42016807,0.54621849,0.43697479,0.52941176,0.47899160,0.53781513,0.48739496,0.55462185,0.47899160,0.53781513,0.42016807,0.48739496,0.53781513,0.55462185,0.47058824,0.53781513,0.41176471,0.53781513,0.41176471,0.47899160,0.35294118,0.65546218,0.53781513,0.59663866,0.48739496,0.42016807,0.41176471,0.47058824,0.61344538,0.66386555,0.60504202,0.35294118,0.48739496,0.55462185,0.48739496,0.53781513,0.54621849,0.47478992,0.68907563,0.35294118,0.59663866,0.42016807,0.41176471,0.58823529,0.59663866,0.55462185,0.59663866,0.35294118,0.42016807,0.42016807,0.41176471,0.42016807,0.35294118,0.53781513,0.65546218,0.53781513,0.49579832,0.47058824,0.59663866,0.47899160,0.42016807,0.55462185,0.42016807,0.68067227,0.65546218,0.42016807
1298.791946,0.47058824,0.47899160,0.54621849,0.42016807,0.59663866,0.53781513,0.68067227,0.47899160,0.54621849,0.73109244,0.47478992,0.53781513,0.53781513,0.47899160,0.58823529,0.54621849,0.35294118,0.56302521,0.53781513,0.58823529,0.42016807,0.48739496,0.41596639,0.58823529,0.53781513,0.49579832,0.59243697,0.30252101,0.58823529,0.66386555,0.47058824,0.58823529,0.60504202,0.60504202,0.47899160,0.47899160,0.42016807,0.41176471,0.47899160,0.41176471,0.47478992,0.42016807,0.55462185,0.71428571,0.49579832,0.65546218,0.47899160,0.54621849,0.47058824,0.59663866,0.48739496,0.41176471,0.41176471,0.66386555,0.47478992,0.60504202,0.54621849,0.48739496,0.60504202,0.61344538,0.48739496,0.47899160,0.41176471,0.42016807,0.60084034,0.54621849,0.54201681,0.54201681,0.41176471,0.59663866,0.60504202,0.59243697,0.35294118,0.53781513,0.47478992,0.29411765,0.47478992,0.29411765,0.64705882,0.47899160,0.53781513,0.47478992,0.47899160,0.47478992,0.54621849,0.52941176,0.47058824,0.42016807,0.42016807,0.47899160,0.42016807,0.53781513,0.48319328,0.59663866,0.60504202,0.70588235,0.55462185,0.53781513,0.53781513,0.60504202,0.59663866,0.53781513,0.42016807,0.42016807,0.59243697,0.55462185,0.55462185,0.42016807,0.47899160,0.59243697,0.47899160,0.53781513,0.47899160,0.60504202,0.58823529,0.47899160,0.64705882,0.41176471,0.58823529,0.47899160,0.58823529,0.35294118,0.49579832,0.52941176,0.62184874,0.42016807,0.54621849,0.29411765,0.62184874,0.41596639,0.49579832,0.47899160,0.42857143,0.65546218,0.42016807,0.53781513,0.42857143,0.52941176,0.47899160,0.53781513,0.47899160,0.55462185,0.47899160,0.53781513,0.42016807,0.48739496,0.53781513,0.55462185,0.47058824,0.53781513,0.41176471,0.53361345,0.41176471,0.47899160,0.29411765,0.59243697,0.47899160,0.59243697,0.48739496,0.42016807,0.41176471,0.47058824,0.61344538,0.60504202,0.60504202,0.35294118,0.47899160,0.55462185,0.47899160,0.53361345,0.54621849,0.47478992,0.68907563,0.35294118,0.58823529,0.42016807,0.41176471,0.58823529,0.53781513,0.55462185,0.59243697,0.35294118,0.42016807,0.36134454,0.41176471,0.42016807,0.35294118,0.53781513,0.65546218,0.47899160,0.48739496,0.47058824,0.59663866,0.47899160,0.42016807,0.55462185,0.42016807,0.68067227,0.59663866,0.36134454
1308.852349,0.42016807,0.47899160,0.54621849,0.41176471,0.65126050,0.53781513,0.65126050,0.47478992,0.54621849,0.73109244,0.47478992,0.53781513,0.53361345,0.47478992,0.52941176,0.53781513,0.35294118,0.54621849,0.53781513,0.54201681,0.42016807,0.48739496,0.41596639,0.58823529,0.53361345,0.48319328,0.59243697,0.29411765,0.58823529,0.65546218,0.41176471,0.58823529,0.59663866,0.60504202,0.47899160,0.47478992,0.42016807,0.35294118,0.47899160,0.41176471,0.47478992,0.42016807,0.55462185,0.65126050,0.42857143,0.65126050,0.47899160,0.54621849,0.47058824,0.59663866,0.48739496,0.41176471,0.41176471,0.65126050,0.47478992,0.53781513,0.52941176,0.48739496,0.59243697,0.61344538,0.47899160,0.47478992,0.41176471,0.41596639,0.60084034,0.54621849,0.54201681,0.53781513,0.35294118,0.59243697,0.59663866,0.59243697,0.35294118,0.47478992,0.47478992,0.29411765,0.47478992,0.29411765,0.58823529,0.47478992,0.53361345,0.47478992,0.47899160,0.47478992,0.53781513,0.52941176,0.47058824,0.42016807,0.41596639,0.47899160,0.42016807,0.53361345,0.42436975,0.59243697,0.60504202,0.70588235,0.53781513,0.53781513,0.53781513,0.60504202,0.59663866,0.53361345,0.42016807,0.41596639,0.59243697,0.54201681,0.55462185,0.41596639,0.47899160,0.59243697,0.47478992,0.53781513,0.47478992,0.60504202,0.58823529,0.47478992,0.64705882,0.41176471,0.58823529,0.47899160,0.58823529,0.35294118,0.48319328,0.52941176,0.54621849,0.42016807,0.47478992,0.29411765,0.58823529,0.41596639,0.48319328,0.47899160,0.42016807,0.65546218,0.42016807,0.53781513,0.42016807,0.47899160,0.47478992,0.53781513,0.47899160,0.55462185,0.47899160,0.53781513,0.35714286,0.48739496,0.53781513,0.54201681,0.47058824,0.53781513,0.41176471,0.53361345,0.41176471,0.47899160,0.29411765,0.59243697,0.47899160,0.59243697,0.48739496,0.42016807,0.41176471,0.47058824,0.61344538,0.59663866,0.60504202,0.35294118,0.47899160,0.55462185,0.47478992,0.52941176,0.54621849,0.47478992,0.66386555,0.35294118,0.58823529,0.41596639,0.41176471,0.58823529,0.53781513,0.55462185,0.59243697,0.35294118,0.42016807,0.36134454,0.41176471,0.41596639,0.35294118,0.53781513,0.65126050,0.47899160,0.42016807,0.47058824,0.59663866,0.47478992,0.42016807,0.55462185,0.42016807,0.68067227,0.59663866,0.35714286
1318.912752,0.41596639,0.47478992,0.53781513,0.41176471,0.65126050,0.53361345,0.65126050,0.47478992,0.53781513,0.73109244,0.47478992,0.53361345,0.53361345,0.47478992,0.52941176,0.47899160,0.35294118,0.54201681,0.53781513,0.54201681,0.41596639,0.47899160,0.41596639,0.58823529,0.53361345,0.47058824,0.59243697,0.29411765,0.58823529,0.65546218,0.41176471,0.58823529,0.59663866,0.53781513,0.47478992,0.47478992,0.42016807,0.35294118,0.47478992,0.41176471,0.47478992,0.41596639,0.55462185,0.65126050,0.42016807,0.65126050,0.42016807,0.47899160,0.41176471,0.59243697,0.47899160,0.41176471,0.41176471,0.59663866,0.47478992,0.53361345,0.52941176,0.47899160,0.59243697,0.60084034,0.47899160,0.41596639,0.41176471,0.41596639,0.60084034,0.52941176,0.48319328,0.52941176,0.35294118,0.59243697,0.59243697,0.53361345,0.35294118,0.47478992,0.47478992,0.29411765,0.47478992,0.29411765,0.58823529,0.47478992,0.53361345,0.47478992,0.41596639,0.47478992,0.48319328,0.52941176,0.47058824,0.41596639,0.41596639,0.47478992,0.42016807,0.53361345,0.42436975,0.59243697,0.53781513,0.70588235,0.53361345,0.47899160,0.53361345,0.59663866,0.59243697,0.53361345,0.41596639,0.41596639,0.60084034,0.54201681,0.54201681,0.41596639,0.47899160,0.59243697,0.47478992,0.53781513,0.47478992,0.59663866,0.53361345,0.47478992,0.58823529,0.41176471,0.58823529,0.47899160,0.53781513,0.35294118,0.47899160,0.52941176,0.54621849,0.42016807,0.47478992,0.29411765,0.58823529,0.41596639,0.47899160,0.47899160,0.41596639,0.65126050,0.41596639,0.53781513,0.42016807,0.47058824,0.47478992,0.53781513,0.47899160,0.54201681,0.47478992,0.53361345,0.35714286,0.47899160,0.53781513,0.54201681,0.47058824,0.53361345,0.41176471,0.53361345,0.41176471,0.47478992,0.29411765,0.59243697,0.47899160,0.59243697,0.47899160,0.41596639,0.41176471,0.41176471,0.54201681,0.59663866,0.59663866,0.35294118,0.47899160,0.54201681,0.47478992,0.52941176,0.54621849,0.42016807,0.66386555,0.35294118,0.54621849,0.41596639,0.41176471,0.58823529,0.53361345,0.55462185,0.59243697,0.35294118,0.41596639,0.36134454,0.41176471,0.41596639,0.35294118,0.53781513,0.65126050,0.47478992,0.41596639,0.47058824,0.59243697,0.47478992,0.41596639,0.54201681,0.41596639,0.65126050,0.59663866,0.29411765
1328.973154,0.41176471,0.47478992,0.53361345,0.41176471,0.65126050,0.53361345,0.65126050,0.47478992,0.53781513,0.73109244,0.47478992,0.53361345,0.53361345,0.47478992,0.52941176,0.47899160,0.29411765,0.53781513,0.53361345,0.53361345,0.41596639,0.47899160,0.41596639,0.58823529,0.53361345,0.47058824,0.59243697,0.29411765,0.58823529,0.65546218,0.41176471,0.54201681,0.58823529,0.53781513,0.47478992,0.47478992,0.41596639,0.35294118,0.47478992,0.41176471,0.47478992,0.41596639,0.54201681,0.65126050,0.42016807,0.65126050,0.41596639,0.47899160,0.41176471,0.59243697,0.47899160,0.41176471,0.41176471,0.59663866,0.47478992,0.47478992,0.52941176,0.47058824,0.59243697,0.60084034,0.47899160,0.41596639,0.41176471,0.41596639,0.60084034,0.52941176,0.48319328,0.52941176,0.35294118,0.59243697,0.59243697,0.53361345,0.35294118,0.41596639,0.47478992,0.29411765,0.47478992,0.29411765,0.58823529,0.47478992,0.47478992,0.47478992,0.41596639,0.41596639,0.47899160,0.47058824,0.47058824,0.41176471,0.41596639,0.47478992,0.42016807,0.53361345,0.42436975,0.59243697,0.53781513,0.70588235,0.52941176,0.42016807,0.47899160,0.59663866,0.59243697,0.53361345,0.41596639,0.41596639,0.60084034,0.54201681,0.54201681,0.41596639,0.47478992,0.59243697,0.47478992,0.53781513,0.47478992,0.59243697,0.53361345,0.47478992,0.58823529,0.41176471,0.58823529,0.47478992,0.47899160,0.35294118,0.47899160,0.52941176,0.54621849,0.42016807,0.47478992,0.29411765,0.58823529,0.41596639,0.47899160,0.47899160,0.41596639,0.65126050,0.35714286,0.53781513,0.41596639,0.47058824,0.41596639,0.53781513,0.47478992,0.54201681,0.47478992,0.53361345,0.35714286,0.47899160,0.53781513,0.54201681,0.47058824,0.53361345,0.41176471,0.53361345,0.35294118,0.47478992,0.29411765,0.59243697,0.47478992,0.59243697,0.47899160,0.41596639,0.41176471,0.41176471,0.54201681,0.53781513,0.53781513,0.35294118,0.42016807,0.54201681,0.47478992,0.52941176,0.53781513,0.42016807,0.65966387,0.35294118,0.54621849,0.41596639,0.41176471,0.58823529,0.53361345,0.54201681,0.59243697,0.35294118,0.41596639,0.35714286,0.41176471,0.41596639,0.35294118,0.53361345,0.59243697,0.42016807,0.41596639,0.47058824,0.59243697,0.47478992,0.41596639,0.54201681,0.41596639,0.66386555,0.59663866,0.29411765
1339.033557,0.41176471,0.47478992,0.53361345,0.41176471,0.65126050,0.53361345,0.65126050,0.47478992,0.53781513,0.71848739,0.47478992,0.53361345,0.53361345,0.47478992,0.52941176,0.47899160,0.29411765,0.48319328,0.53361345,0.47478992,0.41596639,0.47899160,0.35714286,0.58823529,0.53361345,0.47058824,0.59243697,0.23529412,0.53781513,0.65546218,0.41176471,0.54201681,0.53781513,0.53781513,0.47478992,0.47478992,0.41596639,0.35294118,0.47478992,0.41176471,0.47478992,0.41596639,0.54201681,0.65126050,0.41596639,0.65126050,0.41596639,0.47899160,0.41176471,0.54201681,0.42016807,0.41176471,0.41176471,0.59663866,0.47478992,0.47478992,0.52941176,0.47058824,0.53361345,0.60084034,0.47899160,0.41596639,0.41176471,0.41596639,0.59663866,0.52941176,0.48319328,0.52941176,0.35294118,0.58823529,0.59243697,0.53361345,0.35294118,0.41596639,0.47478992,0.29411765,0.41596639,0.29411765,0.58823529,0.47478992,0.47478992,0.47478992,0.41596639,0.41596639,0.47899160,0.47058824,0.47058824,0.41176471,0.41596639,0.41596639,0.42016807,0.53361345,0.42436975,0.59243697,0.53781513,0.70588235,0.48319328,0.42016807,0.47899160,0.59663866,0.59243697,0.53361345,0.35714286,0.41596639,0.59663866,0.53361345,0.54201681,0.41596639,0.41596639,0.59243697,0.47478992,0.53781513,0.47478992,0.59243697,0.47478992,0.47478992,0.58823529,0.41176471,0.58823529,0.47478992,0.47899160,0.35294118,0.47899160,0.52941176,0.54621849,0.41596639,0.47478992,0.23529412,0.58823529,0.41596639,0.47899160,0.47899160,0.41596639,0.61344538,0.35714286,0.53781513,0.41596639,0.47058824,0.35714286,0.53781513,0.47478992,0.54201681,0.47478992,0.53361345,0.35714286,0.47899160,0.53781513,0.54201681,0.47058824,0.53361345,0.35294118,0.53361345,0.35294118,0.47478992,0.29411765,0.59243697,0.47478992,0.59243697,0.47899160,0.41596639,0.41176471,0.35294118,0.54201681,0.53781513,0.53781513,0.35294118,0.42016807,0.54201681,0.47478992,0.52941176,0.47899160,0.41596639,0.65966387,0.35294118,0.53781513,0.41596639,0.41176471,0.58823529,0.53361345,0.54201681,0.53781513,0.35294118,0.41596639,0.35714286,0.41176471,0.41596639,0.35294118,0.53361345,0.59243697,0.42016807,0.41596639,0.41176471,0.59243697,0.47478992,0.41596639,0.54201681,0.41176471,0.66386555,0.59663866,0.29411765
1349.093960,0.41176471,0.47478992,0.53361345,0.41176471,0.65126050,0.53361345,0.65126050,0.47478992,0.53781513,0.65966387,0.47478992,0.52941176,0.53361345,0.47478992,0.52941176,0.47899160,0.29411765,0.47899160,0.53361345,0.47058824,0.41596639,0.47478992,0.35714286,0.58823529,0.53361345,0.42016807,0.53361345,0.23529412,0.53781513,0.59663866,0.41176471,0.52941176,0.53781513,0.53781513,0.47478992,0.47478992,0.35714286,0.35294118,0.47478992,0.41176471,0.47478992,0.41596639,0.54201681,0.65126050,0.35714286,0.65126050,0.41596639,0.42016807,0.41176471,0.47899160,0.42016807,0.41176471,0.41176471,0.59663866,0.47478992,0.41596639,0.52941176,0.47058824,0.53361345,0.60084034,0.47899160,0.41596639,0.41176471,0.41596639,0.54201681,0.47058824,0.48319328,0.52941176,0.35294118,0.58823529,0.59243697,0.53361345,0.35294118,0.41596639,0.47478992,0.29411765,0.41596639,0.29411765,0.52941176,0.47478992,0.47478992,0.47478992,0.41596639,0.41596639,0.47899160,0.47058824,0.42016807,0.41176471,0.41596639,0.41596639,0.42016807,0.53361345,0.42436975,0.59243697,0.53781513,0.64705882,0.48319328,0.42016807,0.47899160,0.59663866,0.59243697,0.53361345,0.35714286,0.41596639,0.59663866,0.53361345,0.54201681,0.41596639,0.41596639,0.59243697,0.47478992,0.53361345,0.47478992,0.59243697,0.47478992,0.35714286,0.58823529,0.41176471,0.58823529,0.47478992,0.47899160,0.35294118,0.47899160,0.52941176,0.54621849,0.41596639,0.47478992,0.23529412,0.52941176,0.41596639,0.47899160,0.42016807,0.41596639,0.61344538,0.35714286,0.53781513,0.41596639,0.47058824,0.35714286,0.53781513,0.47478992,0.54201681,0.47478992,0.47478992,0.35714286,0.42016807,0.53361345,0.54201681,0.47058824,0.47899160,0.35294118,0.53361345,0.35294118,0.47478992,0.29411765,0.59243697,0.47478992,0.59243697,0.47899160,0.41596639,0.41176471,0.35294118,0.54201681,0.53781513,0.53781513,0.35294118,0.42016807,0.54201681,0.47478992,0.52941176,0.47899160,0.41596639,0.60504202,0.35294118,0.53361345,0.41596639,0.41176471,0.52941176,0.53361345,0.54201681,0.53781513,0.35294118,0.41596639,0.35714286,0.35294118,0.41596639,0.35294118,0.53361345,0.53361345,0.42016807,0.41176471,0.41176471,0.54201681,0.47478992,0.41596639,0.54201681,0.41176471,0.60504202,0.53781513,0.29411765
1359.154362,0.41176471,0.47478992,0.53361345,0.41176471,0.65126050,0.53361345,0.65126050,0.47478992,0.53781513,0.60084034,0.47478992,0.52941176,0.47478992,0.47478992,0.47899160,0.47899160,0.29411765,0.47899160,0.53361345,0.41176471,0.41596639,0.47478992,0.35714286,0.52941176,0.53361345,0.41596639,0.53361345,0.23529412,0.53781513,0.59663866,0.41176471,0.52941176,0.53781513,0.53781513,0.41596639,0.42016807,0.35714286,0.35294118,0.47478992,0.35294118,0.47478992,0.41596639,0.54201681,0.65966387,0.35714286,0.65126050,0.41596639,0.42016807,0.35294118,0.47899160,0.42016807,0.41176471,0.41176471,0.59663866,0.47478992,0.41596639,0.52941176,0.42016807,0.53361345,0.60084034,0.47899160,0.41596639,0.41176471,0.41596639,0.54201681,0.47058824,0.48319328,0.52941176,0.35294118,0.58823529,0.59243697,0.53361345,0.35294118,0.41596639,0.47478992,0.29411765,0.41596639,0.29411765,0.52941176,0.47478992,0.47478992,0.47478992,0.41596639,0.41596639,0.47899160,0.41176471,0.42016807,0.35714286,0.41596639,0.41596639,0.42016807,0.47478992,0.36554622,0.53781513,0.53781513,0.64705882,0.48319328,0.42016807,0.47899160,0.59663866,0.59243697,0.53361345,0.35714286,0.41596639,0.59663866,0.53361345,0.54201681,0.41596639,0.41596639,0.59243697,0.47478992,0.53361345,0.47478992,0.53361345,0.47478992,0.35714286,0.58823529,0.41176471,0.58823529,0.47478992,0.47899160,0.35294118,0.47899160,0.52941176,0.54621849,0.41596639,0.47478992,0.23529412,0.52941176,0.35714286,0.47899160,0.42016807,0.41596639,0.60924370,0.35714286,0.47899160,0.30672269,0.47058824,0.35714286,0.47899160,0.47478992,0.54201681,0.47478992,0.47478992,0.35714286,0.42016807,0.53361345,0.54201681,0.47058824,0.47478992,0.35294118,0.47478992,0.35294118,0.47478992,0.29411765,0.59243697,0.47478992,0.53361345,0.47899160,0.41596639,0.41176471,0.35294118,0.53781513,0.53781513,0.53781513,0.35294118,0.42016807,0.54201681,0.41596639,0.47478992,0.47899160,0.41596639,0.59663866,0.35294118,0.48319328,0.41596639,0.41176471,0.52941176,0.47478992,0.54201681,0.53361345,0.35294118,0.41596639,0.35714286,0.35294118,0.41596639,0.35294118,0.47478992,0.53361345,0.35714286,0.41176471,0.41176471,0.54201681,0.47478992,0.41596639,0.54201681,0.41176471,0.60504202,0.53781513,0.29411765
1369.214765,0.41176471,0.41596639,0.53361345,0.41176471,0.65126050,0.53361345,0.60924370,0.47478992,0.53781513,0.60084034,0.47478992,0.47478992,0.47478992,0.47478992,0.47899160,0.47899160,0.29411765,0.47899160,0.47899160,0.41176471,0.41596639,0.47478992,0.35714286,0.52941176,0.53361345,0.41176471,0.53361345,0.23529412,0.47899160,0.59663866,0.41176471,0.52941176,0.53781513,0.47899160,0.41596639,0.41596639,0.35714286,0.29411765,0.42436975,0.35294118,0.41596639,0.41596639,0.54201681,0.60504202,0.35714286,0.59243697,0.41596639,0.41176471,0.35294118,0.47899160,0.42016807,0.41176471,0.41176471,0.59663866,0.41596639,0.41596639,0.52941176,0.42016807,0.53361345,0.60084034,0.47899160,0.41596639,0.41176471,0.36134454,0.53781513,0.47058824,0.48319328,0.52941176,0.35294118,0.54201681,0.59243697,0.53361345,0.35294118,0.41596639,0.41596639,0.29411765,0.41596639,0.29411765,0.52941176,0.47478992,0.41596639,0.47478992,0.41596639,0.41596639,0.42016807,0.41176471,0.36134454,0.35714286,0.41596639,0.41596639,0.42016807,0.41596639,0.35294118,0.53361345,0.53781513,0.64705882,0.48319328,0.36134454,0.47899160,0.59663866,0.53361345,0.53361345,0.35714286,0.36134454,0.59663866,0.53361345,0.53781513,0.41596639,0.41596639,0.59243697,0.47478992,0.52941176,0.47478992,0.53361345,0.41596639,0.35714286,0.58823529,0.41176471,0.58823529,0.41596639,0.47899160,0.35294118,0.47899160,0.52941176,0.54621849,0.41596639,0.47478992,0.23529412,0.52941176,0.35714286,0.47899160,0.36134454,0.41596639,0.60924370,0.35714286,0.47899160,0.30252101,0.47058824,0.35714286,0.47899160,0.42016807,0.54201681,0.47478992,0.41596639,0.35714286,0.42016807,0.47478992,0.54201681,0.47058824,0.47478992,0.35294118,0.47478992,0.29411765,0.47478992,0.29411765,0.59243697,0.47478992,0.53361345,0.42016807,0.35714286,0.35294118,0.35294118,0.47899160,0.53781513,0.47899160,0.35294118,0.42016807,0.54201681,0.41596639,0.47058824,0.47899160,0.41596639,0.59663866,0.35294118,0.47899160,0.41596639,0.41176471,0.52941176,0.47478992,0.48319328,0.47899160,0.35294118,0.41596639,0.35714286,0.35294118,0.41596639,0.35294118,0.47478992,0.53361345,0.35714286,0.41176471,0.36134454,0.48319328,0.47478992,0.41596639,0.54201681,0.41176471,0.53361345,0.47899160,0.29411765
1379.275168,0.29831933,0.35714286,0.53361345,0.41176471,0.65546218,0.53361345,0.60924370,0.47478992,0.52941176,0.60084034,0.41176471,0.47058824,0.47478992,0.47478992,0.47899160,0.47899160,0.29411765,0.42016807,0.42016807,0.41176471,0.41596639,0.47058824,0.35714286,0.47058824,0.53361345,0.35294118,0.53361345,0.23529412,0.47058824,0.59663866,0.41176471,0.47058824,0.52941176,0.47899160,0.41596639,0.41596639,0.35714286,0.29411765,0.41596639,0.35294118,0.41596639,0.41596639,0.54201681,0.60084034,0.35714286,0.59243697,0.41596639,0.36134454,0.35294118,0.47899160,0.42016807,0.41176471,0.35294118,0.53361345,0.41596639,0.41596639,0.52941176,0.42016807,0.47478992,0.60084034,0.47899160,0.41596639,0.35294118,0.35714286,0.53781513,0.47058824,0.48319328,0.52941176,0.35294118,0.54201681,0.59243697,0.53361345,0.35294118,0.41596639,0.35714286,0.29411765,0.41596639,0.23529412,0.52941176,0.47478992,0.41596639,0.47478992,0.41596639,0.35714286,0.36554622,0.41176471,0.35294118,0.29411765,0.36554622,0.35714286,0.42016807,0.41596639,0.35294118,0.47478992,0.47899160,0.60504202,0.47478992,0.36134454,0.47899160,0.59243697,0.53361345,0.53361345,0.35714286,0.35714286,0.59663866,0.48319328,0.53781513,0.41596639,0.41596639,0.59243697,0.47478992,0.52941176,0.47478992,0.53361345,0.41596639,0.35714286,0.58823529,0.41176471,0.52941176,0.35714286,0.47899160,0.35294118,0.47899160,0.52941176,0.49159664,0.41596639,0.47478992,0.23529412,0.48739496,0.35714286,0.42436975,0.36134454,0.41596639,0.55042017,0.35714286,0.47899160,0.30252101,0.42016807,0.35714286,0.47899160,0.41596639,0.54201681,0.41596639,0.41596639,0.35294118,0.42016807,0.47478992,0.54201681,0.47058824,0.47478992,0.29411765,0.47478992,0.29411765,0.47478992,0.29411765,0.53361345,0.47478992,0.47478992,0.42016807,0.35714286,0.35294118,0.29411765,0.42016807,0.53781513,0.42016807,0.35294118,0.42016807,0.54201681,0.41596639,0.41176471,0.42016807,0.41596639,0.54621849,0.35294118,0.47478992,0.41596639,0.41176471,0.52941176,0.47478992,0.42436975,0.47478992,0.35294118,0.41596639,0.35714286,0.35294118,0.35714286,0.35294118,0.47478992,0.53361345,0.35714286,0.35294118,0.29831933,0.48319328,0.47478992,0.41596639,0.54201681,0.29831933,0.53361345,0.47899160,0.29411765
1389.335570,0.29831933,0.35714286,0.48319328,0.35294118,0.65546218,0.47478992,0.54621849,0.47478992,0.52941176,0.48319328,0.41176471,0.47058824,0.47478992,0.41596639,0.42016807,0.42016807,0.29411765,0.42016807,0.41596639,0.41176471,0.41596639,0.47058824,0.35714286,0.47058824,0.53361345,0.35294118,0.53361345,0.17647059,0.47058824,0.53781513,0.41176471,0.47058824,0.52941176,0.47899160,0.41596639,0.41596639,0.35714286,0.29411765,0.41596639,0.35294118,0.35714286,0.41596639,0.54201681,0.54201681,0.35714286,0.59243697,0.41596639,0.35294118,0.35294118,0.47478992,0.36134454,0.35294118,0.35294118,0.53361345,0.41596639,0.41596639,0.47899160,0.42016807,0.47478992,0.54201681,0.47899160,0.41596639,0.35294118,0.30252101,0.53781513,0.47058824,0.48319328,0.41176471,0.29411765,0.54201681,0.53781513,0.47478992,0.29411765,0.41596639,0.35714286,0.29411765,0.35714286,0.23529412,0.52941176,0.41596639,0.41596639,0.41596639,0.35714286,0.35714286,0.36134454,0.41176471,0.30252101,0.29411765,0.35714286,0.35714286,0.42016807,0.41596639,0.35294118,0.41596639,0.47899160,0.60504202,0.47058824,0.36134454,0.47899160,0.59243697,0.53361345,0.47478992,0.29831933,0.29831933,0.59663866,0.47478992,0.53781513,0.41596639,0.41596639,0.59243697,0.41596639,0.52941176,0.47478992,0.53361345,0.41596639,0.29831933,0.58823529,0.41176471,0.47058824,0.29831933,0.47899160,0.35294118,0.47899160,0.52941176,0.48739496,0.41596639,0.41596639,0.17647059,0.47058824,0.29831933,0.42436975,0.30252101,0.41596639,0.55042017,0.35714286,0.47899160,0.30252101,0.41176471,0.29411765,0.47899160,0.35714286,0.54201681,0.41596639,0.41596639,0.35294118,0.42016807,0.41596639,0.54201681,0.47058824,0.47478992,0.29411765,0.41596639,0.29411765,0.47478992,0.29411765,0.53361345,0.41596639,0.41596639,0.30252101,0.35714286,0.35294118,0.29411765,0.42016807,0.47899160,0.42016807,0.35294118,0.42016807,0.48319328,0.41596639,0.41176471,0.42016807,0.36134454,0.53781513,0.29411765,0.47478992,0.41596639,0.41176471,0.52941176,0.47478992,0.42436975,0.47478992,0.35294118,0.41596639,0.35714286,0.35294118,0.35714286,0.29411765,0.47478992,0.53361345,0.35714286,0.35294118,0.23949580,0.47478992,0.47478992,0.41596639,0.48319328,0.23949580,0.53361345,0.47899160,0.29411765
1399.395973,0.29411765,0.35714286,0.47478992,0.35294118,0.65546218,0.41596639,0.54621849,0.41596639,0.47058824,0.48319328,0.35294118,0.47058824,0.42016807,0.41596639,0.41596639,0.42016807,0.29411765,0.42016807,0.41596639,0.41176471,0.41596639,0.35714286,0.35714286,0.41176471,0.47899160,0.29411765,0.53361345,0.17647059,0.47058824,0.53781513,0.35294118,0.41176471,0.47478992,0.42016807,0.36134454,0.36134454,0.35714286,0.29411765,0.36554622,0.35294118,0.35714286,0.41596639,0.48739496,0.54201681,0.35714286,0.53781513,0.41596639,0.35294118,0.35294118,0.47478992,0.35714286,0.35294118,0.35294118,0.48319328,0.41596639,0.41596639,0.47058824,0.42016807,0.47478992,0.54201681,0.47899160,0.35714286,0.35294118,0.29831933,0.53781513,0.47058824,0.42436975,0.41176471,0.29411765,0.54201681,0.47899160,0.47478992,0.29411765,0.41596639,0.35714286,0.23529412,0.35714286,0.23529412,0.52941176,0.41596639,0.41596639,0.41596639,0.35714286,0.35714286,0.30252101,0.41176471,0.30252101,0.29411765,0.35714286,0.29831933,0.41596639,0.41596639,0.35294118,0.41596639,0.42016807,0.60504202,0.42436975,0.36134454,0.42016807,0.54201681,0.53361345,0.47478992,0.29831933,0.29831933,0.59663866,0.47478992,0.53781513,0.41596639,0.35714286,0.59243697,0.41596639,0.47899160,0.47478992,0.47478992,0.35714286,0.29831933,0.58823529,0.41176471,0.47058824,0.29831933,0.42016807,0.35294118,0.47899160,0.47058824,0.48739496,0.35714286,0.41596639,0.17647059,0.47058824,0.29831933,0.35714286,0.30252101,0.41596639,0.54201681,0.35714286,0.47899160,0.29831933,0.41176471,0.29411765,0.47899160,0.29831933,0.48319328,0.41596639,0.41596639,0.35294118,0.42016807,0.41596639,0.54201681,0.47058824,0.42016807,0.23529412,0.41596639,0.23529412,0.47478992,0.23529412,0.47478992,0.41596639,0.35714286,0.30252101,0.35714286,0.29411765,0.29411765,0.36134454,0.42016807,0.42016807,0.29411765,0.42016807,0.48319328,0.35714286,0.41176471,0.41596639,0.35714286,0.48739496,0.29411765,0.42857143,0.35714286,0.35294118,0.47899160,0.47478992,0.42436975,0.42016807,0.35294118,0.35714286,0.35714286,0.35294118,0.35714286,0.29411765,0.47478992,0.53361345,0.35714286,0.35294118,0.23949580,0.47478992,0.47478992,0.35714286,0.42436975,0.23949580,0.53361345,0.42016807,0.23529412
1409.456376,0.29411765,0.35714286,0.47478992,0.35294118,0.61344538,0.41596639,0.53781513,0.35714286,0.42016807,0.48319328,0.35294118,0.47058824,0.41176471,0.35714286,0.41176471,0.42016807,0.23529412,0.42016807,0.41596639,0.41176471,0.41596639,0.35714286,0.29831933,0.41176471,0.42016807,0.29411765,0.53361345,0.17647059,0.47058824,0.53781513,0.35294118,0.41176471,0.47478992,0.42016807,0.35714286,0.35714286,0.35714286,0.29411765,0.36554622,0.35294118,0.35714286,0.41596639,0.42436975,0.53781513,0.29831933,0.53361345,0.35714286,0.35294118,0.35294118,0.42436975,0.35714286,0.35294118,0.35294118,0.47899160,0.41596639,0.41596639,0.47058824,0.36134454,0.47478992,0.54201681,0.47899160,0.35714286,0.29411765,0.29831933,0.48319328,0.41176471,0.42436975,0.35294118,0.29411765,0.53361345,0.42016807,0.47478992,0.29411765,0.35714286,0.35714286,0.23529412,0.35714286,0.23529412,0.52941176,0.41596639,0.41596639,0.41596639,0.35714286,0.35714286,0.30252101,0.35294118,0.30252101,0.29411765,0.35714286,0.29831933,0.36134454,0.41596639,0.35294118,0.41596639,0.36134454,0.54621849,0.41176471,0.36134454,0.36134454,0.47899160,0.53361345,0.41596639,0.29831933,0.29831933,0.53781513,0.47478992,0.48319328,0.35714286,0.35714286,0.59243697,0.41596639,0.42016807,0.41596639,0.47478992,0.23949580,0.29831933,0.58823529,0.41176471,0.41176471,0.29831933,0.42016807,0.35294118,0.47058824,0.47058824,0.48319328,0.35714286,0.41596639,0.17647059,0.47058824,0.29831933,0.35714286,0.30252101,0.36134454,0.54201681,0.35714286,0.47899160,0.24369748,0.35294118,0.29411765,0.47899160,0.29831933,0.48319328,0.35714286,0.41596639,0.29411765,0.36134454,0.41596639,0.48319328,0.41176471,0.41596639,0.23529412,0.41596639,0.23529412,0.41596639,0.23529412,0.47478992,0.41596639,0.35714286,0.30252101,0.29831933,0.29411765,0.29411765,0.36134454,0.42016807,0.36134454,0.29411765,0.42016807,0.48319328,0.35714286,0.35294118,0.35714286,0.35294118,0.48319328,0.23529412,0.41596639,0.35714286,0.35294118,0.42016807,0.47478992,0.42436975,0.35714286,0.29411765,0.35714286,0.29831933,0.35294118,0.35714286,0.29411765,0.47478992,0.53361345,0.29831933,0.35294118,0.23529412,0.41596639,0.41596639,0.35714286,0.42436975,0.23949580,0.53361345,0.41596639,0.23529412
1419.516779,0.29411765,0.35714286,0.41596639,0.35294118,0.53781513,0.41596639,0.47899160,0.35714286,0.42016807,0.48319328,0.29411765,0.47058824,0.35714286,0.35714286,0.41176471,0.42016807,0.23529412,0.36554622,0.41176471,0.35294118,0.41596639,0.35714286,0.29831933,0.41176471,0.42016807,0.23529412,0.53361345,0.17647059,0.47058824,0.53781513,0.29411765,0.41176471,0.47478992,0.42016807,0.35714286,0.29831933,0.29831933,0.29411765,0.36134454,0.29411765,0.35714286,0.41596639,0.36554622,0.53361345,0.29831933,0.53361345,0.35714286,0.35294118,0.29411765,0.41596639,0.30252101,0.29411765,0.35294118,0.41596639,0.41596639,0.35714286,0.47058824,0.36134454,0.47478992,0.48319328,0.42016807,0.29831933,0.29411765,0.29831933,0.47899160,0.41176471,0.41176471,0.35294118,0.29411765,0.42016807,0.41596639,0.47478992,0.29411765,0.35714286,0.35714286,0.23529412,0.35714286,0.23529412,0.47058824,0.41596639,0.41596639,0.41596639,0.29831933,0.35714286,0.30252101,0.35294118,0.29831933,0.23529412,0.35714286,0.29831933,0.35294118,0.41596639,0.35294118,0.41596639,0.35714286,0.54201681,0.41176471,0.36134454,0.35714286,0.47899160,0.47478992,0.41596639,0.29831933,0.29831933,0.53781513,0.47478992,0.47899160,0.35714286,0.29831933,0.59243697,0.41596639,0.41176471,0.41596639,0.47478992,0.23949580,0.23949580,0.52941176,0.41176471,0.41176471,0.29411765,0.42016807,0.35294118,0.42016807,0.47058824,0.48319328,0.29831933,0.41596639,0.17647059,0.47058824,0.29831933,0.29831933,0.30252101,0.35714286,0.54201681,0.29831933,0.47899160,0.24369748,0.35294118,0.23529412,0.47899160,0.29831933,0.48319328,0.35714286,0.41596639,0.29411765,0.36134454,0.41596639,0.48319328,0.41176471,0.41596639,0.23529412,0.41596639,0.23529412,0.41596639,0.23529412,0.41596639,0.41596639,0.35714286,0.30252101,0.29831933,0.23529412,0.29411765,0.36134454,0.42016807,0.36134454,0.29411765,0.36134454,0.48319328,0.35714286,0.35294118,0.35714286,0.35294118,0.48319328,0.23529412,0.41176471,0.35714286,0.29411765,0.36134454,0.47478992,0.42436975,0.35714286,0.29411765,0.35714286,0.29831933,0.35294118,0.29831933,0.29411765,0.47478992,0.47478992,0.29831933,0.35294118,0.23529412,0.41596639,0.41596639,0.35714286,0.42436975,0.23949580,0.53361345,0.41596639,0.23529412
1429.577181,0.29411765,0.35714286,0.41596639,0.35294118,0.53781513,0.41596639,0.47899160,0.35714286,0.42016807,0.48319328,0.29411765,0.41176471,0.35714286,0.35714286,0.41176471,0.42016807,0.23529412,0.30252101,0.41176471,0.35294118,0.35714286,0.35714286,0.24369748,0.41176471,0.41596639,0.23529412,0.47478992,0.17647059,0.47058824,0.53781513,0.29411765,0.41176471,0.47478992,0.42016807,0.35714286,0.29831933,0.29831933,0.29411765,0.35714286,0.23529412,0.29831933,0.35714286,0.36554622,0.47478992,0.29831933,0.53361345,0.35714286,0.35294118,0.29411765,0.35714286,0.30252101,0.29411765,0.35294118,0.41596639,0.35714286,0.35714286,0.47058824,0.36134454,0.47478992,0.48319328,0.42016807,0.29831933,0.29411765,0.29831933,0.47899160,0.41176471,0.41176471,0.35294118,0.29411765,0.42016807,0.36134454,0.47478992,0.29411765,0.35714286,0.35714286,0.23529412,0.29831933,0.23529412,0.47058824,0.41596639,0.29831933,0.35714286,0.29831933,0.35714286,0.30252101,0.35294118,0.29411765,0.23529412,0.29831933,0.29831933,0.35294118,0.41596639,0.35294118,0.41596639,0.35294118,0.52941176,0.41176471,0.36134454,0.35714286,0.47478992,0.47478992,0.41596639,0.29831933,0.29831933,0.47899160,0.47478992,0.47478992,0.35714286,0.29831933,0.59243697,0.41596639,0.41176471,0.41596639,0.47478992,0.23529412,0.23949580,0.47058824,0.35294118,0.41176471,0.29411765,0.42016807,0.29411765,0.41176471,0.42016807,0.48319328,0.29831933,0.41596639,0.17647059,0.47058824,0.29831933,0.29831933,0.30252101,0.35714286,0.49159664,0.29831933,0.42016807,0.24369748,0.35294118,0.23529412,0.47899160,0.29411765,0.42436975,0.35714286,0.41596639,0.29411765,0.36134454,0.41596639,0.48319328,0.41176471,0.35714286,0.23529412,0.41596639,0.23529412,0.41596639,0.23529412,0.35714286,0.41596639,0.35714286,0.30252101,0.29831933,0.23529412,0.29411765,0.35714286,0.42016807,0.36134454,0.29411765,0.36134454,0.48319328,0.35714286,0.35294118,0.29831933,0.35294118,0.47899160,0.23529412,0.41176471,0.35714286,0.29411765,0.36134454,0.47478992,0.42016807,0.35714286,0.29411765,0.35714286,0.23949580,0.35294118,0.29831933,0.29411765,0.41596639,0.47478992,0.29831933,0.35294118,0.23529412,0.41596639,0.41596639,0.35714286,0.42436975,0.23949580,0.53361345,0.41596639,0.23529412
1439.637584,0.29411765,0.35714286,0.36134454,0.35294118,0.53781513,0.41596639,0.47899160,0.35714286,0.41176471,0.42436975,0.29411765,0.41176471,0.35714286,0.29831933,0.36134454,0.42016807,0.23529412,0.30252101,0.41176471,0.35294118,0.35714286,0.35714286,0.24369748,0.41176471,0.41596639,0.23529412,0.47478992,0.17647059,0.47058824,0.53781513,0.29411765,0.41176471,0.41596639,0.42016807,0.35714286,0.29831933,0.29831933,0.29411765,0.29831933,0.23529412,0.29831933,0.35714286,0.36554622,0.47478992,0.29831933,0.53361345,0.35714286,0.35294118,0.29411765,0.35714286,0.30252101,0.29411765,0.35294118,0.41596639,0.35714286,0.35714286,0.47058824,0.30252101,0.47478992,0.48319328,0.41596639,0.29831933,0.29411765,0.29831933,0.47899160,0.41176471,0.41176471,0.35294118,0.29411765,0.42016807,0.35294118,0.47478992,0.29411765,0.29831933,0.35714286,0.23529412,0.29831933,0.23529412,0.47058824,0.41596639,0.29831933,0.35714286,0.29831933,0.35714286,0.30252101,0.29411765,0.29411765,0.23529412,0.29831933,0.29831933,0.35294118,0.35714286,0.35294118,0.41596639,0.35294118,0.52941176,0.41176471,0.36134454,0.35714286,0.42016807,0.42016807,0.35714286,0.29831933,0.29831933,0.47899160,0.47478992,0.47478992,0.35714286,0.29831933,0.53361345,0.41596639,0.35294118,0.41596639,0.47478992,0.23529412,0.23949580,0.47058824,0.35294118,0.41176471,0.29411765,0.42016807,0.29411765,0.35714286,0.42016807,0.48319328,0.29831933,0.41596639,0.17647059,0.47058824,0.23949580,0.29831933,0.30252101,0.35714286,0.47478992,0.29831933,0.42016807,0.24369748,0.35294118,0.23529412,0.42016807,0.29411765,0.42436975,0.35714286,0.41596639,0.29411765,0.35294118,0.36554622,0.48319328,0.41176471,0.35714286,0.23529412,0.41596639,0.23529412,0.35714286,0.23529412,0.35714286,0.41596639,0.35714286,0.30252101,0.29831933,0.23529412,0.29411765,0.35714286,0.42016807,0.36134454,0.29411765,0.36134454,0.48319328,0.29831933,0.35294118,0.29831933,0.35294118,0.42436975,0.23529412,0.41176471,0.35714286,0.29411765,0.30252101,0.41596639,0.42016807,0.35714286,0.23529412,0.29831933,0.23949580,0.35294118,0.29831933,0.29411765,0.35714286,0.47478992,0.23949580,0.35294118,0.23529412,0.41596639,0.41596639,0.35714286,0.42436975,0.23949580,0.53361345,0.41596639,0.23529412
1449.697987,0.29411765,0.29831933,0.36134454,0.35294118,0.53781513,0.41596639,0.47899160,0.35714286,0.41176471,0.42436975,0.29411765,0.35294118,0.35714286,0.29831933,0.36134454,0.42016807,0.23529412,0.30252101,0.35714286,0.35294118,0.35714286,0.35714286,0.18067227,0.41176471,0.41596639,0.23529412,0.47478992,0.17647059,0.47058824,0.47899160,0.29411765,0.41176471,0.41596639,0.42016807,0.35714286,0.29831933,0.29831933,0.29411765,0.29831933,0.23529412,0.29831933,0.35714286,0.36554622,0.47478992,0.29831933,0.53361345,0.35714286,0.35294118,0.29411765,0.35714286,0.29831933,0.29411765,0.35294118,0.35714286,0.35714286,0.35714286,0.47058824,0.30252101,0.47478992,0.48319328,0.41596639,0.29831933,0.29411765,0.23949580,0.47899160,0.41176471,0.41176471,0.35294118,0.29411765,0.42016807,0.35294118,0.42436975,0.29411765,0.29831933,0.35294118,0.17647059,0.29831933,0.23529412,0.47058824,0.41596639,0.29831933,0.35714286,0.29831933,0.35714286,0.30252101,0.29411765,0.29411765,0.23529412,0.29831933,0.29831933,0.35294118,0.35714286,0.35294118,0.41596639,0.35294118,0.52941176,0.41176471,0.36134454,0.35714286,0.42016807,0.36134454,0.29831933,0.29831933,0.29831933,0.47899160,0.47478992,0.47478992,0.35714286,0.29831933,0.53361345,0.41596639,0.35294118,0.41596639,0.47478992,0.23529412,0.23949580,0.47058824,0.35294118,0.41176471,0.29411765,0.42016807,0.29411765,0.35714286,0.41176471,0.48319328,0.29831933,0.41596639,0.17647059,0.47058824,0.23949580,0.29831933,0.30252101,0.35714286,0.47478992,0.29831933,0.42016807,0.24369748,0.35294118,0.23529412,0.42016807,0.29411765,0.36554622,0.35714286,0.35714286,0.29411765,0.35294118,0.36554622,0.48319328,0.35294118,0.35714286,0.23529412,0.41596639,0.23529412,0.29831933,0.23529412,0.35714286,0.35714286,0.35714286,0.30252101,0.29831933,0.23529412,0.29411765,0.35294118,0.42016807,0.36134454,0.29411765,0.36134454,0.48319328,0.29831933,0.35294118,0.29831933,0.35294118,0.42436975,0.23529412,0.41176471,0.35714286,0.23529412,0.30252101,0.41596639,0.35714286,0.35714286,0.23529412,0.29831933,0.23949580,0.35294118,0.29831933,0.29411765,0.35714286,0.47478992,0.23949580,0.35294118,0.23529412,0.41596639,0.41596639,0.35714286,0.42436975,0.23529412,0.53361345,0.41596639,0.23529412
1459.758389,0.29411765,0.29831933,0.35714286,0.35294118,0.53361345,0.41596639,0.47478992,0.35714286,0.35294118,0.42436975,0.29411765,0.35294118,0.35294118,0.29831933,0.36134454,0.42016807,0.23529412,0.30252101,0.35714286,0.35294118,0.35714286,0.35294118,0.18067227,0.41176471,0.41596639,0.23529412,0.47478992,0.17647059,0.47058824,0.47899160,0.29411765,0.41176471,0.41596639,0.42016807,0.35714286,0.29831933,0.29831933,0.29411765,0.23949580,0.23529412,0.29831933,0.35714286,0.36554622,0.47478992,0.29831933,0.48319328,0.35714286,0.35294118,0.29411765,0.35714286,0.24369748,0.29411765,0.35294118,0.35714286,0.29831933,0.35714286,0.47058824,0.30252101,0.47478992,0.42436975,0.41596639,0.29831933,0.29411765,0.23949580,0.42436975,0.41176471,0.41176471,0.35294118,0.29411765,0.42016807,0.29411765,0.42436975,0.29411765,0.29831933,0.35294118,0.17647059,0.29831933,0.23529412,0.47058824,0.41596639,0.29831933,0.35714286,0.29831933,0.35714286,0.24369748,0.29411765,0.29411765,0.23529412,0.29831933,0.29831933,0.35294118,0.35714286,0.35294118,0.41596639,0.29411765,0.52941176,0.41176471,0.36134454,0.35714286,0.42016807,0.36134454,0.29831933,0.29831933,0.29831933,0.47899160,0.47478992,0.47478992,0.35714286,0.29411765,0.53361345,0.41596639,0.35294118,0.41596639,0.47478992,0.23529412,0.23949580,0.47058824,0.35294118,0.41176471,0.29411765,0.41176471,0.29411765,0.35714286,0.41176471,0.48319328,0.29831933,0.41596639,0.17647059,0.42857143,0.18067227,0.29831933,0.30252101,0.30252101,0.47058824,0.29831933,0.36134454,0.24369748,0.29831933,0.23529412,0.42016807,0.23529412,0.36554622,0.35714286,0.35714286,0.29411765,0.35294118,0.36134454,0.48319328,0.35294118,0.35714286,0.23529412,0.35714286,0.23529412,0.29831933,0.23529412,0.35714286,0.35714286,0.35714286,0.30252101,0.29411765,0.17647059,0.29411765,0.35294118,0.42016807,0.30252101,0.29411765,0.36134454,0.42436975,0.29831933,0.35294118,0.29831933,0.35294118,0.42436975,0.23529412,0.41176471,0.35294118,0.23529412,0.30252101,0.41596639,0.35714286,0.35714286,0.23529412,0.29831933,0.23949580,0.35294118,0.29831933,0.29411765,0.35714286,0.41596639,0.23949580,0.29411765,0.23529412,0.41596639,0.41596639,0.35714286,0.42436975,0.23529412,0.47478992,0.41596639,0.23529412
1469.818792,0.29411765,0.29831933,0.35714286,0.29411765,0.47899160,0.41596639,0.41596639,0.35714286,0.35294118,0.42436975,0.29411765,0.35294118,0.35294118,0.29831933,0.35714286,0.42016807,0.23529412,0.30252101,0.35714286,0.35294118,0.29831933,0.35294118,0.18067227,0.35714286,0.41596639,0.23529412,0.47478992,0.17647059,0.47058824,0.47899160,0.29411765,0.41176471,0.41596639,0.42016807,0.35714286,0.29831933,0.29831933,0.29411765,0.23949580,0.23529412,0.29831933,0.35714286,0.36554622,0.47478992,0.29831933,0.47899160,0.30672269,0.35294118,0.29411765,0.35714286,0.24369748,0.29411765,0.35294118,0.35714286,0.29831933,0.35714286,0.42016807,0.30252101,0.47478992,0.42436975,0.35714286,0.29831933,0.29411765,0.23949580,0.42436975,0.41176471,0.35294118,0.35294118,0.29411765,0.36554622,0.29411765,0.36134454,0.29411765,0.29831933,0.29411765,0.11764706,0.29831933,0.23529412,0.47058824,0.41596639,0.29831933,0.35714286,0.29831933,0.35714286,0.24369748,0.29411765,0.29411765,0.23529412,0.29831933,0.29831933,0.35294118,0.35714286,0.35294118,0.41596639,0.29411765,0.47899160,0.41176471,0.36134454,0.35714286,0.42016807,0.36134454,0.29831933,0.29831933,0.29831933,0.47899160,0.47478992,0.42436975,0.35714286,0.29411765,0.53361345,0.41176471,0.35294118,0.35714286,0.47478992,0.17647059,0.23949580,0.43277311,0.35294118,0.41176471,0.29411765,0.41176471,0.29411765,0.35714286,0.41176471,0.42857143,0.29831933,0.41596639,0.17647059,0.42857143,0.18067227,0.29831933,0.30252101,0.30252101,0.47058824,0.29831933,0.36134454,0.24369748,0.29831933,0.23529412,0.36134454,0.23529412,0.30672269,0.35714286,0.29831933,0.29411765,0.29411765,0.36134454,0.48319328,0.35294118,0.35714286,0.23529412,0.35714286,0.23529412,0.29831933,0.23529412,0.35714286,0.35714286,0.35714286,0.30252101,0.29411765,0.17647059,0.29411765,0.29831933,0.42016807,0.30252101,0.29411765,0.36134454,0.42436975,0.29831933,0.35294118,0.29831933,0.29411765,0.42436975,0.23529412,0.35714286,0.35294118,0.23529412,0.30252101,0.41596639,0.35714286,0.35714286,0.23529412,0.29831933,0.23949580,0.35294118,0.29831933,0.29411765,0.35714286,0.35714286,0.23949580,0.29411765,0.23529412,0.41596639,0.41596639,0.30252101,0.36974790,0.23529412,0.47478992,0.41596639,0.23529412
1479.879195,0.23529412,0.29831933,0.35714286,0.29411765,0.47899160,0.41596639,0.41596639,0.35714286,0.35294118,0.42436975,0.29411765,0.35294118,0.35294118,0.29831933,0.35714286,0.42016807,0.23529412,0.30252101,0.35714286,0.35294118,0.29831933,0.29411765,0.18067227,0.29411765,0.41596639,0.23529412,0.41596639,0.17647059,0.42436975,0.47899160,0.29411765,0.41176471,0.41596639,0.42016807,0.35714286,0.29831933,0.29831933,0.29411765,0.23949580,0.23529412,0.29831933,0.35714286,0.36554622,0.47478992,0.29831933,0.47478992,0.30672269,0.35294118,0.29411765,0.35714286,0.23949580,0.29411765,0.29411765,0.35714286,0.29831933,0.35714286,0.42016807,0.30252101,0.47478992,0.42436975,0.35714286,0.29831933,0.29411765,0.23949580,0.42016807,0.41176471,0.35294118,0.35294118,0.29411765,0.36554622,0.29411765,0.35714286,0.29411765,0.29831933,0.29411765,0.11764706,0.29831933,0.23529412,0.47058824,0.41596639,0.29831933,0.35714286,0.29411765,0.35714286,0.24369748,0.29411765,0.29411765,0.23529412,0.29831933,0.29831933,0.29831933,0.35714286,0.35294118,0.35714286,0.29411765,0.47058824,0.41176471,0.36134454,0.35714286,0.42016807,0.35714286,0.29831933,0.29831933,0.29411765,0.47899160,0.47478992,0.42436975,0.35714286,0.23529412,0.53361345,0.35714286,0.35294118,0.35714286,0.47478992,0.17647059,0.23949580,0.43277311,0.35294118,0.41176471,0.29411765,0.41176471,0.23529412,0.35714286,0.41176471,0.42857143,0.29831933,0.41596639,0.17647059,0.42857143,0.18067227,0.29831933,0.30252101,0.30252101,0.47058824,0.29831933,0.36134454,0.24369748,0.29831933,0.23529412,0.36134454,0.23529412,0.30672269,0.35714286,0.29831933,0.29411765,0.29411765,0.35714286,0.48319328,0.35294118,0.35714286,0.23529412,0.35714286,0.23529412,0.29831933,0.23529412,0.35714286,0.35714286,0.35714286,0.30252101,0.29411765,0.17647059,0.29411765,0.29411765,0.36134454,0.30252101,0.29411765,0.30252101,0.42436975,0.29831933,0.35294118,0.29831933,0.29411765,0.42016807,0.23529412,0.35714286,0.29831933,0.23529412,0.29411765,0.41596639,0.35714286,0.35714286,0.23529412,0.29831933,0.23949580,0.29411765,0.29831933,0.29411765,0.35714286,0.35714286,0.23949580,0.29411765,0.23529412,0.41596639,0.41596639,0.29831933,0.36554622,0.23529412,0.47478992,0.35714286,0.23529412
1489.939597,0.17647059,0.29831933,0.35714286,0.29411765,0.42016807,0.35714286,0.41596639,0.35714286,0.35294118,0.42436975,0.29411765,0.35294118,0.35294118,0.29831933,0.35294118,0.42016807,0.23529412,0.30252101,0.35714286,0.35294118,0.29831933,0.29411765,0.18067227,0.29411765,0.41596639,0.23529412,0.41596639,0.17647059,0.30252101,0.47899160,0.29411765,0.35294118,0.41596639,0.42016807,0.35714286,0.29831933,0.23949580,0.29411765,0.23949580,0.23529412,0.29831933,0.29831933,0.36554622,0.43277311,0.29831933,0.47478992,0.29831933,0.35294118,0.29411765,0.35714286,0.23949580,0.29411765,0.29411765,0.35714286,0.29831933,0.35714286,0.41176471,0.29411765,0.47478992,0.42436975,0.35714286,0.29831933,0.29411765,0.23949580,0.42016807,0.41176471,0.35294118,0.35294118,0.29411765,0.30672269,0.29411765,0.35714286,0.29411765,0.29831933,0.29411765,0.11764706,0.29831933,0.23529412,0.47058824,0.41596639,0.29831933,0.35714286,0.29411765,0.35714286,0.24369748,0.29411765,0.24369748,0.23529412,0.29831933,0.29831933,0.29831933,0.35714286,0.35294118,0.35714286,0.29411765,0.47058824,0.41176471,0.36134454,0.35714286,0.42016807,0.35714286,0.29831933,0.29831933,0.29411765,0.47899160,0.42436975,0.42436975,0.35714286,0.23529412,0.53361345,0.35294118,0.35294118,0.29831933,0.42436975,0.17647059,0.23949580,0.43277311,0.35294118,0.41176471,0.29411765,0.36134454,0.23529412,0.35714286,0.41176471,0.42857143,0.29831933,0.41596639,0.17647059,0.42857143,0.18067227,0.29831933,0.30252101,0.30252101,0.47058824,0.29831933,0.30252101,0.24369748,0.29831933,0.23529412,0.30252101,0.23529412,0.30672269,0.35714286,0.29831933,0.29411765,0.29411765,0.29831933,0.47058824,0.35294118,0.35714286,0.23529412,0.35714286,0.23529412,0.29831933,0.23529412,0.29831933,0.35714286,0.35714286,0.30252101,0.29411765,0.17647059,0.29411765,0.29411765,0.36134454,0.30252101,0.23529412,0.30252101,0.42436975,0.29831933,0.35294118,0.29831933,0.29411765,0.42016807,0.23529412,0.35714286,0.23949580,0.23529412,0.29411765,0.41596639,0.35714286,0.29831933,0.23529412,0.29831933,0.23949580,0.29411765,0.23949580,0.29411765,0.35714286,0.35714286,0.23949580,0.29411765,0.23529412,0.41596639,0.41596639,0.29831933,0.30672269,0.23529412,0.47478992,0.35714286,0.23529412
1500.000000,0.17647059,0.29831933,0.35714286,0.29411765,0.42016807,0.29831933,0.41596639,0.35714286,0.30252101,0.42436975,0.23529412,0.35294118,0.29831933,0.29831933,0.35294118,0.42016807,0.23529412,0.30252101,0.29831933,0.35294118,0.29831933,0.29411765,0.18067227,0.29411765,0.41596639,0.23529412,0.41176471,0.17647059,0.30252101,0.42016807,0.29411765,0.35294118,0.36554622,0.42016807,0.30252101,0.29831933,0.23949580,0.29411765,0.23949580,0.23529412,0.29831933,0.29831933,0.36554622,0.43277311,0.29831933,0.47478992,0.23949580,0.35294118,0.29411765,0.35714286,0.18067227,0.29411765,0.29411765,0.29831933,0.29831933,0.35714286,0.36134454,0.29411765,0.41596639,0.42016807,0.35714286,0.29831933,0.23529412,0.23949580,0.42016807,0.35294118,0.35294118,0.29411765,0.29411765,0.24789916,0.29411765,0.35714286,0.29411765,0.29831933,0.29411765,0.11764706,0.29831933,0.23529412,0.47058824,0.41596639,0.29831933,0.35714286,0.29411765,0.35714286,0.24369748,0.29411765,0.24369748,0.23529412,0.29831933,0.29831933,0.29831933,0.35714286,0.35294118,0.35714286,0.23529412,0.47058824,0.41176471,0.36134454,0.35714286,0.42016807,0.35714286,0.29831933,0.29831933,0.29411765,0.42436975,0.42436975,0.42016807,0.35294118,0.23529412,0.53361345,0.35294118,0.35294118,0.29831933,0.36134454,0.17647059,0.23949580,0.35294118,0.35294118,0.35294118,0.29411765,0.36134454,0.23529412,0.35714286,0.41176471,0.42016807,0.23949580,0.41596639,0.17647059,0.42016807,0.18067227,0.29831933,0.30252101,0.30252101,0.47058824,0.23949580,0.30252101,0.24369748,0.29831933,0.23529412,0.30252101,0.23529412,0.30672269,0.35714286,0.29831933,0.29411765,0.29411765,0.29831933,0.47058824,0.35294118,0.35714286,0.23529412,0.35714286,0.23529412,0.29831933,0.23529412,0.29831933,0.35714286,0.35714286,0.30252101,0.29411765,0.17647059,0.29411765,0.29411765,0.36134454,0.30252101,0.23529412,0.30252101,0.36554622,0.29831933,0.35294118,0.29831933,0.29411765,0.42016807,0.23529412,0.35714286,0.23529412,0.23529412,0.29411765,0.41596639,0.35714286,0.29831933,0.23529412,0.29831933,0.23949580,0.23529412,0.23949580,0.29411765,0.35714286,0.35714286,0.23949580,0.29411765,0.23529412,0.35714286,0.41596639,0.29831933,0.30672269,0.23529412,0.47478992,0.35714286,0.23529412
